Titre de l’action d’adaptation,Exemple,Aléa climatique visé,Catégorie ressources,Catégorie entreprise,Prix,Prix crédit,Crédit normalisé,Temps,Score,Véhicules,Machines
Concevoir les trames vertes et bleues comme infrastructures de rafraîchissement,"Création d’un maillage continu entre une cour plantée, une allée ombragée et un bassin paysager. Les salariés peuvent circuler à l’ombre entre les bâtiments et les eaux de pluie alimentent les plantations en période chaude.",Vague de chaleur/ Chaleur extrême/ Modif T° air/ Fortes pluies/ Inondation pluie/ Tempêtes/ Stress Hydrique/ Inondation fluviale,Solutions fondées sur la nature,CAPEX majoritaire > long terme,250 000 €,10,3,Long terme,6,Non,Non
Désimperméabiliser et renaturer les sols,"Remplacement d’une zone bitumée peu utilisée par des pavés drainants, des fosses d’arbres et une prairie rustique. Lors des pluies intenses, l’eau s’infiltre sur place au lieu de ruisseler vers les accès.",Fortes pluies/ Inondation pluie/ Inondation fluviale/ Inondation nappe/ Vague de chaleur/ Chaleur extrême/ Stress Hydrique,Solutions fondées sur la nature,CAPEX majoritaire > long terme,250 000 €,10,3,Long terme,6,Non,Non
Gérer durablement les eaux pluviales,"Mise en place de noues paysagères, de grilles avaloirs sécurisées et d’une cuve de récupération raccordée aux descentes de toiture. Les eaux de pluie sont ralenties, stockées puis réutilisées pour l’arrosage des espaces verts.",Fortes pluies/ Inondation pluie/ Inondation fluviale/ Inondation nappe/ Stress Hydrique/ Vague de chaleur/ Chaleur extrême,Technique,CAPEX majoritaire > long terme,250 000 €,10,3,Long terme,6,Non,Non
Préserver et restaurer les continuités écologiques,"Maintien d’une haie ancienne, création d’une bande herbacée non fauchée et ouverture d’un passage végétalisé entre deux parcelles. Les insectes, oiseaux et petits mammifères peuvent traverser le site malgré les clôtures.",Vague de chaleur/ Chaleur extrême/ Stress Hydrique/ Fortes pluies/ Inondation pluie/ Inondation fluviale/ Modif T° air,Solutions fondées sur la nature,CAPEX majoritaire > long terme,250 000 €,10,3,Long terme,6,Non,Non
Libre évolution des friches en espaces boisés,"Arrêt de la tonte régulière sur une friche en limite de parcelle et suivi annuel de la repousse naturelle. Les ronces, jeunes arbres et herbes hautes forment progressivement un îlot boisé qui rafraîchit les abords.",Vague de chaleur/ Chaleur extrême/ Fortes pluies/ Inondation pluie/ Stress Hydrique/ Modif T° air,Solutions fondées sur la nature,CAPEX majoritaire > long terme,250 000 €,10,3,Long terme,6,Non,Non
Conservation des habitats existants pour la biodiversité,"Conservation d’une mare existante, d’un alignement de vieux arbres et d’un talus refuge pendant un projet d’aménagement. Les zones de nidification et d’abri restent fonctionnelles tout au long des travaux.",Vague de chaleur/ Chaleur extrême/ Stress Hydrique/ Tempêtes,Solutions fondées sur la nature,OPEX majoritaire > main d’œuvre,250 000 €,10,3,Moyen terme,6,Non,Non
Application de la séquence ERC,"Modification du plan d’un projet pour éviter une zone humide, réduction de l’emprise des travaux et restauration d’une prairie équivalente à proximité. Les impacts non évitables sont compensés par une action écologique suivie dans le temps.",Tous aléas climatiques,Organisationnelles,Section par défaut,50 000 €,2,2,Long terme,8,Non,Non
Diversification des espèces plantées,"Association de chênes, érables champêtres, fruitiers rustiques, arbustes mellifères et couvre-sols adaptés au sol local. Si une espèce souffre de la sécheresse ou d’un parasite, les autres maintiennent l’ombrage et la biodiversité.",Modif T° air/ Vague de chaleur/ Chaleur extrême/ Stress Hydrique/ Vague de gel/ RGA,Solutions fondées sur la nature,CAPEX majoritaire > long terme,250 000 €,10,3,Long terme,6,Non,Non
Préservation des connectivités écologiques,Déplacement d’une clôture pour laisser un couloir végétalisé entre deux haies et pose de passages bas pour la petite faune. Les continuités écologiques sont maintenues même après la construction du site.,Fortes pluies/ Inondation pluie/ Modif T° air/ Stress Hydrique/ Vague de chaleur/ Tempêtes,Solutions fondées sur la nature,CAPEX majoritaire > long terme,250 000 €,10,3,Long terme,6,Non,Non
Diagnostic écologique quatre saisons,"Réalisation de quatre passages terrain au printemps, en été, en automne et en hiver pour recenser flore, oiseaux, amphibiens et chauves-souris. Le calendrier de travaux est ensuite ajusté pour éviter les périodes de reproduction.",Tous aléas climatiques,Solutions fondées sur la nature,CAPEX majoritaire > court terme,80 000 €,3,2,Court terme,4,Non,Non
Mobilisation précoce d’un écologue,"Intégration d’un écologue dès l’esquisse afin de repérer les arbres à conserver, les habitats sensibles et les périodes de travaux à éviter. Les choix techniques sont corrigés avant que le projet ne soit figé.",Fortes pluies/ Inondation pluie/ Modif T° air/ Stress Hydrique/ Vague de chaleur/ Tempêtes,Organisationnelles,OPEX majoritaire > main d’œuvre,15 000 €,1,"0,5",Court terme,6,Non,Non
Mobilisation d’un paysagiste,"Intervention d’un paysagiste pour placer les zones d’ombre, choisir les strates végétales et organiser les cheminements extérieurs. Les espaces deviennent à la fois plus frais, plus lisibles et plus agréables à utiliser.",Modif T° air/ Vague de chaleur/ Chaleur extrême/ Stress Hydrique/ Tempêtes,Humaines,OPEX majoritaire > main d’œuvre,15 000 €,1,"0,5",Court terme,0,Non,Non
Création et diversification d’espaces naturels,"Création d’une mare peu profonde, d’une prairie fleurie, d’un bosquet et d’une haie fruitière sur des espaces libres. Chaque milieu accueille des espèces différentes et renforce la résilience écologique du site.",Vague de chaleur/ Chaleur extrême/ Fortes pluies/ Inondation pluie/ Stress Hydrique,Solutions fondées sur la nature,CAPEX majoritaire > long terme,250 000 €,10,3,Long terme,6,Non,Non
Choix d’essences locales et diversifiées,"Plantation d’essences locales comme charme, aubépine, érable champêtre et cornouiller sanguin, mélangées plutôt qu’alignées en monoculture. Les végétaux résistent mieux aux sécheresses, maladies et épisodes de vent.",Modif T° air/ Vague de chaleur/ Chaleur extrême/ Stress Hydrique/ Vague de gel,Solutions fondées sur la nature,CAPEX majoritaire > long terme,250 000 €,10,3,Long terme,6,Non,Non
Adapter la végétation et les espaces verts,"Remplacement progressif de massifs gourmands en eau par des arbustes résistants à la sécheresse, du paillage et des zones d’ombre. L’entretien diminue tout en améliorant le confort thermique des abords.",Vague de chaleur/ Chaleur extrême/ Modif T° air/ Vague de gel/ RGA/ Stress Hydrique/ Tempêtes/ Inondation fluviale/ Inondation pluie/ Inondation nappe,Solutions fondées sur la nature,CAPEX majoritaire > long terme,250 000 €,10,3,Long terme,6,Non,Non
Création de passages pour la faune,"Pose d’un passage à hérissons sous une clôture, d’une rampe de sortie dans un bassin et d’un petit pont végétalisé au-dessus d’un fossé. Les animaux circulent sans être bloqués par les aménagements.",Modif T° air/ Fortes pluies/ Inondation pluie,Solutions fondées sur la nature,CAPEX majoritaire > long terme,250 000 €,10,3,Long terme,6,Non,Non
Développer des toitures végétalisées,"Installation d’une toiture végétalisée extensive avec substrat léger, sédums et dispositif de rétention d’eau. Le toit retient une partie des pluies d’orage et limite la surchauffe du dernier niveau.",Vague de chaleur/ Chaleur extrême/ Fortes pluies/ Inondation pluie,Solutions fondées sur la nature,CAPEX majoritaire > long terme,250 000 €,10,3,Long terme,6,Non,Non
Organiser une plantation citoyenne d’arbres et d’arbustes locaux,"Organisation d’une matinée de plantation avec riverains et salariés pour installer des arbustes locaux, pailler les pieds et expliquer l’entretien. Les participants s’approprient les nouveaux espaces et limitent les dégradations.",Vague de chaleur/ Chaleur extrême/ Modif T° air/ Tempêtes/ Stress Hydrique/ Fortes pluies/ Inondation pluie,Solutions fondées sur la nature,CAPEX majoritaire > long terme,250 000 €,10,3,Long terme,3,Non,Non
Orienter le bâtiment et les espaces,Positionnement des façades les plus vitrées au nord et création de circulations extérieures ombragées côté sud-ouest. Le bâtiment reçoit moins de soleil direct aux heures les plus chaudes et reste plus confortable.,Tempêtes/ Vague de chaleur/ Chaleur extrême/ Modif T° air/ RGA/ Stress Hydrique/ Inondation fluviale/ Inondation pluie/ Inondation nappe,Solutions fondées sur la nature,CAPEX majoritaire > long terme,250 000 €,10,3,Long terme,0,Non,Non
Végétaliser la façade,"Pose de câbles supports sur une façade exposée avec plantes grimpantes caduques comme vigne vierge ou houblon. En été, les feuilles protègent le mur du soleil, puis laissent passer la lumière en hiver.",Vague de chaleur/ Chaleur extrême/ Modif T° air/ Stress Hydrique/ Inondation fluviale/ Inondation pluie/ Inondation nappe/ Fortes pluies,Solutions fondées sur la nature,CAPEX majoritaire > long terme,250 000 €,10,3,Long terme,6,Non,Non
Jardins de pluie et parcelles éponges,Création de jardins de pluie au pied des descentes d’eaux pluviales avec plantes tolérant alternance d’humidité et sécheresse. Les flaques disparaissent plus vite après les orages et les plantations restent alimentées naturellement.,Fortes pluies/ Inondation pluie/ Inondation fluviale/ Inondation nappe/ Stress Hydrique,Technique,CAPEX majoritaire > long terme,250 000 €,10,3,Long terme,0,Non,Non
Noues à biefs indépendants en pente,Aménagement de noues compartimentées par petits seuils sur une voie en pente. L’eau est retenue par paliers successifs au lieu de descendre d’un seul coup vers le point bas.,Fortes pluies/ Inondation pluie/ Inondation fluviale,Technique,CAPEX majoritaire > long terme,250 000 €,10,3,Long terme,6,Non,Non
Conservation des eaux en surface,"Transformation d’un fossé bétonné en dépression végétalisée à ciel ouvert, sans évacuation immédiate vers le réseau. L’eau reste visible, ralentit et s’infiltre progressivement après la pluie.",Fortes pluies/ Inondation pluie/ Inondation fluviale/ Stress Hydrique,Technique,CAPEX majoritaire > long terme,250 000 €,10,3,Long terme,0,Non,Non
Restaurer le fonctionnement naturel des cours d’eau,"Retrait d’un enrochement trop rigide, reméandrage léger du lit et restauration d’une ripisylve avec saules et aulnes. Le cours d’eau retrouve de l’espace pour déborder sans aggraver les dégâts en aval.",Fortes pluies/ Inondation fluviale/ Inondation pluie/ Inondation nappe/ Stress Hydrique/ Tempêtes/ Submersion marine/ Vague de chaleur/ Chaleur extrême,Solutions fondées sur la nature,CAPEX majoritaire > long terme,250 000 €,10,3,Long terme,6,Non,Non
Réduire les consommations d’eau,"Installation de mousseurs, suivi mensuel des compteurs et arrosage uniquement au goutte-à-goutte tôt le matin. Les consommations diminuent sans dégrader l’usage quotidien du bâtiment ni la santé des plantations.",Stress Hydrique,Technique,CAPEX majoritaire > long terme,250 000 €,10,3,Long terme,0,Non,Non
Phasage du chantier selon les rythmes biologiques,Planification des terrassements hors période de nidification et suspension des interventions près d’une mare pendant la reproduction des amphibiens. Le chantier avance sans détruire les espèces présentes aux périodes sensibles.,Modif T° air/ Fortes pluies/ Vague de chaleur/ Tempêtes,Solutions fondées sur la nature,CAPEX majoritaire > court terme,80 000 €,3,2,Court terme,0,Non,Non
Désimperméabiliser des berges,Retrait d’un revêtement imperméable en bord de rivière et remplacement par une berge en pente douce végétalisée. Les crues peuvent s’étaler localement et l’eau s’infiltre davantage dans le sol.,Modif T° air/ Vague de chaleur/ Fortes pluies/ Inondation pluie/ Inondation fluviale/ Inondation nappe,Solutions fondées sur la nature,CAPEX majoritaire > long terme,250 000 €,10,3,Long terme,6,Non,Non
Protection de la végétation et des arbres remarquables,"Mise en place de barrières autour des arbres conservés, interdiction de stockage au pied des troncs et suivi des racines pendant les travaux. Les sujets remarquables ne sont pas affaiblis par le chantier.",Tempêtes/ Vague de chaleur/ Stress Hydrique/ Modif T° air,Technique,OPEX majoritaire > main d’œuvre,250 000 €,10,3,Moyen terme,6,Non,Non
Protection des sols pendant le chantier,"Création de pistes temporaires, pose de plaques de roulage et balisage des zones interdites aux engins. Les sols vivants ne sont pas compactés partout et retrouvent plus facilement leur capacité d’infiltration.",Fortes pluies/ Inondation pluie/ Inondation fluviale/ Stress Hydrique,Technique,OPEX majoritaire > main d’œuvre,50 000 €,2,2,Long terme,6,Non,Non
Améliorer la ventilation et le rafraîchissement passif,"Ajout d’ouvrants traversants, de protections solaires extérieures et d’une ventilation nocturne automatisée. La chaleur accumulée s’évacue la nuit et le recours à la climatisation diminue.",Stress Hydrique/ Fortes pluies/ Modif T° air/ Submersion marine/ Tempêtes/ Inondation fluviale,Solutions fondées sur la nature,CAPEX majoritaire > long terme,250 000 €,10,3,Long terme,6,Non,Non
Conservation de la terre végétale excédentaire,"Décapage de la terre végétale avant terrassement, stockage en merlons bas enherbés puis réutilisation dans les futures zones plantées. Le sol fertile n’est pas évacué inutilement et les plantations reprennent mieux.",Stress Hydrique/ Fortes pluies/ Inondation pluie,Solutions fondées sur la nature,OPEX majoritaire > main d’œuvre,80 000 €,3,2,Moyen terme,6,Non,Non
Analyser l’exposition climatique de la chaîne d’approvisionnement,"Cartographie des fournisseurs situés en zones exposées aux inondations, sécheresses ou vagues de chaleur. Les achats critiques sont sécurisés par des fournisseurs alternatifs ou des stocks tampons ciblés.",Modif T° air/ Stress Hydrique/ Vague de chaleur/ Fortes pluies/ Inondation fluviale/ Inondation nappe/ Inondation pluie/ RGA/ Chaleur extrême/ Tempêtes/ Vague de gel,Solutions fondées sur la nature,OPEX majoritaire > main d’œuvre,80 000 €,3,2,Long terme,5,Non,Non
Développer la gestion naturaliste des espaces végétalisés,"Mise en place d’une fauche tardive, maintien de bois mort sécurisé et limitation de l’arrosage aux jeunes plantations. Les espaces verts deviennent des milieux vivants plutôt que des pelouses uniformes.",Vague de chaleur/ Chaleur extrême/ Modif T° air / Stress Hydrique,Solutions fondées sur la nature,OPEX majoritaire > main d’œuvre,80 000 €,3,2,Long terme,6,Non,Non
Libre évolution et taille raisonnée,"Suppression des tailles systématiques en boule et conservation de zones laissées en croissance libre. Les arbustes fleurissent davantage, protègent mieux les sols et offrent des refuges à la faune.",Vague de chaleur/ Chaleur extrême/ Stress Hydrique/ Modif T° air,Solutions fondées sur la nature,OPEX majoritaire > main d’œuvre,80 000 €,3,2,Moyen terme,0,Non,Non
Réduction des intrants d’entretien,"Remplacement des herbicides par du paillage, du désherbage mécanique ciblé et des plantes couvre-sol. Les sols et l’eau sont moins pollués, et l’entretien devient moins dépendant de produits chimiques.",Stress Hydrique/ Modif T° air/ Vague de chaleur,Organisationnelles,OPEX majoritaire > main d’œuvre,15 000 €,1,"0,5",Moyen terme,1,Non,Non
Renaturation par régénération spontanée,"Arrêt des plantations intensives sur une zone pauvre et suivi de la recolonisation par graminées, arbustes pionniers et jeunes arbres. Le milieu se reconstitue avec des espèces adaptées aux contraintes locales.",Vague de chaleur/ Chaleur extrême/ Stress Hydrique/ Fortes pluies/ Inondation pluie,Solutions fondées sur la nature,CAPEX majoritaire > long terme,250 000 €,10,3,Long terme,6,Non,Non
Phytomanagement des sites dégradés,"Plantation de saules, peupliers ou graminées capables de stabiliser des polluants dans un sol dégradé. Le site est sécurisé progressivement tout en préparant une reconversion paysagère ou écologique.",Stress Hydrique/ Fortes pluies/ Inondation pluie/ Modif T° air,Solutions fondées sur la nature,CAPEX majoritaire > long terme,250 000 €,10,3,Long terme,6,Non,Non
Génie pédologique,"Reconstitution d’un sol fertile par apport de compost mûr, structuration en horizons et ensemencement d’un couvert végétal. Une zone compactée retrouve une capacité d’infiltration et peut accueillir des plantations durables.",Stress Hydrique/ Fortes pluies/ Inondation pluie/ Inondation nappe,Solutions fondées sur la nature,CAPEX majoritaire > long terme,250 000 €,10,3,Long terme,6,Non,Non
Dépollution par phytotechnologies,"Implantation de plantes accumulatrices sur une ancienne zone de stockage polluée, avec fauches exportées et suivi des concentrations. Les polluants diminuent progressivement sans excavation massive du sol.",Stress Hydrique/ Fortes pluies/ Inondation pluie,Solutions fondées sur la nature,CAPEX majoritaire > long terme,250 000 €,10,3,Long terme,6,Non,Non
Diagnostic local des impacts climatiques,"Analyse des cartes d’inondation, îlots de chaleur, vents dominants et sécheresse à l’échelle du quartier. Le plan d’action cible les risques réellement présents autour du site.",Tous aléas climatiques,Organisationnelles,OPEX majoritaire > main d’œuvre,30 000 €,1,1,Moyen terme,4,Non,Non
Évaluation initiale des écosystèmes,"Inventaire initial des habitats, espèces, sols, zones humides et arbres structurants avant tout choix d’aménagement. L’état de référence permet de mesurer ensuite les gains ou pertes écologiques.",Fortes pluies/ Inondation pluie/ Modif T° air/ Stress Hydrique/ Vague de chaleur/ Tempêtes/ Chaleur extrême/ RGA/ Inondation fluviale/ Inondation nappe,Organisationnelles,OPEX majoritaire > main d’œuvre,50 000 €,2,2,Moyen terme,4,Non,Non
Dimensionner les équipements pour les pics climatiques futurs,"Choix de pompes, groupes froids, drains ou protections électriques capables de fonctionner lors d’épisodes de chaleur ou pluie plus intenses. Les installations ne sont pas dimensionnées uniquement sur le climat passé.",Tous aléas climatiques,Technique,CAPEX majoritaire > long terme,250 000 €,10,3,Long terme,2,Non,Oui
Structurer la stratégie d’adaptation climatique,"Définition d’objectifs, d’un budget, d’un calendrier et d’indicateurs pour traiter les risques chaleur, eau et inondation. L’adaptation devient un pilotage d’entreprise plutôt qu’une suite d’actions isolées.",Tous aléas climatiques,Technique,CAPEX majoritaire > court terme,50 000 €,2,2,Court terme,1,Non,Non
Sensibiliser et former aux risques climatiques,"Organisation d’ateliers pour expliquer les consignes en cas de canicule, d’inondation ou de coupure électrique. Les équipes savent qui prévenir, quelles zones éviter et quelles opérations mettre en sécurité.",Tous aléas climatiques,Humaines,Capital humain,250 000 €,10,3,Long terme,10,Non,Non
Utiliser un outil d’aide au choix des essences arborées,"Utilisation d’une base de données climatique et botanique pour sélectionner des arbres compatibles avec le sol, l’exposition et les sécheresses futures. Les essences choisies ont plus de chances de survivre sans arrosage excessif.",Modif T° air/ Vague de chaleur/ Chaleur extrême/ Stress Hydrique/ Vague de gel,Technique,OPEX majoritaire > main d’œuvre,50 000 €,2,2,Long terme,7,Non,Non
Lancer la dynamique d’adaptation et gouverner le diagnostic,"Création d’un comité interne réunissant exploitation, immobilier, achats et direction pour cadrer le diagnostic climatique. Les responsabilités, données disponibles et sites prioritaires sont clarifiés dès le départ.",Tous aléas climatiques,Organisationnelles,Capital humain,30 000 €,1,1,Moyen terme,4,Non,Non
Analyser l’historique des aléas et sinistres déjà subis,"Analyse des déclarations d’assurance, interruptions d’activité, photos de dégâts et retours des équipes après orages, crues ou canicules passés. Les vulnérabilités déjà observées servent de base aux priorités d’action.",Tous aléas climatiques,Organisationnelles,Capital humain,30 000 €,1,1,Moyen terme,4,Non,Non
Analyser les facteurs de prédisposition du site,"Repérage des points bas, locaux techniques en sous-sol, surfaces vitrées exposées et accès uniques du site. Ces caractéristiques expliquent pourquoi un même aléa peut provoquer plus de dégâts ici qu’ailleurs.",Inondation nappe/ Inondation pluie/ RGA/ Chaleur extrême/ Tempêtes,Technique,CAPEX majoritaire > long terme,250 000 €,10,3,Long terme,4,Non,Non
Évaluer régulièrement la vulnérabilité des équipements,"Contrôle annuel des groupes froids, armoires électriques, pompes de relevage et protections anti-inondation avant les saisons à risque. Les équipements critiques restent adaptés aux conditions climatiques qui évoluent.",Tous aléas climatiques,Technique,CAPEX majoritaire > long terme,250 000 €,10,3,Long terme,4,Non,Oui
Quantifier les coûts financiers des impacts climatiques,"Estimation des pertes de chiffre d’affaires, réparations, pénalités et surcoûts de personnel liés à une fermeture pour inondation ou chaleur extrême. Les risques climatiques sont traduits en euros pour arbitrer les investissements.",Tous aléas climatiques,Financières,OPEX majoritaire > main d’œuvre,15 000 €,1,"0,5",Moyen terme,0,Non,Non
Renforcer la continuité d’activité en situation de crise,"Préparation de scénarios de repli, fournisseurs alternatifs, procédures de télétravail et priorisation des activités essentielles. L’entreprise peut maintenir un service minimal même si un site est temporairement indisponible.",Tous aléas climatiques,Organisationnelles,CAPEX majoritaire > long terme,250 000 €,10,3,Long terme,2,Non,Non
Prévenir la mal-adaptation dans le choix des solutions,"Vérification qu’une solution ne déplace pas le problème, par exemple éviter une climatisation rejetant trop de chaleur en rue sans protection solaire. Les choix retenus réduisent le risque sans en créer un nouveau.",Tous aléas climatiques,Organisationnelles,Capital humain,30 000 €,1,1,Moyen terme,8,Non,Non
Choisir l’outil d’adaptation selon le niveau de maturité,"Sélection d’un tableur simple, d’un diagnostic expert ou d’un outil cartographique selon les données disponibles et l’avancement de l’entreprise. L’outil choisi correspond réellement à la capacité d’action interne.",Tous aléas climatiques,Organisationnelles,Capital humain,50 000 €,2,2,Moyen terme,7,Non,Non
Réaliser des visites terrain pour fiabiliser les préconisations,"Visite des zones techniques, accès livraison, parkings, toitures et points bas avec l’exploitant du site. Les préconisations tiennent compte des contraintes visibles et pas seulement des cartes de risque.",Tous aléas climatiques,Humaines,OPEX majoritaire > main d’œuvre,30 000 €,1,1,Court terme,0,Non,Non
Établir un score brut et net de risque climatique,"Calcul d’un risque brut avant mesures puis d’un risque net après protections existantes comme batardeaux, ombrages ou pompes. L’écart montre l’efficacité réelle des dispositifs déjà en place.",Tous aléas climatiques,Technique,Capital humain,50 000 €,2,2,Moyen terme,4,Non,Non
Chiffrer les CAPEX et OPEX d’adaptation,"Estimation séparée du coût d’installation d’une noue, de son entretien annuel et du renouvellement des végétaux. Le budget d’adaptation intègre l’investissement initial et les dépenses futures.",Tous aléas climatiques,Financières,Capital humain,30 000 €,1,1,Moyen terme,0,Non,Non
Mettre en place des outils de prévention et de surveillance,"Installation de capteurs de niveau d’eau, alertes météo paramétrées et ronde préventive avant orage. Les équipes sont prévenues assez tôt pour fermer les accès sensibles ou protéger le matériel.",Inondation nappe/ Inondation pluie/ Fortes pluies/ Inondation fluviale/ RGA/ Stress Hydrique/ Chaleur extrême/ Tempêtes/ Vague de chaleur,Technique,CAPEX majoritaire > court terme,50 000 €,2,2,Court terme,7,Non,Oui
Étendre les audits de vulnérabilité à des sites représentatifs,"Réalisation d’audits sur un magasin urbain, un entrepôt, un siège tertiaire et un site en zone inondable. Les résultats permettent d’extrapoler les besoins d’adaptation à l’ensemble du parc.",Tous aléas climatiques,Organisationnelles,Capital humain,50 000 €,2,2,Moyen terme,4,Non,Non
Structurer un référentiel interne d’actions d’adaptation,"Création d’une bibliothèque interne d’actions avec conditions d’usage, coûts, bénéfices, limites et exemples de sites adaptés. Les équipes peuvent répliquer les solutions pertinentes sans repartir de zéro.",Tous aléas climatiques,Humaines,Capital humain,250 000 €,10,3,Long terme,0,Non,Non
Outiller la prise de décision pour un plan d’investissement global,"Construction d’une matrice croisant niveau de risque, coût des travaux, urgence et bénéfices pour les usagers. Les investissements sont classés entre actions immédiates, travaux lourds et mesures à programmer.",Tous aléas climatiques,Financières,Capital humain,50 000 €,2,2,Moyen terme,7,Non,Non
Intégrer l’adaptation dans la stratégie immobilière de long terme,"Intégration de critères chaleur, eau, inondation et biodiversité dans les rénovations, acquisitions et arbitrages patrimoniaux. Les actifs les plus exposés font l’objet de travaux ou d’une stratégie de sortie.",Tous aléas climatiques,Organisationnelles,Capital humain,30 000 €,1,1,Moyen terme,2,Non,Non
Utiliser l’évaluation du risque climatique en prospection foncière,"Analyse d’un terrain pressenti avec cartes de crue, accès de secours, disponibilité en eau et exposition aux fortes chaleurs. Un site moins risqué peut être privilégié avant même l’achat ou la signature du bail.",Tous aléas climatiques,Financières,CAPEX majoritaire > long terme,250 000 €,10,3,Long terme,4,Non,Non
Écarter les implantations trop vulnérables,Abandon d’un projet d’implantation dont l’unique accès est régulièrement coupé par les crues. L’entreprise évite de créer un actif qui serait difficile à exploiter ou assurer.,Tous aléas climatiques,Financières,Capital humain,250 000 €,10,3,Long terme,0,Non,Non
Inscrire l’adaptation comme complément de la décarbonation,Ajout d’un volet adaptation dans le plan climat interne déjà centré sur les émissions de gaz à effet de serre. Les travaux réduisent à la fois l’empreinte carbone et la vulnérabilité aux aléas.,Tous aléas climatiques,Organisationnelles,Capital humain,15 000 €,1,"0,5",Moyen terme,0,Non,Non
Identifier les sites les plus vulnérables à l’inondation,"Classement des sites selon leur hauteur d’eau potentielle, la présence de sous-sols, les accès coupables et les sinistres historiques. Les magasins les plus exposés sont traités en priorité.",Inondation fluviale/ Inondation pluie/ Inondation nappe/ Fortes pluies,Technique,Capital humain,50 000 €,2,2,Moyen terme,0,Non,Non
Organiser un exercice inondation annuel,"Simulation annuelle d’une montée des eaux avec fermeture d’accès, pose de batardeaux et transfert de marchandises hors zone basse. L’exercice révèle les consignes floues avant une vraie crise.",Inondation fluviale/ Inondation pluie/ Inondation nappe,Humaines,OPEX majoritaire > main d’œuvre,15 000 €,1,"0,5",Moyen terme,1,Non,Non
Entretenir les dispositifs d’évacuation des eaux pluviales,"Curage régulier des avaloirs, nettoyage des grilles, inspection des descentes de toiture et retrait des feuilles avant les périodes d’orage. L’eau s’évacue correctement quand les pluies deviennent intenses.",Fortes pluies/ Inondation pluie/ RGA,Technique,CAPEX majoritaire > long terme,250 000 €,10,3,Long terme,6,Non,Non
Construire un dialogue régulier avec collectivités et services techniques,"Organisation d’une réunion semestrielle avec mairie, intercommunalité, gestionnaire de voirie et service assainissement. Les travaux privés et publics sont coordonnés avant les périodes de pluie ou de chaleur.",Tous aléas climatiques,Organisationnelles,Capital humain,15 000 €,1,"0,5",Moyen terme,3,Non,Non
Mutualiser les solutions entre sites voisins,"Partage d’un bassin de rétention, d’un groupe électrogène mobile ou d’une aire refuge entre plusieurs entreprises d’une même zone. Les coûts et bénéfices sont répartis plutôt que portés par un seul site.",Fortes pluies/ Inondation pluie/ Vague de chaleur/ Chaleur extrême,Organisationnelles,CAPEX majoritaire > long terme,250 000 €,10,3,Long terme,3,Non,Non
Anticiper la gestion de crise et capitaliser sur les retours d’expérience,"Création d’un retour d’expérience après chaque épisode climatique : décisions prises, délais, blocages, dépenses et améliorations à prévoir. La procédure de crise s’améliore à chaque événement.",Tous aléas climatiques,Organisationnelles,OPEX majoritaire > main d’œuvre,15 000 €,1,"0,5",Moyen terme,1,Non,Non
Analyser les dépendances logistiques critiques,"Identification des transporteurs, entrepôts, routes d’accès et fournisseurs dont l’arrêt bloquerait l’activité. Des itinéraires alternatifs, stocks de sécurité ou contrats de secours sont préparés.",Fortes pluies/ Inondation pluie/ Tempêtes/ Vague de chaleur/ Vague de gel/ Inondation fluviale,Organisationnelles,Capital humain,30 000 €,1,1,Moyen terme,5,Oui,Non
Créer des conditions d’interconnaissance entre acteurs économiques,"Organisation de rencontres entre entreprises voisines pour partager cartes de risques, contacts d’urgence et ressources disponibles. Les acteurs se connaissent avant d’avoir à coopérer pendant une crise.",Tous aléas climatiques,Organisationnelles,OPEX majoritaire > main d’œuvre,30 000 €,1,1,Moyen terme,3,Non,Non
Récupérer et réutiliser les eaux non conventionnelles,Récupération des eaux grises de douches pour alimenter des chasses d’eau ou arroser des espaces plantés après traitement adapté. L’entreprise réduit sa dépendance à l’eau potable pendant les périodes de restriction.,Stress Hydrique/ Fortes pluies/ Inondation pluie/ Vague de chaleur/ Chaleur extrême/ Modif T° air/ Inondation fluviale/ Inondation nappe,Technique,CAPEX majoritaire > court terme,250 000 €,10,3,Long terme,6,Non,Non
Prévoir des moyens de téléphonie satellitaire,"Achat de téléphones satellitaires pour l’équipe de crise, avec cartes SIM activées, batteries externes et test trimestriel d’appel. Les responsables restent joignables même lorsque les réseaux mobiles sont coupés après une tempête ou une inondation.",Tempêtes/ Inondation pluie/ Inondation fluviale/ Vague de gel,Technique,CAPEX majoritaire > court terme,50 000 €,2,2,Court terme,2,Non,Non
Renforcer la coordination avec les autorités locales en cas de circulation interdite,"Création d’un canal direct avec la préfecture, la mairie et les gestionnaires de voirie, avec liste de contacts et message type à diffuser. Les livraisons et déplacements sont suspendus plus vite lorsqu’un arrêté interdit la circulation.",Tempêtes/ Inondation pluie/ Inondation fluviale/ Vague de gel,Organisationnelles,OPEX majoritaire > main d’œuvre,15 000 €,1,"0,5",Moyen terme,0,Non,Non
Installer des bennes et organiser l’évacuation des denrées sinistrées,"Positionnement de bennes étanches près de la zone alimentaire, avec prestataire d’enlèvement identifié et procédure de tri des produits souillés. Les denrées touchées par l’eau ou la chaleur sont évacuées rapidement sans contaminer les stocks sains.",Tempêtes/ Vague de chaleur/ Inondation pluie,Organisationnelles,CAPEX majoritaire > court terme,50 000 €,2,2,Court terme,0,Non,Non
Réviser les contrats d’assurance à l’aune des sinistres climatiques,"Relecture des contrats multirisques avec l’assureur, en ajoutant un inventaire des bâtiments exposés, franchises, exclusions et délais d’indemnisation. L’entreprise sait à l’avance quels dommages climatiques seront couverts après un sinistre.",Tous aléas climatiques,Financières,Capital humain,25 000 €,1,1,Moyen terme,1,Non,Non
Reconnaître les investissements de prévention dans le dialogue assurantiel,"Transmission à l’assureur des factures de clapets anti-retour, protections anti-grêle et travaux de désimperméabilisation réalisés. Ces preuves facilitent la discussion sur les primes et montrent que l’entreprise réduit concrètement son exposition.",Tous aléas climatiques,Financières,Capital humain,25 000 €,1,1,Moyen terme,3,Non,Non
Créer une gouvernance climat transverse au niveau du groupe,"Mise en place d’un comité adaptation réunissant immobilier, achats, RH, opérations et finance, avec arbitrage trimestriel des priorités. Les décisions climat ne restent pas isolées dans un seul service et sont suivies au niveau groupe.",Tous aléas climatiques,Organisationnelles,Capital humain,50 000 €,2,2,Moyen terme,1,Non,Non
Poser des membranes blanches ou toitures réfléchissantes,"Pose d’une membrane blanche sur la toiture d’un magasin ou d’un entrepôt, après vérification de l’étanchéité et de la portance. La température sous toiture baisse lors des fortes chaleurs et les équipements de froid sont moins sollicités.",Vague de chaleur/ Chaleur extrême/ Tempêtes,Technique,CAPEX majoritaire > long terme,250 000 €,10,3,Long terme,0,Non,Non
Poser des tôles anti-grêle sur les lanterneaux,"Installation de tôles de protection au-dessus des lanterneaux d’un atelier, avec fixation renforcée et maintien de l’apport lumineux. Les vitrages sont moins exposés aux impacts de grêle et les infiltrations après orage sont limitées.",Tempêtes/ Fortes pluies,Technique,CAPEX majoritaire > long terme,250 000 €,10,3,Long terme,0,Non,Non
Protéger les personnes face aux fortes chaleurs,"Distribution de gourdes, accès à des zones rafraîchies et adaptation des pauses pour les équipes exposées. Les malaises liés à la chaleur sont mieux prévenus pendant les pics de température.",Vague de chaleur/ Chaleur extrême/ Vague de gel,Humaines,CAPEX majoritaire > court terme,250 000 €,10,3,Court terme,0,Non,Non
Élaborer un cahier des charges de construction résilient,"Ajout d’exigences de surélévation des équipements, de protections solaires et de gestion des eaux pluviales dans le cahier des charges travaux. Les nouveaux bâtiments intègrent la résilience climatique dès la conception.",Tous aléas climatiques,Humaines,Capital humain,250 000 €,10,3,Long terme,0,Non,Non
Déployer une stratégie d’adaptation pays par pays,"Définition de feuilles de route par pays, avec aléas locaux, seuils d’alerte, budgets et responsables opérationnels. Les filiales situées en zone chaude, humide ou inondable disposent d’actions adaptées à leur contexte.",Tous aléas climatiques,Financières,Capital humain,30 000 €,1,1,Moyen terme,1,Non,Non
Créer des îlots de fraîcheur par densification des espaces verts,"Création de zones plantées avec arbres d’ombrage, bancs, sols perméables et points d’eau sobres autour des espaces de pause. Les salariés disposent d’un refuge plus frais lors des épisodes de chaleur.",Vague de chaleur/ Fortes pluies/ Inondation pluie/ Stress Hydrique/ Chaleur extrême/ Modif T° air,Solutions fondées sur la nature,Capital humain,250 000 €,10,3,Long terme,0,Non,Non
Fournir aux adhérents des référentiels et repères économiques communs,"Mise à disposition d’un guide commun pour les adhérents, avec coûts indicatifs, gains attendus, critères de choix et exemples de devis. Les entreprises peuvent comparer les solutions d’adaptation avec les mêmes repères économiques.",Tous aléas climatiques,Organisationnelles,Capital humain,50 000 €,2,2,Moyen terme,10,Non,Non
"Prioriser les actions selon efficacité, faisabilité et acceptabilité","Classement des actions dans une matrice croisant réduction du risque, coût, délai et acceptabilité terrain. Les mesures rapides et utiles sont lancées en premier, tandis que les projets plus lourds sont planifiés.",Tous aléas climatiques,Organisationnelles,Capital humain,15 000 €,1,"0,5",Moyen terme,0,Non,Non
Mesurer l’efficacité par retours d’expérience et indicateurs,"Suivi annuel des fermetures, pertes de stock, consommations d’eau, incidents chaleur et retours salariés après chaque épisode climatique. Les actions inefficaces sont corrigées et les mesures utiles sont renforcées.",Tous aléas climatiques,Organisationnelles,OPEX majoritaire > énergie,30 000 €,1,1,Moyen terme,7,Non,Non
Limiter le recours unique à la climatisation,"Installation de protections solaires, ventilation naturelle et zones végétalisées avant tout ajout de climatisation. La climatisation reste réservée aux espaces sensibles, ce qui réduit la dépendance énergétique en période chaude.",Vague de chaleur/ Chaleur extrême/ Modif T° air,Solutions fondées sur la nature,CAPEX majoritaire > long terme,250 000 €,10,3,Long terme,8,Non,Non
Dimensionner la gestion des eaux pluviales sur la parcelle,"Calcul des volumes d’eau à retenir lors d’un orage décennal, puis création de noues, tranchées drainantes et trop-pleins sécurisés. Les eaux de ruissellement sont gérées sur la parcelle avant de rejoindre le réseau public.",Fortes pluies/ Inondation pluie/ Inondation nappe/ Inondation fluviale,Technique,CAPEX majoritaire > long terme,250 000 €,10,3,Long terme,6,Non,Non
Installer des dispositifs de brumisation et d’arrosage par eau de pluie en toiture,"Installation de rampes de brumisation alimentées par eau de pluie stockée, avec déclenchement limité aux heures les plus chaudes. La toiture et les abords immédiats sont rafraîchis sans augmenter la pression sur l’eau potable.",Vague de chaleur/ Chaleur extrême/ Stress Hydrique,Technique,CAPEX majoritaire > court terme,250 000 €,10,3,Court terme,0,Non,Non
Aérer la nuit et brasser l’air via les ventelles de désenfumage,"Ouverture programmée des ventelles de désenfumage la nuit, complétée par des brasseurs d’air aux points chauds. La chaleur accumulée dans la journée est évacuée avant l’arrivée des équipes le matin.",Vague de chaleur/ Chaleur extrême,Organisationnelles,OPEX majoritaire > énergie,15 000 €,1,"0,5",Moyen terme,0,Non,Non
Sensibiliser les salariés au risque de déshydratation,"Organisation d’un quart d’heure sécurité chaleur avant l’été, avec signes d’alerte, consignes de boisson et rappel des pauses. Les salariés repèrent plus vite les symptômes de déshydratation chez eux et leurs collègues.",Vague de chaleur/ Chaleur extrême,Humaines,Capital humain,25 000 €,1,1,Long terme,10,Non,Non
Installer un film réfléchissant sur verrière,"Pose d’un film solaire sur la verrière d’un hall ou d’une surface de vente, avec contrôle de la luminosité restante. Les apports de chaleur sont réduits sans condamner l’éclairage naturel.",Vague de chaleur/ Chaleur extrême,Technique,CAPEX majoritaire > court terme,250 000 €,10,3,Long terme,0,Non,Non
Renouveler les centrales de traitement d’air,"Remplacement d’une centrale de traitement d’air vieillissante par un modèle plus performant, avec filtration adaptée et pilotage par sondes. Les locaux restent ventilés correctement lors des vagues de chaleur et des épisodes de pollution.",Vague de chaleur/ Chaleur extrême/ Modif T° air,Technique,CAPEX majoritaire > long terme,250 000 €,10,3,Long terme,0,Non,Oui
Améliorer l’isolation des entrepôts et remplacer les sas de quais,"Ajout d’isolant sur les parois d’un entrepôt et remplacement des sas de quai abîmés par des sas rapides et étanches. Les variations de température sont limitées pendant les canicules, les gels et les épisodes de vent.",Vague de chaleur/ Chaleur extrême/ Vague de gel/ Tempêtes/ Submersion marine,Technique,CAPEX majoritaire > long terme,250 000 €,10,3,Long terme,0,Non,Non
Utiliser des pompes à chaleur à faibles émissions,Remplacement d’une chaudière ancienne par une pompe à chaleur réversible dimensionnée pour les besoins réels du bâtiment. Le chauffage et le rafraîchissement deviennent moins émetteurs tout en restant disponibles lors des écarts de température.,Modif T° air/ Vague de chaleur/ Vague de gel/ Chaleur extrême,Technique,CAPEX majoritaire > long terme,250 000 €,10,3,Long terme,0,Non,Non
Reprendre les pentes de voirie vers les noues et places drainantes,Reprofilage d’une voie interne pour diriger l’eau vers des noues et places drainantes plutôt que vers les portes de quai. Les flaques et entrées d’eau sont limitées lors des pluies intenses.,Fortes pluies/ Inondation pluie,Technique,CAPEX majoritaire > long terme,250 000 €,10,3,Long terme,6,Non,Non
Renforcer la redondance des approvisionnements,"Qualification de fournisseurs alternatifs dans deux régions différentes, avec contrats cadres et volumes de secours. Une rupture liée à une inondation ou à une tempête chez un fournisseur bloque moins la production.",Tempêtes/ Inondation pluie/ Vague de chaleur/ Vague de gel,Organisationnelles,OPEX majoritaire > main d’œuvre,15 000 €,1,"0,5",Moyen terme,5,Non,Non
Mobiliser des formations et ressources documentaires spécialisées,"Création d’un parcours de formation avec fiches aléas, webinaires techniques et retours d’expérience sectoriels. Les équipes disposent de ressources fiables pour choisir les bonnes mesures d’adaptation.",Tous aléas climatiques,Humaines,Capital humain,15 000 €,1,"0,5",Court terme,10,Non,Non
Modifier les horaires de travail et normes d’habillement en milieu professionnel,"Passage en horaires décalés pendant les canicules, autorisation de tenues plus légères et suspension des tâches lourdes l’après-midi. Les salariés restent protégés sans arrêter totalement l’activité.",Vague de chaleur/ Chaleur extrême,Organisationnelles,OPEX majoritaire > main d’œuvre,15 000 €,1,"0,5",Moyen terme,0,Non,Non
Mettre en place des systèmes d’alerte pour les visiteurs,"Envoi automatique de SMS et affichage d’alertes à l’entrée d’un site recevant du public, avec consignes chaleur, orage ou inondation. Les visiteurs savent où se mettre à l’abri et quels accès éviter.",Vague de chaleur/ Chaleur extrême/ Fortes pluies/ Inondation fluviale/ Inondation pluie/ Tempêtes/ Vents violents,Technique,CAPEX majoritaire > court terme,250 000 €,10,3,Court terme,7,Non,Non
Inscrire progressivement les actions d’adaptation dans les budgets,"Création d’une enveloppe annuelle dédiée aux travaux d’adaptation, alimentée progressivement dans le plan pluriannuel d’investissement. Les protections contre la chaleur, l’eau et les tempêtes ne dépendent plus d’arbitrages ponctuels.",Tous aléas climatiques,Financières,CAPEX majoritaire > long terme,250 000 €,10,3,Long terme,2,Non,Non
Surveiller l’état physique des bâtiments et zones de rétention,"Inspection semestrielle des fissures, descentes d’eau, bassins de rétention et joints de façade, avec photos géolocalisées. Les signes de retrait-gonflement des argiles ou de mauvais écoulement sont traités avant sinistre.",RGA/ Fortes pluies/ Inondation pluie/ Inondation nappe/ Modif T° air,Technique,CAPEX majoritaire > long terme,250 000 €,10,3,Long terme,7,Non,Non
Installer un système de détection incendie en extérieur,"Pose de détecteurs de fumée et de chaleur sur les zones extérieures de stockage, reliés à une alarme et à une astreinte. Un départ de feu est repéré plus vite lors des périodes sèches et chaudes.",Chaleur extrême/ Vague de chaleur/ Stress Hydrique/ Feux de forêt,Technique,Capital humain,50 000 €,2,2,Court terme,7,Non,Non
Créer une bande coupe-feu désherbée et débroussaillée autour du site,"Débroussaillage d’une bande périphérique, enlèvement des palettes inutiles et maintien d’un sol nu autour des clôtures. Le feu dispose de moins de combustible pour atteindre les bâtiments ou les stocks.",Chaleur extrême/ Vague de chaleur/ Stress Hydrique,Organisationnelles,OPEX majoritaire > main d’œuvre,250 000 €,10,3,Long terme,0,Non,Non
Installer des capteurs intelligents dans les zones de stockage,"Installation de capteurs de température, humidité et présence d’eau dans les zones de stockage sensibles. Les responsables reçoivent une alerte avant que les produits ne soient dégradés par chaleur ou infiltration.",Chaleur extrême/ Vague de chaleur/ Fortes pluies/ Inondation pluie/ Inondation nappe/ Stress Hydrique,Technique,CAPEX majoritaire > long terme,250 000 €,10,3,Long terme,7,Non,Oui
Élaborer des protocoles flexibles de stockage selon les prévisions climatiques,"Définition de règles de déplacement des stocks selon les prévisions météo, par exemple éloigner les produits sensibles des portes avant un orage. Les marchandises les plus vulnérables sont protégées avant l’arrivée de l’aléa.",Tempêtes/ Chaleur extrême/ Vague de chaleur/ Fortes pluies,Organisationnelles,OPEX majoritaire > main d’œuvre,50 000 €,2,2,Moyen terme,7,Non,Non
Utiliser des contenants pour réactifs chimiques adaptés aux fortes chaleurs,"Utilisation d’armoires ventilées et de contenants homologués pour les réactifs sensibles à la chaleur, avec contrôle de température. Les produits chimiques restent stables même lorsque le local subit un pic de chaleur.",Chaleur extrême/ Vague de chaleur/ Modif T° air/ Fortes pluies/ Inondation pluie/ Inondation fluviale/ Inondation nappe/ Tempêtes,Technique,CAPEX majoritaire > court terme,250 000 €,10,3,Court terme,0,Non,Oui
Mettre en place des réserves d’eau de pluie,"Installation d’une réserve d’eau de pluie dédiée au nettoyage d’urgence, à l’arrosage anti-poussière et au soutien incendie. Le site dispose d’une ressource de secours lors des restrictions d’eau potable.",Chaleur extrême/ Vague de chaleur/ Stress Hydrique/ Feux de forêt,Technique,CAPEX majoritaire > court terme,250 000 €,10,3,Long terme,0,Non,Non
Réviser les plans de contingence logistique et traitement,"Mise à jour des scénarios de continuité pour les déchets entrants, les exutoires indisponibles et les routes impraticables. Les équipes savent comment prioriser les flux lorsque la logistique ou le traitement est perturbé.",Tous risques climatiques extrêmes/ Fortes pluies/ Inondation fluviale/ Inondation pluie/ Inondation nappe/ Tempêtes/ Chaleur extrême/ Vague de gel,Organisationnelles,OPEX majoritaire > main d’œuvre,250 000 €,10,3,Long terme,5,Non,Non
Connecter les capteurs d’émissions gazeuses à un système centralisé,"Raccordement des capteurs de gaz à une supervision unique, avec seuils d’alerte adaptés aux épisodes de chaleur. Les émissions anormales sont détectées rapidement avant de devenir un risque pour les salariés ou riverains.",Chaleur extrême/ Vague de chaleur/ Fortes pluies/ Inondation pluie,Technique,CAPEX majoritaire > court terme,250 000 €,10,3,Court terme,7,Non,Oui
Mettre en place un plan de sécurité et de continuité d’activité pour toute la chaîne,"Construction d’un plan de continuité couvrant collecte, tri, traitement, sous-traitants et communication client. Chaque maillon de la chaîne sait quoi faire en cas d’inondation, tempête ou canicule.",Tous risques climatiques extrêmes/ Fortes pluies/ Inondation fluviale/ Inondation pluie/ Tempêtes/ Chaleur extrême/ Vague de gel,Organisationnelles,OPEX majoritaire > main d’œuvre,250 000 €,10,3,Long terme,2,Non,Non
Renforcer les effectifs lors des périodes de forte vulnérabilité,"Préparation d’un vivier d’intérimaires et d’astreintes pour les semaines de canicule, gel ou tempête. Les tâches critiques restent couvertes malgré l’absentéisme ou le ralentissement des opérations.",Vague de chaleur/ Chaleur extrême/ Vague de gel/ Tempêtes,Humaines,OPEX majoritaire > main d’œuvre,30 000 €,1,1,Moyen terme,4,Non,Non
Organiser les tâches les plus pénibles aux heures les plus fraîches,"Planification du port de charges, du nettoyage extérieur et des interventions en toiture tôt le matin pendant l’été. Les efforts physiques les plus risqués sont évités aux heures de chaleur maximale.",Vague de chaleur/ Chaleur extrême/ Modif T° air,Organisationnelles,OPEX majoritaire > main d’œuvre,250 000 €,10,3,Long terme,0,Non,Non
Encourager l’utilisation de matériaux alternatifs ou recyclés,"Substitution d’une partie des matières premières par des matériaux recyclés ou disponibles localement, validés avec les achats et la qualité. La production dépend moins de ressources fragilisées par les sécheresses ou intempéries.",Stress Hydrique/ Fortes pluies/ Tempêtes/ Chaleur extrême/ Modif T° air,Organisationnelles,OPEX majoritaire > main d’œuvre,15 000 €,1,"0,5",Moyen terme,0,Non,Non
Maintenir des stocks de matériaux essentiels et de ressources énergétiques,"Constitution d’un stock tampon de granulats, emballages, combustibles ou consommables critiques, avec seuils de réapprovisionnement. L’activité peut continuer quelques jours lorsque les routes ou fournisseurs sont touchés par un aléa.",Tous risques climatiques extrêmes/ Tempêtes/ Fortes pluies/ Inondation fluviale/ Inondation pluie/ Chaleur extrême/ Vague de gel,Technique,OPEX majoritaire > énergie,50 000 €,2,2,Moyen terme,5,Non,Non
Ajuster les quantités produites aux contextes locaux,"Ajustement des volumes fabriqués selon la disponibilité locale de l’eau, les restrictions préfectorales et les besoins saisonniers. Les sites réduisent ou déplacent certaines productions avant d’atteindre une situation de blocage.",Modif T° air/ Stress Hydrique/ Chaleur extrême/ Fortes pluies,Organisationnelles,Section par défaut,15 000 €,1,"0,5",Moyen terme,0,Non,Non
Développer de nouvelles filières de traitement des déchets ultimes,"Création d’une ligne de traitement pour des déchets résiduels aujourd’hui envoyés loin du site, avec essais sur plusieurs lots. Les exutoires locaux réduisent la dépendance à des filières vulnérables aux intempéries.",Tous risques climatiques extrêmes/ Fortes pluies/ Inondation pluie/ Stress Hydrique/ Chaleur extrême/ Tempêtes,Technique,CAPEX majoritaire > long terme,250 000 €,10,3,Long terme,5,Non,Oui
Développer une capacité d’adaptation proactive,"Mise en place d’une veille climat, d’un budget d’expérimentation et d’un processus de décision avant crise. L’entreprise teste des solutions avant que les aléas ne rendent les adaptations urgentes.",Tous risques climatiques extrêmes/ Modif T° air/ Fortes pluies/ Stress Hydrique/ Chaleur extrême/ Tempêtes/ Vague de chaleur,Organisationnelles,Section par défaut,15 000 €,1,"0,5",Moyen terme,0,Non,Non
Renforcer la coopération et expérimenter des solutions innovantes,"Lancement de pilotes avec collectivités, fournisseurs et chercheurs sur des matériaux drainants, ombrages ou outils d’alerte. Les solutions sont testées en conditions réelles avant un déploiement plus large.",Tous risques climatiques extrêmes/ Fortes pluies/ Inondation fluviale/ Inondation pluie/ Tempêtes,Organisationnelles,OPEX majoritaire > main d’œuvre,15 000 €,1,"0,5",Moyen terme,7,Non,Non
Rattacher l’adaptation aux politiques existantes de l’entreprise,"Intégration d’un volet adaptation dans les politiques achats, immobilier, sécurité et maintenance déjà existantes. Les critères climatiques deviennent un réflexe dans les décisions courantes de l’entreprise.",Tous risques climatiques extrêmes/ Modif T° air/ Fortes pluies/ Stress Hydrique/ Chaleur extrême/ Tempêtes/ Vague de chaleur,Organisationnelles,Section par défaut,30 000 €,1,1,Moyen terme,0,Non,Non
Diagnostiquer les besoins de gestion de l’eau des sites,"Audit des usages d’eau par site, avec relevé des postes de consommation, sources disponibles et contraintes réglementaires locales. Les besoins critiques sont distingués des usages pouvant être réduits ou réutilisés.",Stress Hydrique/ Fortes pluies/ Inondation pluie,Organisationnelles,Capital humain,15 000 €,1,"0,5",Moyen terme,4,Non,Non
Installer des sous-compteurs communicants,"Pose de sous-compteurs connectés sur les ateliers, sanitaires, arrosage et process consommateurs d’eau. Les dérives sont détectées rapidement et les économies sont suivies poste par poste.",Stress Hydrique/ Modif T° air,Technique,CAPEX majoritaire > court terme,50 000 €,2,2,Court terme,7,Non,Oui
Former les responsables techniques à la gestion de l’eau,"Formation des responsables techniques à la lecture des compteurs, aux restrictions d’eau et aux solutions de réutilisation. Les équipes savent prioriser les usages lorsque la ressource devient limitée.",Stress Hydrique/ Fortes pluies/ Inondation pluie,Humaines,Capital humain,30 000 €,1,1,Court terme,10,Non,Non
Réduire les rejets de polluants,"Installation de séparateurs, filtres ou traitements adaptés avant rejet, avec suivi des concentrations après épisodes pluvieux. Les milieux récepteurs sont moins exposés aux pollutions lorsque les débits varient fortement.",Stress Hydrique/ Fortes pluies/ Inondation pluie,Technique,OPEX majoritaire > eau,50 000 €,2,2,Moyen terme,0,Non,Non
Rénover des bâtiments industriels sans climatisation,"Rénovation d’un atelier industriel par isolation, protections solaires, ventilation naturelle et récupération d’air nocturne. Les opérateurs travaillent dans de meilleures conditions sans installer systématiquement une climatisation.",Vague de chaleur/ Chaleur extrême/ Modif T° air/ Vague de gel,Technique,CAPEX majoritaire > long terme,250 000 €,10,3,Long terme,0,Non,Oui
Récupérer la chaleur et flécher les flux d’air,Captation de la chaleur dégagée par une ligne de production et orientation des flux d’air vers une zone de préchauffage utile. La chaleur n’est plus rejetée dans l’atelier lors des épisodes chauds.,Tous aléas climatiques,Technique,CAPEX majoritaire > long terme,25 000 €,1,1,Long terme,0,Non,Oui
Réutiliser l’eau dans plusieurs process,Réutilisation de l’eau de rinçage d’un premier process pour un nettoyage moins exigeant ou un refroidissement secondaire. La consommation d’eau neuve diminue sans dégrader la qualité du produit final.,Stress Hydrique,Technique,OPEX majoritaire > eau,50 000 €,2,2,Moyen terme,0,Non,Oui
Mobiliser un réseau de proximité pour les personnes vulnérables,"Organisation d’un réseau de référents de proximité, avec appels ciblés aux personnes fragiles lors des canicules ou inondations. Les situations d’isolement sont repérées plus tôt et les secours peuvent être orientés.",Vague de chaleur/ Chaleur extrême/ Fortes pluies/ Inondation pluie/ Tempêtes,Humaines,OPEX majoritaire > main d’œuvre,25 000 €,1,1,Long terme,3,Non,Non
Construire un schéma directeur de renaturation,"Élaboration d’un schéma directeur identifiant les cours, parkings, berges et toitures à renaturer en priorité. Les projets végétalisés sont coordonnés au lieu d’être réalisés au coup par coup.",Inondation fluviale/ Fortes pluies/ Stress Hydrique/ Modif T° air/ Chaleur extrême,Solutions fondées sur la nature,Capital humain,250 000 €,10,3,Long terme,6,Non,Non
Déployer des solutions fondées sur la nature,"Combinaison de noues végétalisées, haies, sols perméables et ombrages naturels sur les espaces extérieurs. Les solutions vivantes réduisent à la fois chaleur, ruissellement et perte de biodiversité.",Stress Hydrique/ Modif T° air/ Fortes pluies/ Inondation pluie/ Inondation fluviale/ Chaleur extrême/ Vague de chaleur/ RGA,Solutions fondées sur la nature,CAPEX majoritaire > long terme,250 000 €,10,3,Long terme,0,Non,Non
Surveiller la chaleur corporelle des salariés,"Équipement des salariés exposés avec bracelets ou capteurs de température, associés à une procédure d’arrêt en cas d’alerte. Les situations de coup de chaleur sont repérées avant le malaise.",Vague de chaleur/ Chaleur extrême,Technique,Capital humain,250 000 €,10,3,Court terme,7,Non,Non
Déconnecter les réseaux publics et traiter les eaux à la parcelle,"Séparation des eaux pluviales du réseau public et traitement sur place par noues, filtres plantés ou bassins d’infiltration. Le site réduit les rejets au réseau lors des fortes pluies et conserve l’eau utilement.",Fortes pluies/ Inondation pluie/ Inondation nappe/ Stress Hydrique,Technique,CAPEX majoritaire > long terme,250 000 €,10,3,Long terme,0,Non,Non
Installer des cuves de récupération d’eau de pluie,"Installation de cuves reliées aux descentes de toiture, avec filtration simple et usage pour arrosage ou nettoyage extérieur. L’eau potable est moins sollicitée pour les usages ne nécessitant pas une qualité sanitaire.",Stress Hydrique/ Fortes pluies/ Inondation pluie,Technique,CAPEX majoritaire > court terme,50 000 €,2,2,Court terme,6,Non,Non
"Végétaliser murs, toitures et voiries","Végétalisation d’un mur exposé au soleil, d’une toiture plate et d’un cheminement minéral très chaud. Les surfaces accumulent moins de chaleur et retiennent une partie de l’eau de pluie.",Vague de chaleur/ Chaleur extrême/ Fortes pluies/ Inondation pluie/ Tempêtes,Solutions fondées sur la nature,CAPEX majoritaire > long terme,250 000 €,10,3,Long terme,6,Non,Non
Rechercher et réparer les fuites dans les réseaux,"Campagne de recherche de fuites par écoute, sectorisation nocturne et suivi des consommations anormales. Les pertes invisibles sont réparées avant d’aggraver la tension sur la ressource.",Stress Hydrique,Technique,CAPEX majoritaire > long terme,250 000 €,10,3,Long terme,0,Non,Non
Informer les usagers en temps réel sur l’eau,"Diffusion d’informations en temps réel sur les restrictions, niveaux de réserve et écogestes via affichage, application ou SMS. Les usagers adaptent leurs comportements dès que la ressource devient fragile.",Stress Hydrique,Humaines,Capital humain,50 000 €,2,2,Court terme,10,Non,Non
Cartographier les risques physiques,"Cartographie SIG des bâtiments, accès, stocks et équipements critiques croisée avec inondation, chaleur, retrait-gonflement et tempêtes. Les actifs les plus exposés sont identifiés avant de décider des investissements.",Fortes pluies/ Inondation fluviale/ Inondation pluie/ Modif T° air/ Stress Hydrique/ Chaleur extrême/ Tempêtes/ Vague de chaleur/ Vague de gel,Technique,OPEX majoritaire > main d’œuvre,50 000 €,2,2,Long terme,4,Non,Non
Mettre en place des prix internes de l’eau,Création d’un prix interne de l’eau appliqué aux projets d’investissement et aux arbitrages de production. Les économies d’eau deviennent visibles financièrement même lorsque le tarif externe reste faible.,Stress Hydrique,Organisationnelles,OPEX majoritaire > eau,50 000 €,2,2,Moyen terme,7,Non,Non
Réaliser une pré-étude bibliographique sur le changement climatique local,"Analyse des projections climatiques locales, documents d’urbanisme, études hydrologiques et retours de sinistres passés. Le diagnostic s’appuie sur les données du territoire avant de choisir des solutions.",Fortes pluies/ Inondation pluie/ Stress Hydrique/ Modif T° air,Solutions fondées sur la nature,CAPEX majoritaire > long terme,250 000 €,10,3,Long terme,0,Non,Non
Mettre en place des stations de lavage en boucle fermée,"Installation d’une station de lavage recyclant l’eau avec décantation, filtration et appoint limité en eau neuve. Les opérations de lavage continuent avec une consommation réduite lors des périodes de restriction.",Stress Hydrique,Technique,OPEX majoritaire > eau,50 000 €,2,2,Court terme,0,Non,Oui
Réaliser un diagnostic global des risques climatiques,"Diagnostic multi-aléas des sites, activités critiques, dépendances fournisseurs et vulnérabilités humaines. L’entreprise obtient une vision globale des risques climatiques avant de hiérarchiser les actions.",Tous aléas climatiques,Organisationnelles,Section par défaut,30 000 €,1,1,Moyen terme,4,Non,Non
Mobiliser l’intelligence collective dans le diagnostic,"Ateliers avec maintenance, production, RH, achats et terrain pour compléter le diagnostic par les incidents vécus. Les solutions proposées tiennent compte des contraintes réelles et sont mieux acceptées.",Tous aléas climatiques,Organisationnelles,Capital humain,30 000 €,1,1,Moyen terme,3,Non,Non
Intégrer la robustesse climatique dans les investissements,"Ajout d’un critère de robustesse climatique dans les comités d’investissement, avec analyse chaleur, eau, inondation et durée de vie. Les projets financés aujourd’hui restent pertinents dans le climat futur.",Inondation fluviale/ Inondation pluie/ Vague de chaleur/ Chaleur extrême/ Vague de gel,Organisationnelles,CAPEX majoritaire > long terme,250 000 €,10,3,Long terme,0,Non,Non
Créer un outil interne de diagnostic de résilience des bâtiments,"Développement d’un questionnaire interne notant chaque bâtiment sur exposition, sensibilité, protections existantes et continuité d’activité. Les équipes immobilières repèrent rapidement les sites nécessitant un diagnostic approfondi.",Inondation fluviale/ Inondation pluie/ RGA/ Vague de chaleur/ Chaleur extrême/ Vague de gel/ Fortes pluies/ Inondation nappe/ Modif T° air/ Stress Hydrique/ Tempêtes,Technique,Section par défaut,250 000 €,10,3,Long terme,7,Non,Non
Analyser systématiquement l’exposition des actifs immobiliers,"Croisement systématique du portefeuille immobilier avec les cartes d’inondation, chaleur, argiles et tempêtes avant achat ou rénovation. Les actifs les plus vulnérables sont traités avant engagement financier majeur.",Inondation fluviale/ Inondation pluie/ Fortes pluies/ Tempêtes/ Vague de chaleur/ Chaleur extrême/ RGA,Technique,CAPEX majoritaire > long terme,250 000 €,10,3,Long terme,4,Non,Non
Développer filières et achats responsables,"Sélection de fournisseurs locaux capables de garantir des matériaux moins sensibles aux ruptures d’eau ou de transport, avec clauses de substitution en cas d’aléa. Les achats restent sécurisés même lorsqu’une sécheresse ou une tempête perturbe la chaîne d’approvisionnement.",Stress Hydrique/ Vague de chaleur/ Chaleur extrême/ Modif T° air/ Fortes pluies/ Tempêtes,Organisationnelles,OPEX majoritaire > main d’œuvre,50 000 €,2,2,Moyen terme,5,Non,Non
Intégrer l’adaptation dans une démarche ISO 14001,"Ajout d’un chapitre adaptation dans le système ISO 14001, avec objectifs, responsables, indicateurs et revue annuelle des risques climatiques. Les actions face aux fortes chaleurs, pluies et sécheresses sont suivies comme les autres enjeux environnementaux.",Fortes pluies/ Inondation pluie/ Vague de chaleur/ Chaleur extrême/ Tempêtes/ Stress Hydrique/ Modif T° air,Organisationnelles,Section par défaut,30 000 €,1,1,Moyen terme,0,Non,Non
Concevoir des parcs immobiliers résilients,"Conception d’un programme immobilier avec rez-de-chaussée protégé contre les ruissellements, logements traversants, protections solaires et espaces végétalisés. Le parc reste habitable et exploitable malgré des épisodes de chaleur ou de fortes pluies plus fréquents.",Fortes pluies/ Inondation pluie/ Vague de chaleur/ Chaleur extrême/ Tempêtes/ Modif T° air,Technique,CAPEX majoritaire > long terme,250 000 €,10,3,Long terme,0,Non,Non
Cartographier et prioriser les risques climatiques par branche d’activité,"Classement des activités selon leur exposition aux chaleurs, inondations, ruptures d’eau et fragilité des fournisseurs clés. La direction sait quelles branches traiter en priorité avant d’engager les budgets d’adaptation.",Tous aléas climatiques,Organisationnelles,OPEX majoritaire > main d’œuvre,50 000 €,2,2,Moyen terme,4,Non,Non
Formaliser une stratégie globale d’adaptation,"Rédaction d’une feuille de route adaptation à cinq ans, avec objectifs, budget, responsables, calendrier et suivi en comité de direction. Les décisions ne sont plus prises au cas par cas après chaque événement climatique.",Tous aléas climatiques,Organisationnelles,Section par défaut,30 000 €,1,1,Moyen terme,1,Non,Non
Mettre en place une cartographie permanente des risques climatiques,"Mise à jour semestrielle d’une carte des bâtiments, accès, stocks et équipes exposés aux inondations, chaleurs et retraits-gonflements des argiles. Les nouveaux risques sont intégrés dès qu’un site ou une activité évolue.",Vague de chaleur/ Chaleur extrême/ Inondation fluviale/ Inondation pluie/ Fortes pluies/ Stress Hydrique/ Tempêtes/ Modif T° air/ Vague de gel,Organisationnelles,CAPEX majoritaire > court terme,50 000 €,4,2,Court terme,4,Non,Non
Mettre en œuvre des actions sans regret pour la santé et la qualité produit,"Plantation d’arbres d’ombrage près des zones d’attente, choix de revêtements clairs et création de points d’eau pour les usagers. La santé des personnes et la qualité des produits sensibles à la chaleur sont mieux protégées.",Tous aléas climatiques,Solutions fondées sur la nature,CAPEX majoritaire > court terme,250 000 €,10,3,Court terme,8,Non,Non
Créer une équipe dédiée à l’adaptation,"Nomination d’un binôme adaptation réunissant exploitation et RSE, avec temps dédié, mandat clair et accès aux données de risques. Les sujets climatiques avancent même entre deux épisodes de crise.",Tous aléas climatiques,Humaines,OPEX majoritaire > main d’œuvre,15 000 €,1,"0,5",Moyen terme,1,Non,Non
Évaluer la stratégie avec une méthodologie dédiée,"Évaluation annuelle de la stratégie avec grille de maturité, indicateurs de vulnérabilité et bilan des actions réellement déployées. L’organisation identifie ce qui fonctionne et ce qui doit être renforcé.",Tous aléas climatiques,Organisationnelles,Section par défaut,30 000 €,1,1,Moyen terme,4,Non,Non
Adapter les sites vulnérables avec brumisateurs et filets UV,Installation de brumisateurs temporisés sur une aire d’attente extérieure et de filets UV au-dessus d’une zone de travail exposée. Les usagers et salariés sont moins exposés aux coups de chaleur pendant l’été.,Vague de chaleur/ Chaleur extrême/ RGA/ Mouvements de terrain/ Fortes pluies,Technique,CAPEX majoritaire > long terme,250 000 €,10,3,Long terme,0,Non,Non
Mettre en œuvre une politique sécheresse,"Définition de seuils de restriction d’eau, arrêt priorisé des usages non essentiels et suivi hebdomadaire des consommations en période sèche. L’activité réduit sa pression sur la ressource avant la crise.",Stress Hydrique,Organisationnelles,OPEX majoritaire > eau,50 000 €,2,2,Moyen terme,0,Non,Non
Créer un comité stratégique d’adaptation,"Création d’un comité trimestriel réunissant direction, finances, exploitation, immobilier et RH pour arbitrer les priorités d’adaptation. Les investissements sont décidés collectivement plutôt que dispersés entre services.",Tous aléas climatiques,Organisationnelles,Capital humain,30 000 €,1,1,Moyen terme,1,Non,Non
Dimensionner les moyens humains et financiers de l’adaptation,"Chiffrage d’un programme d’adaptation par site, avec besoins en chef de projet, prestataires, travaux et maintenance sur trois ans. L’entreprise sait quels moyens mobiliser avant de lancer les actions.",Tous aléas climatiques,Financières,Capital humain,15 000 €,1,"0,5",Moyen terme,2,Non,Non
Créer des îlots de fraîcheur modulaires,"Pose de modules d’ombrage, jardinières robustes, assises fraîches et fontaine temporaire sur une place très minérale. Les habitants disposent rapidement d’un espace de pause pendant les canicules.",Chaleur extrême/ Vague de chaleur/ Modif T° air,Technique,CAPEX majoritaire > long terme,250 000 €,10,3,Long terme,0,Non,Non
Communiquer sur les nouveaux risques climatiques et les gestes préventifs,"Diffusion d’affiches et SMS internes indiquant les nouveaux risques, les horaires adaptés et les consignes en cas d’orage ou de chaleur extrême. Les équipes savent quoi faire sans attendre une réunion de crise.",Chaleur extrême/ Vague de chaleur/ Fortes pluies/ Inondation pluie/ RGA/ Stress Hydrique/ Tempêtes/ Vague de gel/ Feux de forêt,Humaines,Capital humain,50 000 €,2,2,Moyen terme,10,Non,Non
Végétaliser les espaces publics,"Transformation d’un parking asphalté en espace planté avec noues, sols perméables et arbres d’ombrage. Le quartier gagne en fraîcheur et absorbe mieux les fortes pluies.",Chaleur extrême/ Vague de chaleur/ Fortes pluies/ Inondation pluie/ Stress Hydrique/ Modif T° air,Solutions fondées sur la nature,CAPEX majoritaire > long terme,250 000 €,10,3,Long terme,6,Non,Non
Requalifier une rue minéralisée en espace végétalisé et multimodal,"Réaménagement d’une rue sans arbres avec trottoirs élargis, piste cyclable, noues plantées et revêtements perméables. Les déplacements deviennent plus confortables et l’eau de pluie est mieux infiltrée.",Chaleur extrême/ Vague de chaleur/ Modif T° air/ Fortes pluies/ Inondation pluie,Solutions fondées sur la nature,CAPEX majoritaire > long terme,250 000 €,10,3,Long terme,6,Non,Non
Mobiliser la mémoire collective des catastrophes,"Organisation d’ateliers avec habitants et agents ayant vécu une crue ou une tempête, puis intégration des retours dans les plans d’action. Les erreurs passées sont transformées en consignes concrètes.",Fortes pluies/ Inondation fluviale/ Inondation pluie/ Chaleur extrême/ Vague de chaleur/ RGA/ Tempêtes,Organisationnelles,Capital humain,30 000 €,1,1,Moyen terme,0,Non,Non
Mobiliser les aides et subventions pour financer l’adaptation,"Montage d’un dossier combinant aides de l’agence de l’eau, fonds vert et subvention régionale pour désimperméabiliser une cour. Le reste à charge diminue et le projet peut être lancé plus vite.",Fortes pluies/ Inondation pluie/ Inondation fluviale/ Stress Hydrique/ Chaleur extrême/ Vague de chaleur/ RGA/ Tempêtes/ Modif T° air,Financières,Capital humain,50 000 €,2,2,Court terme,0,Non,Non
Cartographier les îlots de chaleur et les secteurs de ruissellement,"Croisement d’images satellites, relevés terrain et plaintes d’usagers pour repérer les places très chaudes et les rues qui ruissellent. Les premiers travaux ciblent les secteurs les plus inconfortables et exposés.",Chaleur extrême/ Vague de chaleur/ Fortes pluies/ Inondation fluviale/ Inondation pluie/ RGA/ Stress Hydrique/ Modif T° air,Technique,Capital humain,250 000 €,10,3,Long terme,7,Non,Non
Mobiliser les financements et accompagnements disponibles,"Recensement des dispositifs publics, appels à projets et accompagnements techniques disponibles pour les bâtiments et espaces extérieurs. Les porteurs de projet savent vers qui se tourner selon leur besoin.",Tous aléas climatiques,Financières,Capital humain,15 000 €,1,"0,5",Moyen terme,0,Non,Non
Investir dans un serveur de traitement de données climatiques,"Achat d’un serveur dédié pour traiter projections climatiques, données de capteurs et historiques d’incidents par site. Les cartes de risque sont calculées plus rapidement et mises à jour en interne.",Tous aléas climatiques,Technique,Capital humain,250 000 €,10,3,Court terme,7,Non,Non
Construire un plan d’action d’adaptation sans regret,"Sélection d’actions utiles dans tous les scénarios, comme ombrage, économies d’eau, continuité d’activité et protection des accès. Le plan reste pertinent même si l’intensité exacte des aléas évolue.",Fortes pluies/ Inondation fluviale/ Inondation pluie/ Modif T° air/ RGA/ Stress Hydrique/ Chaleur extrême/ Tempêtes/ Vague de chaleur/ Vague de gel,Organisationnelles,Capital humain,50 000 €,2,2,Long terme,8,Non,Non
Mettre en place ou renforcer les plans canicule,"Mise à jour du plan canicule avec référents, seuils d’activation, appels aux personnes fragiles et stocks de bouteilles d’eau. Les équipes passent en mode prévention dès l’annonce d’une vigilance chaleur.",Chaleur extrême/ Vague de chaleur,Humaines,OPEX majoritaire > main d’œuvre,250 000 €,10,3,Long terme,0,Non,Non
Créer des retenues d’eau adaptées,Création d’une réserve d’eau paysagère alimentée par les pluies de toiture pour arroser les espaces verts en période sèche. L’arrosage ne dépend plus uniquement du réseau d’eau potable.,Stress Hydrique/ Chaleur extrême/ Vague de chaleur,Technique,CAPEX majoritaire > long terme,250 000 €,10,3,Long terme,6,Non,Non
Tester l’irrigation goutte-à-goutte enterrée et de surface,"Installation de deux parcelles tests, l’une en goutte-à-goutte enterré et l’autre en surface, avec suivi de l’humidité du sol et des rendements. Le système le plus efficace est retenu avant généralisation.",Stress Hydrique/ Chaleur extrême/ Modif T° air,Technique,CAPEX majoritaire > court terme,50 000 €,2,2,Court terme,7,Non,Non
"Modifier les normes thermiques, de ventilation, d’urbanisme et de bâtiment","Révision d’un cahier des charges bâtiment pour imposer protections solaires, ventilation naturelle, seuils anti-inondation et sols perméables. Les nouvelles constructions intègrent les aléas dès la conception.",Chaleur extrême/ Vague de chaleur/ Modif T° air/ Fortes pluies/ Inondation pluie/ RGA,Technique,Capital humain,250 000 €,10,3,Long terme,0,Non,Non
Adapter les cultures et les régimes alimentaires,Introduction de variétés moins gourmandes en eau dans les menus d’une cantine et adaptation des achats vers des productions locales résilientes. L’alimentation dépend moins de cultures fragilisées par la sécheresse.,Stress Hydrique/ Chaleur extrême/ Modif T° air,Solutions fondées sur la nature,Capital humain,80 000 €,3,2,Moyen terme,0,Non,Non
Créer une coulée verte ou un corridor écologique urbain,"Aménagement d’un corridor planté reliant un parc, une école et une zone d’activité, avec sols perméables et essences locales. Les déplacements sont plus frais et la biodiversité circule mieux en ville.",Chaleur extrême/ Vague de chaleur/ Modif T° air/ Stress Hydrique/ Fortes pluies/ Inondation pluie,Solutions fondées sur la nature,CAPEX majoritaire > long terme,250 000 €,10,3,Long terme,6,Non,Non
"Réaliser un état des lieux du foncier mobilisable, recyclable ou à densifier","Inventaire des friches, parkings sous-utilisés et parcelles mutables pouvant accueillir logements, végétalisation ou équipements sans artificialiser de nouveaux sols. Le foncier existant est utilisé avant d’étendre la ville.",Chaleur extrême/ Vague de chaleur/ Modif T° air/ Fortes pluies/ Inondation pluie/ Stress Hydrique,Solutions fondées sur la nature,Capital humain,80 000 €,3,2,Moyen terme,0,Non,Non
Créer une plateforme territorialisée des risques climatiques,"Mise en ligne d’une plateforme affichant cartes d’inondation, îlots de chaleur, vulnérabilités sociales et actions prévues par quartier. Les élus et services disposent d’une vision partagée des priorités.",Tous aléas climatiques,Technique,Capital humain,50 000 €,2,2,Court terme,4,Non,Non
Mettre en place une information climatique en mode push,"Envoi automatique d’alertes ciblées aux gestionnaires de sites lorsqu’un seuil de chaleur, pluie ou vent est dépassé. Les responsables reçoivent l’information utile sans devoir consulter plusieurs sources.",Tous aléas climatiques,Organisationnelles,Capital humain,30 000 €,1,1,Court terme,10,Non,Non
Analyser les événements passés pour éviter la répétition des erreurs,"Analyse d’une inondation passée avec chronologie, points de blocage, dégâts, décisions prises et retours des équipes. Les procédures sont corrigées pour éviter les mêmes défaillances lors du prochain événement.",Tous aléas climatiques,Organisationnelles,Capital humain,250 000 €,10,3,Moyen terme,8,Non,Non
Capitaliser sur les réalisations performantes de territoires comparables,"Visite de territoires ayant déjà désimperméabilisé des cours, adapté des bâtiments publics ou créé des îlots de fraîcheur. Les solutions éprouvées sont reprises en tenant compte du contexte local.",Tous aléas climatiques,Organisationnelles,Capital humain,15 000 €,1,"0,5",Moyen terme,1,Non,Non
Promouvoir les outils d’évaluation de vulnérabilité,"Diffusion d’un outil simple de diagnostic indiquant exposition, sensibilité et capacité d’adaptation pour chaque bâtiment ou activité. Les responsables peuvent comparer les vulnérabilités sans expertise lourde au départ.",Tous aléas climatiques,Technique,CAPEX majoritaire > court terme,50 000 €,2,2,Court terme,4,Non,Non
Faciliter l’accès aux dispositifs d’accompagnement au diagnostic,"Mise en place d’un guichet unique orientant les PME vers bureaux d’études, chambres consulaires et aides au diagnostic climatique. Les entreprises accèdent plus facilement au premier niveau d’accompagnement.",Tous aléas climatiques,Organisationnelles,Capital humain,30 000 €,1,1,Moyen terme,4,Non,Non
Reconduire les petites subventions vertes pour les diagnostics de vulnérabilité,"Attribution d’une aide forfaitaire aux petites structures pour financer un premier diagnostic chaleur, eau ou inondation. Le coût d’entrée baisse et davantage d’acteurs évaluent leurs vulnérabilités.",Tous aléas climatiques,Financières,Section par défaut,30 000 €,1,1,Moyen terme,4,Non,Non
Élaborer des plans d’urgence pour la santé et la productivité des travailleurs,"Création d’un protocole pour les travailleurs exposés, avec pauses renforcées, zones de repli, seuils d’arrêt et suivi des malaises. La santé et la productivité sont protégées pendant les épisodes extrêmes.",Chaleur extrême/ Vague de chaleur/ Tempêtes/ Fortes pluies/ Inondation pluie/ Vague de gel/ Modif T° air/ RGA/ Stress Hydrique/ Inondation fluviale/ Inondation nappe,Organisationnelles,OPEX majoritaire > main d’œuvre,30 000 €,1,1,Moyen terme,0,Non,Non
Développer un écosystème local de partenaires pour l’exposition aux aléas,"Constitution d’un réseau local avec pompiers, collectivités, assureurs, chambres consulaires et fournisseurs essentiels. Chaque acteur sait qui contacter lorsqu’un aléa menace une zone d’activité.",Tous aléas climatiques,Organisationnelles,OPEX majoritaire > main d’œuvre,50 000 €,2,2,Moyen terme,3,Non,Non
Utiliser le CPF pour les salariés concernés par une réorientation stratégique,"Mobilisation du CPF pour former des salariés dont le métier devient moins viable à cause du climat, par exemple vers la maintenance, l’eau ou l’énergie. Les trajectoires professionnelles sont anticipées plutôt que subies.",Tous aléas climatiques,Humaines,OPEX majoritaire > main d’œuvre,30 000 €,1,1,Court terme,0,Non,Non
Créer des communautés de recherche de solutions d’adaptation,"Création d’un groupe de pairs réunissant entreprises, collectivités et chercheurs pour tester des solutions d’ombrage, d’eau ou de continuité d’activité. Les retours d’expérience accélèrent le passage à l’action.",Tous aléas climatiques,Organisationnelles,Capital humain,15 000 €,1,"0,5",Court terme,3,Non,Non
Créer des groupes de travail transversaux sur la résilience des infrastructures,"Réunion des services voirie, eau, énergie, numérique et bâtiments pour analyser la dépendance entre réseaux critiques. Les travaux de résilience sont coordonnés au lieu d’être décidés séparément.",Tous aléas climatiques,Organisationnelles,OPEX majoritaire > main d’œuvre,15 000 €,1,"0,5",Moyen terme,3,Non,Non
Développer des accompagnements multi-enjeux de transition,"Accompagnement d’une PME sur l’eau, l’énergie, les risques physiques et la stratégie commerciale dans un même parcours. L’entreprise évite de traiter l’adaptation comme un sujet isolé.",Tous aléas climatiques,Organisationnelles,Capital humain,15 000 €,1,"0,5",Moyen terme,0,Non,Non
Accélérer les autorisations nécessaires aux nouvelles technologies d’adaptation,Mise en place d’une procédure accélérée pour tester une solution de récupération d’eau ou de rafraîchissement passif sur un site pilote. Les innovations utiles ne restent pas bloquées par des délais administratifs.,Tous aléas climatiques,Humaines,Section par défaut,15 000 €,1,"0,5",Moyen terme,0,Non,Non
Soutenir la recherche sur les matériaux et procédés sobres en ressources,Lancement d’un programme de recherche sur bétons bas carbone résistants aux fortes chaleurs et procédés industriels économes en eau. Les futurs équipements consomment moins de ressources critiques.,Stress Hydrique/ Modif T° air/ Chaleur extrême,Technique,CAPEX majoritaire > long terme,250 000 €,10,3,Long terme,0,Non,Non
Favoriser les approches pluridisciplinaires,"Association d’ingénieurs, sociologues, urbanistes, assureurs et usagers pour concevoir un plan de résilience. Les solutions tiennent compte à la fois des contraintes techniques et des usages quotidiens.",Tous aléas climatiques,Organisationnelles,OPEX majoritaire > main d’œuvre,15 000 €,1,"0,5",Moyen terme,0,Non,Non
Fluidifier la collaboration entre acteurs de la chaîne d’adaptation,"Signature d’une convention entre collectivités, gestionnaires de réseaux, entreprises et associations pour partager données, alertes et retours d’expérience. Les acteurs de l’adaptation travaillent avec les mêmes informations.",Tous aléas climatiques,Technique,Capital humain,50 000 €,2,2,Moyen terme,3,Non,Non
Inciter les secteurs exposés à repenser leur modèle d’affaires,"Atelier stratégique avec les secteurs très exposés pour tester la robustesse de leur modèle économique face à la chaleur, l’eau rare ou les interruptions. Les activités les plus fragiles identifient des alternatives.",Tous aléas climatiques,Organisationnelles,OPEX majoritaire > main d’œuvre,15 000 €,1,"0,5",Moyen terme,4,Non,Non
Garantir par l’État les prêts verts adaptation,Création d’une garantie publique couvrant une partie du risque des prêts destinés à l’adaptation des bâtiments et outils de production. Les banques financent plus facilement les investissements préventifs.,Tous aléas climatiques,Financières,Section par défaut,25 000 €,1,1,Moyen terme,0,Non,Non
Former les acteurs à la gouvernance partagée,"Formation des élus, directions et chefs de service aux rôles partagés, arbitrages et responsabilités dans une gouvernance d’adaptation. Les décisions sont mieux coordonnées entre niveaux d’action.",Tous aléas climatiques,Humaines,Capital humain,30 000 €,1,1,Court terme,10,Non,Non
Organiser une concertation citoyenne dédiée à la résilience,"Organisation d’une concertation avec habitants, commerçants et associations sur les priorités de fraîcheur, eau et continuité de services. Les projets retenus reflètent les besoins vécus localement.",Tous aléas climatiques,Humaines,Capital humain,30 000 €,1,1,Court terme,3,Non,Non
Garantir la transparence des informations de résilience,"Publication d’un tableau de bord clair présentant risques, budgets, actions lancées et résultats mesurés. Les parties prenantes peuvent suivre la progression réelle de la résilience.",Tous aléas climatiques,Humaines,Capital humain,30 000 €,1,1,Court terme,10,Non,Non
Faire adopter politiquement la stratégie d’adaptation,"Vote en conseil ou comité de direction d’une stratégie d’adaptation avec mandat, financement et calendrier. Le sujet devient une priorité officielle et non une simple intention technique.",Tous aléas climatiques,Organisationnelles,OPEX majoritaire > main d’œuvre,30 000 €,1,1,Moyen terme,1,Non,Non
Renforcer la biodiversité et les habitats naturels,"Restauration de mares, haies, prairies et continuités écologiques sur des espaces dégradés. Les habitats naturels résistent mieux aux sécheresses et soutiennent la biodiversité locale.",Tous aléas climatiques,Technique,OPEX majoritaire > main d’œuvre,50 000 €,2,2,Long terme,6,Non,Non
Prendre en compte les inégalités dans chaque projet,"Analyse de chaque projet selon l’âge, la santé, les revenus, l’accès aux transports et l’exposition des habitants. Les mesures d’adaptation protègent en priorité les publics les plus vulnérables.",Tous aléas climatiques,Organisationnelles,CAPEX majoritaire > long terme,250 000 €,10,3,Long terme,8,Non,Non
Privilégier les actions multi-bénéfices,"Choix de solutions qui rafraîchissent, infiltrent l’eau, améliorent la biodiversité et créent des usages sociaux en même temps. Chaque euro investi produit plusieurs bénéfices pour le territoire.",Tous aléas climatiques,Solutions fondées sur la nature,CAPEX majoritaire > long terme,250 000 €,10,3,Long terme,8,Non,Non
Évaluer ex post les actions de résilience,"Bilan un an après les travaux, avec mesures de température, retours d’usagers et comparaison des incidents avant-après. Les actions inefficaces sont ajustées au lieu d’être simplement valorisées.",Tous aléas climatiques,Organisationnelles,OPEX majoritaire > main d’œuvre,30 000 €,1,1,Moyen terme,4,Non,Non
Identifier les ressources et forces vives,"Recensement des associations, entreprises, agents, lieux refuges, matériels disponibles et compétences mobilisables en crise. Le territoire connaît ses appuis avant d’en avoir besoin.",Tous aléas climatiques,Organisationnelles,OPEX majoritaire > main d’œuvre,15 000 €,1,"0,5",Moyen terme,0,Non,Non
Valoriser les savoir-faire et l’histoire locale,"Collecte de pratiques locales anciennes, comme gestion des canaux, ombrage des rues ou entraide de voisinage, puis intégration dans les projets actuels. L’adaptation s’appuie sur l’identité du territoire.",Tous aléas climatiques,Organisationnelles,Capital humain,15 000 €,1,"0,5",Moyen terme,0,Non,Non
Développer les réseaux d’entraide de proximité,"Mise en place d’un réseau de voisins référents pour appeler les personnes isolées, partager de l’eau et signaler les besoins lors d’une canicule. L’entraide complète les dispositifs institutionnels.",Tous aléas climatiques,Humaines,Capital humain,25 000 €,1,1,Long terme,3,Non,Non
Soutenir les initiatives citoyennes de résilience,"Création d’un petit fonds local finançant jardins de pluie, ateliers de quartier, ombrières citoyennes et kits d’alerte. Les habitants peuvent tester rapidement des solutions de résilience.",Tous aléas climatiques,Financières,OPEX majoritaire > main d’œuvre,15 000 €,1,"0,5",Moyen terme,3,Non,Non
Réaliser un diagnostic partagé des aléas,"Atelier réunissant habitants, entreprises, techniciens et élus pour cartographier les aléas observés et les secteurs sensibles. Le diagnostic est partagé par ceux qui vivent et gèrent le territoire.",Tous aléas climatiques,Organisationnelles,OPEX majoritaire > main d’œuvre,50 000 €,2,2,Moyen terme,4,Non,Non
Réaliser des diagnostics réguliers de vulnérabilité,"Programmation d’un diagnostic de vulnérabilité tous les trois ans, avec mise à jour après travaux, sinistre ou changement d’usage. La connaissance du risque reste actuelle.",Tous aléas climatiques,Organisationnelles,OPEX majoritaire > main d’œuvre,50 000 €,2,2,Moyen terme,4,Non,Non
Analyser les phénomènes concomitants,"Étude d’un scénario combinant crue, coupure électrique et épisode de chaleur, avec identification des effets en cascade. Les plans de crise prennent en compte plusieurs aléas simultanés.",Fortes pluies/ Inondation fluviale/ Stress Hydrique/ Chaleur extrême/ Tempêtes/ Inondation pluie,Technique,OPEX majoritaire > main d’œuvre,250 000 €,10,3,Moyen terme,4,Non,Non
Mettre en place une comitologie d’adaptation,"Création d’un comité technique, d’un comité décisionnel et d’un groupe terrain avec calendrier de réunions et livrables. Le pilotage de l’adaptation devient régulier et lisible.",Tous aléas climatiques,Technique,OPEX majoritaire > main d’œuvre,50 000 €,2,2,Moyen terme,0,Non,Non
Mettre en place un observatoire partenarial des vulnérabilités,"Mise en commun des données sociales, sanitaires, économiques et climatiques dans un observatoire animé par plusieurs partenaires. Les vulnérabilités sont suivies dans le temps et partagées.",Tous aléas climatiques,Organisationnelles,CAPEX majoritaire > court terme,50 000 €,2,2,Court terme,3,Non,Non
Traduire localement les limites planétaires,"Déclinaison locale des limites sur l’eau, les sols, la biodiversité et les émissions dans les critères de projet. Les décisions tiennent compte des contraintes écologiques du territoire.",Tous aléas climatiques,Organisationnelles,OPEX majoritaire > main d’œuvre,50 000 €,2,2,Moyen terme,0,Non,Non
Organiser des chantiers collectifs d’intérêt général,"Organisation d’un chantier participatif pour planter une haie, désimperméabiliser une cour ou aménager une zone d’ombre. Les habitants contribuent directement à une amélioration visible.",Tous aléas climatiques,Humaines,Capital humain,30 000 €,1,1,Court terme,3,Non,Non
Créer un réseau de bénévoles et d’ambassadeurs de la résilience,"Formation d’ambassadeurs capables d’expliquer les consignes canicule, repérer les personnes fragiles et relayer les alertes. La prévention circule mieux dans les quartiers.",Tous aléas climatiques,Humaines,Capital humain,25 000 €,1,1,Long terme,3,Non,Non
Mobiliser les arts et la culture pour sensibiliser,"Création d’une exposition, d’un spectacle ou d’un parcours sonore racontant les risques climatiques locaux et les solutions possibles. La sensibilisation touche des publics qui ne viennent pas aux réunions techniques.",Tous aléas climatiques,Humaines,Capital humain,30 000 €,1,1,Court terme,10,Non,Non
Assurer la cohérence entre les plans de crise,"Comparaison des plans canicule, inondation, continuité d’activité et secours pour supprimer les contradictions de consignes. Les équipes appliquent un cadre cohérent pendant la crise.",Tous aléas climatiques,Organisationnelles,OPEX majoritaire > main d’œuvre,30 000 €,1,1,Moyen terme,0,Non,Non
Généraliser les démarches de relèvement post-choc,"Préparation d’une méthode de retour à la normale après sinistre, avec priorités de réparation, soutien aux habitants et calendrier de reprise. Le territoire se relève plus vite après un choc.",Tous aléas climatiques,Organisationnelles,CAPEX majoritaire > long terme,250 000 €,10,3,Long terme,0,Non,Non
Réaliser des exercices fictifs d’urgence,"Simulation d’une crue soudaine ou d’une coupure d’accès, avec déclenchement des alertes, ouverture d’un lieu refuge et test des responsabilités. Les failles du dispositif apparaissent avant la vraie crise.",Tous aléas climatiques,Organisationnelles,Capital humain,15 000 €,1,"0,5",Moyen terme,0,Non,Non
Développer des exercices de prospective participative,"Atelier prospectif imaginant un territoire avec moins de neige, plus de chaleur ou des accès coupés, puis définition d’options d’adaptation. Les acteurs explorent plusieurs futurs possibles.",Tous aléas climatiques,Organisationnelles,OPEX majoritaire > main d’œuvre,15 000 €,1,"0,5",Moyen terme,0,Non,Non
Surveiller les crues via des plateformes d’alerte,Abonnement à une plateforme de suivi des crues avec seuils personnalisés pour les cours d’eau proches des équipements sensibles. Les fermetures et mises en sécurité sont déclenchées plus tôt.,Fortes pluies/ Inondation fluviale/ Inondation pluie/ Tempêtes/ Chaleur extrême/ Vague de chaleur/ Vague de gel,Organisationnelles,CAPEX majoritaire > court terme,50 000 €,2,2,Court terme,7,Non,Non
Identifier les canaux de diffusion de l’alerte,"Inventaire des canaux disponibles, SMS, appels, panneaux lumineux, radio locale et porte-à-porte, avec public cible pour chacun. Les alertes atteignent aussi les personnes peu connectées.",Inondation fluviale/ Inondation pluie/ Tempêtes/ Chaleur extrême/ Vague de chaleur/ Vague de gel,Technique,OPEX majoritaire > main d’œuvre,250 000 €,10,3,Long terme,7,Non,Non
Mettre en place des réponses low-tech et réversibles,"Installation de batardeaux amovibles, stores manuels, réserves d’eau simples et zones d’ombre démontables. Les réponses peuvent être déplacées ou ajustées si le risque évolue.",Tous aléas climatiques,Organisationnelles,CAPEX majoritaire > court terme,50 000 €,2,2,Court terme,8,Non,Non
Soutenir les expérimentations et innovations frugales,"Financement de prototypes simples, comme ombrières en matériaux réemployés, capteurs bas coût ou noues expérimentales. Les solutions sont testées à petite échelle avant investissement lourd.",Tous aléas climatiques,Financières,CAPEX majoritaire > court terme,15 000 €,1,"0,5",Court terme,7,Non,Non
Construire de nouveaux récits inspirants et mobilisateurs,"Production de récits, portraits et visites montrant des lieux déjà transformés par l’adaptation. Les habitants et décideurs se projettent plus facilement dans le changement.",Tous aléas climatiques,Humaines,Capital humain,50 000 €,2,2,Moyen terme,10,Non,Non
Identifier collectivement les besoins vitaux,"Atelier collectif listant eau potable, alimentation, santé, énergie, communications et accès essentiels en cas de crise. Les priorités de protection sont clarifiées avant de choisir les actions.",Tous aléas climatiques,Organisationnelles,CAPEX majoritaire > long terme,250 000 €,10,3,Long terme,0,Non,Non
Accompagner la transition vers une économie sobre et résiliente,"Accompagnement d’entreprises locales pour réduire leur dépendance à l’eau, sécuriser leurs fournisseurs et diversifier leurs débouchés. L’économie devient moins fragile face aux contraintes climatiques.",Tous aléas climatiques,Organisationnelles,CAPEX majoritaire > long terme,250 000 €,10,3,Long terme,0,Non,Non
Développer les circuits courts et activités stratégiques locales,"Soutien à une filière locale de réparation, alimentation ou matériaux biosourcés, avec contrats de proximité et stockage adapté. Le territoire dépend moins de chaînes longues perturbées par les aléas.",Tous aléas climatiques,Solutions fondées sur la nature,CAPEX majoritaire > long terme,250 000 €,10,3,Long terme,2,Non,Non
Conditionner les investissements à la soutenabilité long terme,"Ajout d’un critère de robustesse climatique dans tous les dossiers d’investissement, avec coût de maintenance et exposition à trente ans. Les projets non soutenables sont écartés avant engagement financier.",Tous aléas climatiques,Financières,CAPEX majoritaire > long terme,250 000 €,10,3,Long terme,2,Non,Non
Élaborer une gouvernance des communs,"Création d’une gouvernance partagée pour l’eau, les sols ou les espaces de fraîcheur, avec règles d’usage et arbitrage collectif. Les ressources communes sont protégées plutôt que consommées sans coordination.",Tous aléas climatiques,Organisationnelles,OPEX majoritaire > main d’œuvre,15 000 €,1,"0,5",Moyen terme,3,Non,Non
Intégrer le risque dans le dimensionnement des systèmes,"Dimensionnement d’un réseau d’eaux pluviales, d’une toiture ou d’un accès selon les pluies et chaleurs futures plutôt que les seules données historiques. Le système reste fonctionnel pendant des événements plus intenses.",Fortes pluies/ Inondation fluviale/ Inondation pluie/ RGA/ Chaleur extrême/ Tempêtes/ Vague de gel,Technique,CAPEX majoritaire > long terme,250 000 €,10,3,Long terme,4,Non,Non
Gérer le patrimoine existant de façon intégrée,"Plan de gestion croisant état des bâtiments, voiries, réseaux, espaces verts et usages pour prioriser les rénovations. Le patrimoine est adapté de manière cohérente et non ouvrage par ouvrage.",Tous aléas climatiques,Technique,OPEX majoritaire > main d’œuvre,50 000 €,2,2,Moyen terme,0,Non,Non
Renforcer la solidité des infrastructures critiques,"Renforcement d’un poste électrique, d’un pont ou d’un centre de secours avec protections contre l’eau, le vent et la chaleur. Les services essentiels restent disponibles pendant les épisodes extrêmes.",Fortes pluies/ Inondation fluviale/ Inondation pluie/ RGA/ Tempêtes/ Vague de gel/ Chaleur extrême,Technique,CAPEX majoritaire > long terme,250 000 €,10,3,Long terme,0,Non,Non
Anticiper l’adaptabilité et la réversibilité des systèmes,"Conception d’un équipement démontable, modulable ou convertible si les usages changent ou si l’exposition climatique augmente. Le système peut évoluer sans reconstruction complète.",Tous aléas climatiques,Technique,CAPEX majoritaire > long terme,250 000 €,10,3,Long terme,0,Non,Non
Assurer les capacités de réserve et la redondance,"Organisation d’une capacité de secours avec groupe électrogène, stock tampon et fournisseur alternatif identifié. Les activités critiques peuvent continuer même si un réseau, un accès ou un prestataire est momentanément indisponible.",Inondation fluviale/ Inondation pluie/ Tempêtes/ Chaleur extrême/ Vague de chaleur/ Vague de gel,Organisationnelles,CAPEX majoritaire > long terme,250 000 €,10,3,Long terme,0,Non,Non
Diversifier les viviers de ressources,"Constitution d’un vivier élargi de saisonniers, sous-traitants et fournisseurs situés dans plusieurs zones géographiques. L’entreprise évite de dépendre d’une seule ressource lorsque les fortes pluies, la chaleur ou une crise locale désorganisent l’activité.",Tous aléas climatiques,Organisationnelles,OPEX majoritaire > main d’œuvre,30 000 €,1,1,Moyen terme,0,Non,Non
Choisir des revêtements de murs et de toits à fort albédo,Application d’une peinture claire réfléchissante sur les toitures exposées et remplacement des bardages sombres par des finitions à fort albédo. Les locaux absorbent moins de chaleur pendant les épisodes caniculaires.,Vague de chaleur/ Chaleur extrême/ Modif T° air,Technique,CAPEX majoritaire > long terme,250 000 €,10,3,Long terme,0,Non,Non
Mettre en place une procédure tempête,"Rédaction d’un protocole tempête avec fermeture anticipée des espaces extérieurs, sécurisation des objets mobiles et vérification des ancrages. Les équipes savent quoi faire avant l’arrivée de vents violents.",Tempêtes/ Vents violents,Organisationnelles,OPEX majoritaire > main d’œuvre,50 000 €,2,2,Court terme,1,Non,Non
Améliorer l’isolation et l’inertie des parois opaques,Ajout d’isolant biosourcé et de protections intérieures sur les murs exposés au soleil afin d’augmenter l’inertie du bâtiment. La température intérieure varie moins rapidement lors des vagues de chaleur.,Vague de chaleur/ Chaleur extrême/ Modif T° air,Technique,CAPEX majoritaire > long terme,250 000 €,10,3,Long terme,0,Non,Non
Rigidifier la structure du bâtiment,"Renforcement des charpentes, contreventements et fixations sur les bâtiments les plus exposés au vent. La structure résiste mieux aux rafales et aux sollicitations exceptionnelles.",RGA/ Stress Hydrique/ Inondation fluviale/ Inondation pluie/ Inondation nappe/ Mouvements de terrain,Technique,CAPEX majoritaire > long terme,250 000 €,10,3,Long terme,0,Non,Non
Utiliser des matériaux résistants à l’eau,"Pose de cloisons, sols et plinthes hydrofuges dans les zones susceptibles d’être inondées. Après une montée d’eau, les espaces peuvent être nettoyés et remis en service plus rapidement.",Inondation fluviale/ Inondation pluie/ Inondation nappe/ Submersion marine,Technique,CAPEX majoritaire > long terme,250 000 €,10,3,Long terme,0,Non,Non
Optimiser lumière naturelle par vitrages et puits de jour,Création de puits de lumière et remplacement de vitrages mal orientés par des ouvertures mieux dimensionnées. Les pièces sont éclairées naturellement sans augmenter excessivement les apports de chaleur.,Vague de chaleur/ Chaleur extrême/ Modif T° air,Technique,CAPEX majoritaire > long terme,250 000 €,10,3,Long terme,0,Non,Non
Rafraîchir les espaces intérieurs par le sol,Installation d’un plancher rafraîchissant alimenté par une eau tempérée dans les espaces accueillant du public. Les occupants bénéficient d’un confort d’été sans recours massif à la climatisation.,Vague de chaleur/ Chaleur extrême/ Modif T° air/ Stress Hydrique,Technique,CAPEX majoritaire > long terme,250 000 €,10,3,Long terme,0,Non,Non
Limiter les variations du taux d’humidité du sol,"Mise en place d’un suivi de l’humidité des sols avec paillage, arrosage ciblé et limitation du dessèchement près des fondations. Les retraits et gonflements du terrain sont mieux maîtrisés.",RGA/ Stress Hydrique,Technique,CAPEX majoritaire > long terme,250 000 €,10,3,Long terme,0,Non,Non
Choisir des équipements à faible émission de chaleur,"Remplacement des serveurs, éclairages et appareils énergivores par des équipements dégageant moins de chaleur. Les locaux techniques et bureaux montent moins vite en température l’été.",Vague de chaleur/ Chaleur extrême/ Modif T° air,Technique,CAPEX majoritaire > court terme,250 000 €,10,3,Court terme,0,Non,Non
Communiquer sur les risques aux occupants,"Diffusion d’affiches, messages d’accueil et consignes simples sur les comportements à adopter en cas de chaleur, inondation ou tempête. Les occupants comprennent les risques et réagissent plus vite.",Vague de chaleur/ Chaleur extrême/ Modif T° air/ RGA/ Stress Hydrique/ Tempêtes/ Inondation fluviale/ Inondation pluie/ Inondation nappe/ Fortes pluies,Organisationnelles,Capital humain,15 000 €,1,"0,5",Moyen terme,10,Non,Non
Concentrer les équipements et activités essentiels aux étages supérieurs,"Déplacement des armoires électriques, archives sensibles et équipements informatiques vers les niveaux hauts du bâtiment. Les fonctions essentielles restent protégées en cas d’inondation du rez-de-chaussée.",Inondation fluviale/ Inondation pluie/ Inondation nappe/ Submersion marine,Technique,CAPEX majoritaire > court terme,50 000 €,2,2,Court terme,0,Non,Non
Définir une stratégie face au risque d’inondation,"Élaboration d’un plan inondation avec seuils de déclenchement, consignes de fermeture, contacts d’urgence et priorités de remise en route. L’établissement dispose d’une ligne claire avant, pendant et après la crue.",Inondation fluviale/ Inondation pluie/ Inondation nappe/ Submersion marine,Organisationnelles,OPEX majoritaire > main d’œuvre,30 000 €,1,1,Moyen terme,4,Non,Non
Protéger les réseaux,"Protection des réseaux électriques, d’eau et de télécommunication par clapets anti-retour, gaines étanches et rehaussement des points sensibles. Les services indispensables sont moins exposés aux dégâts d’eau.",Vague de chaleur/ Chaleur extrême/ Modif T° air/ RGA/ Stress Hydrique/ Tempêtes/ Inondation fluviale/ Inondation pluie/ Inondation nappe/Submersion marine/ Fortes pluies,Technique,CAPEX majoritaire > long terme,250 000 €,10,3,Long terme,0,Non,Non
Choisir des solutions de prévention des risques adaptées localement,"Choix de protections proportionnées au contexte local, comme batardeaux en centre ancien, noues en périphérie ou ombrières sur arrêt de bus. Les investissements répondent au risque réel plutôt qu’à une solution standard.",Fortes pluies/ Inondation fluviale/ Inondation pluie/ RGA/ Tempêtes,Organisationnelles,CAPEX majoritaire > long terme,250 000 €,10,3,Long terme,4,Non,Non
Intégrer l’adaptation aux constructions neuves et rénovations lourdes,"Intégration de protections solaires, matériaux résistants à l’eau et espaces refuges dans les projets neufs ou les rénovations lourdes. Les bâtiments sont adaptés dès la conception au climat futur.",Vague de chaleur/ Chaleur extrême/ Fortes pluies/ Tempêtes/ RGA,Technique,CAPEX majoritaire > long terme,250 000 €,10,3,Long terme,0,Non,Non
Mener des actions d’opportunisme lors de travaux ponctuels,"Ajout de noues, ombrage ou revêtements perméables à l’occasion d’une réfection de voirie déjà programmée. Les petits travaux deviennent une opportunité d’adaptation sans lancer un chantier séparé.",Vague de chaleur/ Chaleur extrême/ Fortes pluies/ Tempêtes/ RGA,Organisationnelles,OPEX majoritaire > main d’œuvre,30 000 €,1,1,Court terme,0,Non,Non
Programmer des interventions reproductibles à grande échelle,"Déploiement d’un modèle type de cours ombragées, arrêts de bus frais ou parkings désimperméabilisés sur plusieurs sites similaires. Les solutions efficaces sont reproduites rapidement à grande échelle.",Vague de chaleur/ Chaleur extrême,Technique,CAPEX majoritaire > court terme,50 000 €,2,2,Court terme,0,Non,Non
Évaluer l’exposition aux aléas climatiques,"Réalisation d’un diagnostic croisant chaleur, inondation, sécheresse, vent et vulnérabilité des activités. L’entreprise connaît les aléas les plus critiques pour ses sites et ses équipes.",Tous aléas climatiques,Organisationnelles,OPEX majoritaire > main d’œuvre,15 000 €,1,"0,5",Moyen terme,4,Non,Non
Désigner un pilote Adaptation,"Nomination d’un référent Adaptation chargé de suivre le plan d’actions, les indicateurs et les arbitrages internes. Le sujet dispose d’un responsable clairement identifié.",Tous aléas climatiques,Humaines,OPEX majoritaire > main d’œuvre,15 000 €,1,"0,5",Moyen terme,7,Non,Non
Adapter les plages horaires des services,"Décalage des visites guidées, livraisons, ménage et activités physiques vers les heures les plus fraîches. Les salariés et clients sont moins exposés aux pics de chaleur.",Vague de chaleur/ Chaleur extrême,Organisationnelles,OPEX majoritaire > main d’œuvre,15 000 €,1,"0,5",Moyen terme,0,Non,Non
Former aux bons usages des bâtiments en période chaude,"Formation des équipes d’accueil, de ménage et de maintenance aux réflexes de fermeture, ventilation et usage raisonné des protections solaires. Le bâtiment est mieux utilisé pendant les épisodes chauds.",Vague de chaleur/ Chaleur extrême,Humaines,Capital humain,25 000 €,1,1,Long terme,10,Non,Non
Mettre en place une gestion technique de la chaleur,"Paramétrage d’une gestion technique qui ferme automatiquement les stores, ventile la nuit et limite les apports internes de chaleur. Le pilotage du bâtiment devient plus réactif en période caniculaire.",Vague de chaleur/ Chaleur extrême,Technique,CAPEX majoritaire > court terme,250 000 €,10,3,Court terme,0,Non,Non
Créer des noues plantées pour stocker et traiter les eaux,Création de noues végétalisées le long des cheminements et parkings pour retenir les eaux de pluie. Les ruissellements sont ralentis et filtrés avant de rejoindre le réseau.,Fortes pluies/ Inondation pluie,Technique,CAPEX majoritaire > long terme,250 000 €,10,3,Long terme,6,Non,Oui
Former le personnel aux premiers secours,"Formation du personnel d’accueil, d’animation et d’entretien aux gestes de premiers secours et à l’alerte des secours. Les premières minutes d’un incident sont mieux prises en charge.",Inondation fluviale/ Fortes pluies/ Tempêtes/ Vents violents/ Ouragans,Humaines,Capital humain,50 000 €,2,2,Court terme,10,Non,Non
Installer une plateforme ou zone refuge,"Construction d’une zone refuge surélevée, visible et accessible depuis les espaces exposés. Les personnes peuvent se mettre en sécurité lorsque l’évacuation immédiate n’est plus possible.",Submersion marine/ Inondation fluviale,Technique,CAPEX majoritaire > court terme,50 000 €,2,2,Court terme,7,Non,Oui
"Aménager sur pilotis, longrines ou blocs de béton","Surélévation d’un bâtiment léger sur pilotis, longrines ou blocs béton dimensionnés selon le niveau d’eau attendu. Les planchers et équipements sensibles restent hors d’atteinte des crues.",Submersion marine/ Inondation fluviale,Technique,CAPEX majoritaire > long terme,250 000 €,10,3,Long terme,0,Non,Oui
Gérer et récupérer les eaux pluviales à l’échelle territoriale,"Création de bassins de rétention, citernes et réseaux de récupération d’eau de pluie pour arroser les espaces publics. Le territoire réduit sa dépendance à l’eau potable.",Stress Hydrique/ Fortes pluies/ Inondation pluie,Technique,CAPEX majoritaire > long terme,250 000 €,10,3,Long terme,6,Non,Oui
Limiter le ruissellement à l’échelle,"Aménagement de fossés végétalisés, sols perméables et zones d’infiltration sur les espaces imperméabilisés. Les pluies intenses ruissellent moins vite vers l’aval.",Fortes pluies/ Inondation pluie/ Stress Hydrique,Solutions fondées sur la nature,CAPEX majoritaire > long terme,250 000 €,10,3,Long terme,6,Non,Non
"Installer mitigeurs, réducteurs de débit et chasses double débit","Pose de mousseurs, mitigeurs temporisés et chasses double débit dans les sanitaires ouverts au public. Les consommations d’eau baissent sans réduire le confort d’usage.",Stress Hydrique,Technique,CAPEX majoritaire > court terme,50 000 €,2,2,Court terme,0,Non,Non
Protéger les habitats naturels pendant les chantiers,"Balisage des zones à éviter, mise en défens des habitats sensibles et briefing des entreprises avant travaux. Les espèces et milieux naturels sont protégés pendant le chantier.",Tous aléas climatiques,Solutions fondées sur la nature,CAPEX majoritaire > court terme,80 000 €,3,2,Court terme,6,Non,Non
Classer les actions par familles d’intervention,"Regroupement des actions en familles comme sobriété eau, fraîcheur, inondation, biodiversité et gouvernance. Le plan devient plus lisible pour arbitrer et suivre les priorités.",Stress Hydrique / Modif T° air/ Chaleur extrême/ Fortes pluies,Technique,CAPEX majoritaire > long terme,250 000 €,10,3,Long terme,0,Non,Non
Encourager les transports peu carbonés,"Mise en avant de l’accès en train, navettes locales, location de vélos et réductions pour les visiteurs sans voiture. Les déplacements touristiques dépendent moins de l’automobile.",Modif T° air/ Vague de gel,Technique,CAPEX majoritaire > long terme,250 000 €,10,3,Long terme,0,Oui,Non
Réaliser un dispositif de drainage,Pose de drains périphériques et exutoires contrôlés autour d’un bâtiment exposé aux eaux stagnantes. L’eau est évacuée avant d’endommager les fondations ou les locaux.,RGA/ Fortes pluies/ Stress Hydrique/ Inondation pluie,Technique,CAPEX majoritaire > long terme,250 000 €,10,3,Long terme,0,Non,Oui
Souscrire une couverture assurantielle vents et tempêtes,"Souscription d’une police couvrant les dégâts sur toitures, vitrages, enseignes et équipements extérieurs après rafales, grêle ou chute d’arbres.",Tempêtes/ Vents violents/ Feux de forêt,Humaines,Capital humain,25 000 €,1,1,Court terme,0,Non,Non
Mettre en place des protections financières contre catastrophes,"Constitution d’un fonds de réserve catastrophe, ligne de crédit mobilisable et contrat paramétrique déclenché automatiquement après cyclone ou tempête majeure.",Tempêtes/ Ouragans,Financières,Section par défaut,25 000 €,1,1,Moyen terme,0,Non,Non
Réduire les rejets au réseau par gestion locale des eaux,"Déconnexion d’une partie des eaux de toiture du réseau unitaire et infiltration sur place via tranchées drainantes, cuves et espaces plantés.",Fortes pluies/ Inondation pluie,Technique,CAPEX majoritaire > long terme,250 000 €,10,3,Long terme,0,Non,Non
Créer trois bassins d’infiltration rectangulaires,"Construction de trois bassins rectangulaires successifs pour stocker les pluies intenses, favoriser l’infiltration et limiter le débordement vers la voirie.",Fortes pluies/ Inondation pluie,Technique,CAPEX majoritaire > long terme,250 000 €,10,3,Long terme,6,Non,Non
Reprofiler les berges en pente douce,"Adoucissement des berges d’un fossé communal avec pentes végétalisées, banquettes inondables et stabilisation par fascines plutôt que murs bétonnés.",Fortes pluies/ Inondation pluie,Solutions fondées sur la nature,CAPEX majoritaire > long terme,250 000 €,10,3,Long terme,6,Non,Non
Maintenir une prairie naturelle accessible,"Conservation d’une prairie non imperméabilisée servant à la fois d’espace de détente, zone d’infiltration et refuge de biodiversité pendant l’été.",Fortes pluies/ Inondation pluie,Solutions fondées sur la nature,OPEX majoritaire > main d’œuvre,80 000 €,3,2,Moyen terme,6,Non,Non
Installer des accès inclusifs au jardin de pluie,"Pose d’un cheminement en pente douce, d’une passerelle antidérapante et de bancs adaptés pour rendre le jardin de pluie accessible à tous.",Fortes pluies/ Inondation pluie,Technique,CAPEX majoritaire > court terme,250 000 €,10,3,Court terme,6,Non,Non
Concevoir un parc avec gestion alternative des eaux,"Aménagement d’un parc combinant noues, sols perméables, arbres d’ombrage et bassins paysagers pour absorber les pluies d’orage.",Fortes pluies/ Inondation pluie/ Vague de chaleur,Technique,CAPEX majoritaire > long terme,250 000 €,10,3,Long terme,6,Non,Non
Concevoir un écoquartier avec gestion intégrée des eaux,"Conception d’un écoquartier avec chaussées drainantes, jardins de pluie, récupération des eaux de toiture et règles d’entretien partagées.",Fortes pluies/ Inondation pluie/ Inondation fluviale/ Vague de chaleur/ Chaleur extrême,Solutions fondées sur la nature,CAPEX majoritaire > long terme,250 000 €,10,3,Long terme,6,Non,Non
Créer une zone humide urbaine,"Création d’une mare urbaine alimentée par les eaux pluviales, entourée de plantes hélophytes et connectée à un cheminement pédagogique.",Fortes pluies/ Inondation pluie/ Vague de chaleur/ Stress Hydrique,Solutions fondées sur la nature,CAPEX majoritaire > long terme,250 000 €,10,3,Long terme,6,Non,Non
Réutiliser les eaux pluviales pour l’irrigation,"Installation de cuves enterrées récupérant les eaux de toiture pour arroser les massifs, jeunes arbres et espaces verts en période sèche.",Stress Hydrique/ Fortes pluies,Technique,OPEX majoritaire > eau,25 000 €,1,1,Long terme,6,Non,Non
Contrôler les débits de fuite des eaux pluviales,"Installation d’un ouvrage de régulation limitant le débit rejeté au réseau après pluie, avec contrôle annuel et carnet de maintenance.",Fortes pluies/ Inondation pluie,Technique,CAPEX majoritaire > long terme,250 000 €,10,3,Long terme,6,Non,Non
Implanter une noue paysagère de rétention,"Création d’une noue plantée le long d’un parking pour retenir les eaux de ruissellement, les filtrer et les infiltrer progressivement.",Fortes pluies/ Inondation pluie,Technique,CAPEX majoritaire > long terme,250 000 €,10,3,Long terme,6,Non,Non
Intégrer les risques de submersion et de crue,"Intégration des cotes de crue et de submersion dans le plan d’aménagement, avec zones refuges et équipements sensibles surélevés.",Inondation fluviale/ Fortes pluies,Technique,CAPEX majoritaire > long terme,250 000 €,10,3,Long terme,4,Non,Non
Animer un programme d’économie d’eau dans les services municipaux,"Suivi mensuel des consommations d’eau des écoles, gymnases et espaces verts, avec objectifs de réduction et affichage des résultats par service.",Stress Hydrique,Technique,OPEX majoritaire > main d’œuvre,50 000 €,2,2,Moyen terme,0,Non,Non
Installer des équipements de détection de fuites,Pose de capteurs acoustiques et compteurs communicants pour détecter les fuites nocturnes avant apparition de dégâts visibles en voirie.,Stress Hydrique,Technique,CAPEX majoritaire > court terme,50 000 €,2,2,Court terme,7,Non,Non
Mobiliser un projet européen LIFE+ pour financer les travaux,"Préparation d’un dossier LIFE+ regroupant restauration hydraulique, suivi écologique, communication européenne et cofinancements publics.",Tempêtes,Financières,CAPEX majoritaire > long terme,250 000 €,10,3,Long terme,3,Non,Non
Créer des ombres autour des bâtiments du théâtre,"Pose de voiles d’ombrage, plantations d’arbres et pergolas autour des façades vitrées du théâtre pour réduire la surchauffe.",Chaleur extrême/ Vague de chaleur/ Vague de gel,Technique,CAPEX majoritaire > long terme,250 000 €,10,3,Long terme,6,Non,Non
Mettre en place une ventilation naturelle nocturne,"Ouverture automatisée des ouvrants la nuit lorsque l’air extérieur est plus frais, avec fermeture avant les pics de chaleur.",Chaleur extrême/ Vague de chaleur,Technique,OPEX majoritaire > énergie,50 000 €,2,2,Moyen terme,6,Non,Non
Planter un environnement végétal méditerranéen,"Plantation d’oliviers, micocouliers, lavandes et sols paillés autour du bâtiment pour créer de l’ombre avec peu d’arrosage.",Chaleur extrême/ Vague de chaleur,Solutions fondées sur la nature,CAPEX majoritaire > court terme,250 000 €,10,3,Court terme,6,Non,Non
Capitaliser les retours d’expérience d’adaptation,"Création d’une base de retours d’expérience décrivant problème initial, solution testée, coût, difficultés et résultats mesurés après adaptation.",Fortes pluies/ Stress Hydrique/ Chaleur extrême/ Tempêtes/ Modif T° air,Organisationnelles,OPEX majoritaire > main d’œuvre,15 000 €,1,"0,5",Moyen terme,1,Non,Non
Structurer les actions par familles d’enjeux climatiques,"Classement des actions en familles eau, chaleur, biodiversité, infrastructures et organisation afin de construire une feuille de route lisible.",Fortes pluies/ Stress Hydrique/ Chaleur extrême/ Tempêtes/ Modif T° air,Organisationnelles,Section par défaut,15 000 €,1,"0,5",Moyen terme,0,Non,Non
Déployer un volet développement durable dans les rénovations,"Intégration systématique d’isolation, ventilation, matériaux sobres et suivi des déchets dans les marchés de rénovation des bâtiments.",Modif T° air/ Chaleur extrême,Organisationnelles,Section par défaut,250 000 €,10,3,Long terme,0,Non,Non
Suivre les performances de confort et d’énergie après travaux,"Relevé des températures, consommations et retours occupants pendant deux étés après travaux pour ajuster ventilation, protections solaires et consignes.",Chaleur extrême/ Vague de chaleur/ Vague de gel/ Modif T° air,Technique,OPEX majoritaire > énergie,250 000 €,10,3,Long terme,7,Non,Non
Créer des espaces récréatifs perméables et végétalisés,"Création d’une place de quartier avec sol drainant, arbres de grand développement, mobilier ombragé et aire de jeux perméable.",Fortes pluies/ Inondation pluie/ Chaleur extrême/ Tempêtes/ Inondation fluviale,Solutions fondées sur la nature,CAPEX majoritaire > long terme,250 000 €,10,3,Long terme,6,Non,Non
Connecter les berges à un itinéraire de mobilité douce,"Aménagement d’une promenade cyclable et piétonne en bord de berge reliant gare, parc et centre-ville sans imperméabiliser les rives.",Fortes pluies/ Inondation pluie/ Modif T° air,Technique,CAPEX majoritaire > long terme,250 000 €,10,3,Long terme,6,Non,Non
Mettre en place un entretien compatible avec les aménagements doux,"Plan d’entretien limitant tontes rases, désherbage chimique et curage brutal afin de préserver noues, berges végétalisées et sols perméables.",Fortes pluies/ Inondation pluie,Solutions fondées sur la nature,OPEX majoritaire > main d’œuvre,25 000 €,1,1,Long terme,1,Non,Non
Organiser des sessions collectives de semis et plantation,"Organisation d’un chantier participatif pour semer une prairie fleurie, planter des arbustes et expliquer les gestes d’entretien aux habitants.",Chaleur extrême/ Vague de chaleur,Solutions fondées sur la nature,Capital humain,25 000 €,1,1,Long terme,0,Non,Non
Installer des supports et micro-espaces à planter,"Installation de bacs, treillis, jardinières de rue et pieds d’arbres plantés pour créer de petits îlots de fraîcheur.",Chaleur extrême/ Vague de chaleur,Solutions fondées sur la nature,CAPEX majoritaire > court terme,250 000 €,10,3,Court terme,0,Non,Non
Créer des fresques végétales sur les murs,"Végétalisation d’un mur aveugle avec câbles, plantes grimpantes et système d’arrosage économe pour réduire la température de façade.",Chaleur extrême/ Vague de chaleur,Solutions fondées sur la nature,CAPEX majoritaire > court terme,80 000 €,3,2,Court terme,6,Non,Non
Capitaliser l’expérimentation de design urbain,"Bilan de l’expérimentation urbaine avec photos avant-après, mesures de fréquentation, retours habitants et recommandations pour duplication.",Chaleur extrême/ Vague de chaleur,Organisationnelles,Section par défaut,250 000 €,10,3,Moyen terme,7,Non,Non
Tenir un registre volontaire des personnes fragiles et isolées,Mise à jour d’un registre communal des personnes âgées ou isolées souhaitant être contactées lors des épisodes de forte chaleur.,Chaleur extrême/ Vague de chaleur,Organisationnelles,OPEX majoritaire > main d’œuvre,15 000 €,1,"0,5",Moyen terme,0,Non,Non
Former les bénévoles aux procédures d’intervention canicule,"Formation des bénévoles aux appels de vigilance, visites courtes, repérage des signes d’alerte et transmission aux services sociaux.",Chaleur extrême/ Vague de chaleur,Humaines,Capital humain,25 000 €,1,1,Long terme,10,Non,Non
Réaliser des visites à domicile pendant les canicules,"Organisation de tournées à domicile chez les personnes inscrites pour vérifier hydratation, température du logement et besoin d’aide.",Chaleur extrême/ Vague de chaleur,Humaines,OPEX majoritaire > main d’œuvre,25 000 €,1,1,Long terme,0,Non,Non
Utiliser un logiciel de planification et de traçabilité,"Utilisation d’un outil partagé pour programmer appels, visites, comptes rendus et alertes non traitées pendant le plan canicule.",Chaleur extrême/ Vague de chaleur,Organisationnelles,CAPEX majoritaire > court terme,50 000 €,2,2,Court terme,7,Non,Non
Mener une campagne annuelle de communication canicule,"Distribution d’affiches, courriers et messages téléphoniques rappelant inscription au registre, lieux frais disponibles et numéros d’urgence.",Chaleur extrême/ Vague de chaleur,Humaines,Capital humain,25 000 €,1,1,Long terme,10,Non,Non
Améliorer les connaissances territoriales sur les ressources,"Compilation des données nappes, captages, usages et sécheresses passées pour identifier les secteurs où la ressource devient fragile.",Stress Hydrique,Organisationnelles,CAPEX majoritaire > court terme,50 000 €,2,2,Court terme,0,Non,Non
Améliorer le lien ville-agriculture,"Création de marchés de producteurs, jardins partagés et circuits courts reliant habitants, cantines, agriculteurs et espaces agricoles périurbains.",Modif T° air,Humaines,Capital humain,30 000 €,6,1,Court terme,3,Non,Non
Conventionner les interventions sur terrains privés,"Signature d’accords avec les propriétaires riverains pour autoriser l’accès rapide aux berges, fossés ou parcelles sensibles lors d’un curage, d’une fuite ou d’un épisode de sécheresse.",Stress Hydrique,Organisationnelles,OPEX majoritaire > main d’œuvre,15 000 €,1,"0,5",Moyen terme,0,Non,Non
Organiser les réunions publiques et visites de chantier,"Organisation d’une visite du chantier avec les riverains, présentation des restrictions d’eau prévues et recueil des inquiétudes avant le démarrage des travaux d’été.",Stress Hydrique,Humaines,Capital humain,15 000 €,1,"0,5",Moyen terme,3,Non,Non
Former les entreprises et usagers au bon usage du bâtiment,"Session de prise en main expliquant aux occupants quand ouvrir les ouvrants, fermer les brise-soleil et utiliser la ventilation pour garder le confort sans surconsommer.",Modif T° air/ Chaleur extrême/ Vague de chaleur,Humaines,Capital humain,25 000 €,1,1,Long terme,10,Non,Non
"Renforcer isolation, étanchéité à l’air et récupération de chaleur","Reprise de l’isolation des combles, traitement des fuites d’air autour des menuiseries et ajout d’une récupération de chaleur sur la ventilation des locaux occupés.",Vague de gel/ Modif T° air/ Chaleur extrême/ Vague de chaleur,Technique,CAPEX majoritaire > long terme,250 000 €,10,3,Long terme,0,Non,Non
Utiliser matériaux biosourcés et recyclables,"Choix de panneaux bois, isolants en fibre végétale et revêtements démontables afin de limiter les émissions du chantier et faciliter le réemploi lors d’une future rénovation.",Modif T° air/ Chaleur extrême,Technique,CAPEX majoritaire > long terme,250 000 €,10,3,Long terme,6,Non,Non
Préparer la ville aux sécheresses et à la raréfaction des ressources,"Création d’un plan communal fixant des priorités d’arrosage, des restrictions progressives et des réserves pour les usages essentiels lors des étés très secs.",Chaleur extrême/ Fortes pluies/ Inondation fluviale/ Stress Hydrique,Organisationnelles,OPEX majoritaire > main d’œuvre,50 000 €,2,2,Moyen terme,0,Non,Non
Co-construire une stratégie d’adaptation sur cinq ans,"Atelier réunissant direction, services techniques, achats et usagers pour définir cinq chantiers prioritaires, des responsables et des jalons annuels d’adaptation.",Chaleur extrême/ Fortes pluies/ Stress Hydrique/ Modif T° air,Organisationnelles,Capital humain,30 000 €,1,1,Moyen terme,3,Non,Non
Changer les représentations sur l’adaptation au climat futur,"Animation d’un parcours interne montrant les impacts attendus en 2050, avec exemples locaux, afin de faire évoluer les choix d’investissement et de maintenance.",Modif T° air/ Chaleur extrême/ Stress Hydrique/ Fortes pluies,Organisationnelles,Capital humain,15 000 €,1,"0,5",Moyen terme,10,Non,Non
Intégrer l’adaptation dans les opérations urbaines,"Ajout d’exigences d’ombre, d’infiltration des pluies et de confort d’été dans les fiches de lancement des projets d’aménagement urbain.",Chaleur extrême/ Fortes pluies/ Inondation pluie,Organisationnelles,Section par défaut,250 000 €,10,3,Long terme,0,Non,Non
Créer un grand parc urbain îlot de fraîcheur,"Transformation d’une friche minérale en parc planté avec grands arbres, noues et zones de repos ombragées pour offrir un refuge frais pendant les canicules.",Chaleur extrême/ Vague de chaleur,Solutions fondées sur la nature,CAPEX majoritaire > long terme,250 000 €,10,3,Long terme,6,Non,Non
Adapter l’offre de produits aux nouvelles conditions climatiques,"Refonte d’une gamme avec conditionnements plus résistants à la chaleur, dates de livraison adaptées et produits moins sensibles aux ruptures liées aux intempéries.",Chaleur extrême/ Fortes pluies/ Modif T° air/ Vague de chaleur/ Vague de gel/ Tempêtes,Technique,CAPEX majoritaire > long terme,250 000 €,10,3,Long terme,0,Non,Non
Modeler l’espace public pour contenir les pluies rares,"Création de gradins, creux paysagers et bordures franchissables permettant de stocker temporairement l’eau d’un orage centennal sur la place publique.",Fortes pluies/ Inondation pluie,Technique,CAPEX majoritaire > long terme,250 000 €,10,3,Long terme,0,Non,Oui
Intégrer le risque climatique aux outils de planification financière,"Ajout d’un module climat dans les tableaux financiers, avec scénarios de coûts liés aux arrêts d’activité, réparations et hausses d’assurance.",Modif T° air/ Fortes pluies/ Stress Hydrique/ Chaleur extrême/ Tempêtes/ Vague de chaleur/ Vague de gel,Humaines,Capital humain,50 000 €,2,2,Moyen terme,7,Non,Non
Intégrer le risque climatique dans l’analyse de matérialité RSE,"Ajout du risque sécheresse, chaleur et rupture d’approvisionnement dans la matrice de matérialité RSE, avec cotation par métier et zone géographique.",Modif T° air/ Stress Hydrique/ Chaleur extrême/ Vague de chaleur/ Vague de gel,Organisationnelles,OPEX majoritaire > main d’œuvre,30 000 €,1,1,Moyen terme,4,Non,Non
Diversifier géographiquement les approvisionnements,Qualification de fournisseurs alternatifs dans deux bassins de production moins exposés aux inondations afin de sécuriser les achats en cas de rupture locale.,Stress Hydrique/ Fortes pluies/ Inondation pluie,Organisationnelles,OPEX majoritaire > main d’œuvre,15 000 €,1,"0,5",Moyen terme,5,Non,Non
"Créer des indicateurs transversaux entre finance, achats et logistique","Création d’un tableau de bord commun reliant coût des achats, retards logistiques et incidents climatiques pour arbitrer plus vite les priorités.",Modif T° air/ Stress Hydrique/ Fortes pluies/ Vague de chaleur/ Vague de gel,Organisationnelles,OPEX majoritaire > main d’œuvre,50 000 €,2,2,Moyen terme,7,Non,Non
Développer une culture d’entreprise favorable à l’adaptation,Lancement d’un programme interne où chaque service identifie ses vulnérabilités climatiques et propose une action d’adaptation suivie en comité de direction.,Modif T° air/ Stress Hydrique/ Fortes pluies/ Vague de chaleur,Humaines,Capital humain,15 000 €,1,"0,5",Moyen terme,0,Non,Non
Réaliser un retour d’expérience après une inondation,"Débriefing après une crue ayant touché un site, avec chronologie de l’événement, décisions prises, dommages constatés et améliorations à intégrer.",Inondation fluviale/ Inondation pluie/ Fortes pluies,Organisationnelles,OPEX majoritaire > main d’œuvre,15 000 €,1,"0,5",Moyen terme,1,Non,Non
Intégrer les risques naturels et climatiques dans l’analyse des réseaux,"Intégration des cartes d’inondation, de retrait-gonflement et de tempête dans l’analyse des réseaux pour prioriser renouvellement et maintenance.",Fortes pluies/ Inondation fluviale/ Inondation pluie/ RGA/ Chaleur extrême/ Tempêtes,Organisationnelles,OPEX majoritaire > main d’œuvre,250 000 €,10,3,Long terme,4,Non,Non
Tester l’analyse de vulnérabilité climatique sur pilotes,"Test de la méthode sur trois sites pilotes exposés à la chaleur, aux pluies intenses et au retrait-gonflement avant généralisation au patrimoine complet.",RGA/ Fortes pluies/ Inondation pluie/ Chaleur extrême/ Tempêtes,Technique,OPEX majoritaire > main d’œuvre,50 000 €,2,2,Moyen terme,4,Non,Non
Développer une méthodologie de prise en compte du risque dans les cahiers des charges,Insertion dans les cahiers des charges d’une grille demandant au prestataire de justifier les choix techniques face aux pluies extrêmes et canicules.,Fortes pluies/ Inondation pluie/ RGA/ Chaleur extrême/ Tempêtes/ Vague de chaleur/ Stress Hydrique,Organisationnelles,OPEX majoritaire > main d’œuvre,15 000 €,1,"0,5",Moyen terme,4,Non,Non
Sauvegarder l’expérience des agents opérationnels,"Entretiens avec agents de terrain proches du départ pour documenter les points bas inondables, astuces d’intervention et signaux faibles observés.",Fortes pluies/ Inondation pluie/ Tempêtes/ Chaleur extrême,Humaines,Capital humain,50 000 €,2,2,Moyen terme,0,Non,Non
Développer une structure transverse d’expertise adaptation,"Création d’une cellule adaptation rassemblant exploitation, immobilier, achats et risques pour appuyer les projets et valider les arbitrages sensibles.",Fortes pluies/ Inondation pluie/ RGA/ Chaleur extrême/ Tempêtes,Organisationnelles,OPEX majoritaire > main d’œuvre,15 000 €,1,"0,5",Moyen terme,1,Non,Non
Accompagner les porteurs de projets par des pairs de la filière,"Mise en relation d’un maître d’ouvrage débutant avec des professionnels ayant déjà traité le confort d’été, l’eau pluviale et les sols argileux.",Chaleur extrême/ Fortes pluies/ RGA/ Stress Hydrique,Humaines,OPEX majoritaire > main d’œuvre,15 000 €,1,"0,5",Moyen terme,3,Non,Non
Utiliser une labellisation par niveaux pour massifier l’adaptation,"Déploiement d’un label bronze-argent-or évaluant l’ombre, l’eau, les matériaux et la gouvernance afin d’aider les projets à progresser par étapes.",Modif T° air/ Chaleur extrême/ Fortes pluies/ Stress Hydrique,Organisationnelles,Section par défaut,50 000 €,2,2,Moyen terme,7,Non,Non
Renforcer les compétences des professionnels du bâtiment,"Formation des architectes, bureaux d’études et artisans au confort d’été passif, aux sols argileux et à la gestion des pluies à la parcelle.",Chaleur extrême/ Vague de chaleur/ Fortes pluies/ RGA/ Stress Hydrique,Humaines,Capital humain,25 000 €,1,1,Long terme,10,Non,Non
Essaimer les démarches de bâtiment durable adaptées localement,"Diffusion de fiches régionales montrant comment adapter un bâtiment durable au climat local, par exemple méditerranéen, océanique ou montagnard.",Modif T° air/ Chaleur extrême/ Fortes pluies/ Stress Hydrique,Organisationnelles,Section par défaut,250 000 €,10,3,Long terme,0,Non,Non
Mise en place de dispositifs de secours et d'urgence en cas d'aléas,"Prépositionnement de kits d’urgence avec pompes mobiles, bâches, groupes électrogènes, radios et procédures d’évacuation accessibles aux équipes d’astreinte.",Tous aléas climatiques,Technique,CAPEX majoritaire > court terme,50 000 €,2,2,Court terme,4,Non,Oui
Diagnostic des risques climatiques régulièrement actualisé avec une prise en compte des mises à jour scientifiques,"Mise à jour annuelle du diagnostic climat avec nouvelles projections, incidents observés et réévaluation des bâtiments, réseaux et fournisseurs prioritaires.",Tous aléas climatiques,Technique,OPEX majoritaire > main d’œuvre,30 000 €,1,1,Moyen terme,4,Non,Non
Evaluation régulière des équipements critiques pour s'assurer qu'ils sont dimensionnés aux conditions climatiques,"Contrôle régulier des groupes froids, armoires électriques, pompes et ventilations pour vérifier leur tenue aux chaleurs, pluies intenses et coupures.",Vague de chaleur/ Chaleur extrême/ Fortes pluies/ Inondation/ Tempêtes,Technique,CAPEX majoritaire > long terme,30 000 €,1,1,Moyen terme,4,Non,Oui
Végétalisation du bâtiment,"Installation de plantes grimpantes, bacs en façade et toitures végétalisées sur les bâtiments les plus exposés au soleil et au ruissellement.",Vague de chaleur/ Chaleur extrême/ Fortes pluies/ Inondation pluie/ Stress Hydrique,Solutions fondées sur la nature,CAPEX majoritaire > long terme,250 000 €,10,3,Long terme,6,Non,Non
Choix d'essences végétales adaptées au futur climat local,"Sélection de chênes verts, érables de Montpellier ou essences locales résistantes selon les projections de chaleur et de déficit hydrique.",Vague de chaleur/ Chaleur extrême/ Stress Hydrique/ Modif T° air,Solutions fondées sur la nature,Section par défaut,30 000 €,1,1,Moyen terme,6,Non,Non
Mise en place de protocoles d'urgence et de gestion de crise climatique,"Rédaction d’un protocole canicule-inondation-tempête précisant seuils d’alerte, responsables, messages aux usagers et actions à lancer par bâtiment.",Tous aléas climatiques,Organisationnelles,OPEX majoritaire > main d’œuvre,15 000 €,1,"0,5",Moyen terme,1,Non,Non
Etablissement de règles de maintenance des équipements critique en prenant en compte les aléas,"Planification d’une maintenance renforcée des groupes froids, pompes, ascenseurs et armoires électriques selon leur exposition à la chaleur ou à l’eau.",Tous aléas climatiques,Organisationnelles,CAPEX majoritaire > long terme,30 000 €,1,1,Moyen terme,1,Non,Oui
Politique de gestion des conditions de travail des employés prenant en compte les risques climatiques,"Adaptation des horaires, pauses, accès à l’eau et télétravail lors des canicules afin de protéger les salariés et maintenir les activités essentielles.",Tous aléas climatiques,Organisationnelles,Capital humain,25 000 €,1,1,Long terme,4,Non,Non
Analyse regulière et mise à jour des dépendances critiques et des risques climatiques associés,"Revue semestrielle des fournisseurs, réseaux, laboratoires et équipements dont l’arrêt bloquerait l’activité, avec aléas associés et solutions de secours.",Tous aléas climatiques,Organisationnelles,OPEX majoritaire > main d’œuvre,30 000 €,1,1,Moyen terme,5,Non,Non
Collaboration avec les acteurs de territoire sur les stratégies et méthodes,"Participation à un groupe local réunissant université, collectivité, hôpital et entreprises pour mutualiser données climatiques, refuges frais et méthodes.",Tous aléas climatiques,Organisationnelles,OPEX majoritaire > main d’œuvre,15 000 €,1,"0,5",Moyen terme,3,Non,Non
Apprentissage à partir des retours d’expérience des entreprises du secteur,"Analyse des retours d’expérience d’autres établissements après crues, coupures électriques ou vagues de chaleur pour améliorer les procédures internes.",Tous aléas climatiques,Organisationnelles,Capital humain,15 000 €,1,"0,5",Moyen terme,1,Non,Non
Mise en place d'indicateurs de suivi / d'outils et de méthodologies,"Création d’indicateurs mensuels sur température intérieure, incidents météo, consommation d’eau et avancement des actions d’adaptation.",Tous aléas climatiques,Organisationnelles,Section par défaut,50 000 €,2,2,Long terme,7,Non,Non
Priorisation des risques climatiques selon les horizons temporels,"Classement des risques à 2030, 2050 et 2080 afin de distinguer les urgences opérationnelles des investissements à programmer sur le long terme.",Tous aléas climatiques,Organisationnelles,OPEX majoritaire > main d’œuvre,30 000 €,1,1,Moyen terme,4,Non,Non
Alignement avec les normes et réglementation liées à l'adaptation climatique,"Vérification annuelle de la conformité avec les obligations de reporting, urbanisme, sécurité au travail et gestion de l’eau liées à l’adaptation.",Tous aléas climatiques,Organisationnelles,OPEX majoritaire > main d’œuvre,30 000 €,1,1,Moyen terme,0,Non,Non
Plan de financement dédié à la résilience des infrastructures,"Création d’une ligne budgétaire pluriannuelle dédiée aux travaux de protection, rafraîchissement, secours énergétique et gestion des eaux pluviales.",Tous aléas climatiques,Financières,CAPEX majoritaire > long terme,250 000 €,10,3,Long terme,0,Non,Non
Mobilisation des financements publics,"Montage de dossiers de subvention auprès de l’ADEME, de la région ou de l’agence de l’eau pour financer végétalisation et rénovation résiliente.",Tous aléas climatiques,Financières,OPEX majoritaire > main d’œuvre,30 000 €,6,1,Moyen terme,0,Non,Non
Évaluation économique des besoins d’adaptation et des coûts de l’inaction,"Chiffrage comparé du coût des travaux d’adaptation et des pertes attendues en cas d’inaction sur bâtiments, équipements et continuité d’activité.",Tous aléas climatiques,Financières,OPEX majoritaire > main d’œuvre,50 000 €,10,2,Moyen terme,4,Non,Non
Quantité pertinente et suffisante de ressources financières,"Définition d’un budget minimal sécurisé chaque année pour financer études, travaux urgents et maintenance climatique sans dépendre d’arbitrages ponctuels.",Tous aléas climatiques,Financières,Section par défaut,50 000 €,10,2,Long terme,0,Non,Non
Promotion des comportements individuels adaptés face aux fortes chaleurs,"Affichage de consignes canicule dans les bâtiments, rappel des horaires frais, points d’eau et gestes à adopter pour étudiants, salariés et visiteurs.",Vague de chaleur/ Chaleur extrême,Humaines,Capital humain,15 000 €,5,"0,5",Court terme,10,Non,Non
Sensibilisation et formation de collaborateurs continue avec une mise à jour des informations,"Formation annuelle des collaborateurs aux risques chaleur, inondation et tempête, avec mise à jour des consignes après chaque nouveau diagnostic.",Tous aléas climatiques,Humaines,Capital humain,25 000 €,8,1,Long terme,10,Non,Non
Inscription de l’adaptation climatique dans les instances et agendas stratégiques,Inscription d’un point adaptation à l’ordre du jour du comité stratégique et suivi trimestriel des décisions prises par la direction.,Tous aléas climatiques,Humaines,OPEX majoritaire > main d’œuvre,15 000 €,5,"0,5",Moyen terme,1,Non,Non
Montée en compétences des équipes en interne sur les enjeux avec recours à une expertise externe si besoin,Parcours de formation interne complété par l’intervention d’un climatologue ou bureau d’études pour aider les équipes à intégrer les projections climatiques.,Tous aléas climatiques,Humaines,Capital humain,30 000 €,10,1,Court terme,10,Non,Non
Les personnes responsables de la mise en place et du suivi du plan d'adaptation ont été identifiées,"Nomination d’un référent adaptation par direction, avec fiche de mission, temps dédié et responsabilité sur le suivi des actions du plan.",Tous aléas climatiques,Humaines,OPEX majoritaire > main d’œuvre,15 000 €,6,"0,5",Court terme,1,Non,Non
Communication aux usagers des bâtiments des risques et des conduites à tenir en cas d'aléa,"Diffusion de fiches réflexes dans halls, laboratoires et salles de cours indiquant où se mettre à l’abri, évacuer ou demander assistance selon l’aléa.",Tous aléas climatiques,Humaines,Capital humain,15 000 €,6,"0,5",Court terme,10,Non,Non
Renforcement des solidarités et des réseaux d’entraide,"Création d’un réseau de volontaires capables d’aider les personnes isolées, relayer les alertes et vérifier les bâtiments sensibles pendant un épisode extrême.",Tous aléas climatiques,Humaines,Capital humain,15 000 €,6,"0,5",Moyen terme,3,Non,Non
Former aux dispositifs de secours mis en place et aux bons gestes du personnel et des usagers,"Exercice pratique montrant au personnel comment utiliser les kits d’urgence, couper certains équipements et guider les usagers vers les zones sûres.",Tous aléas climatiques,Humaines,Capital humain,25 000 €,10,1,Court terme,10,Non,Non
Le pilotage sur l'adaptation se fait à haut niveau avec une direction formée et les questions d'adaptation sont dans l'agenda stratégique,Formation du comité de direction aux risques climatiques majeurs et suivi de l’adaptation dans le tableau de bord stratégique semestriel.,Tous aléas climatiques,Humaines,OPEX majoritaire > main d’œuvre,15 000 €,10,"0,5",Moyen terme,10,Non,Non
