Titre de l’action d’adaptation,Exemple,Aléa climatique visé,Catégorie ressources,Catégorie entreprise,Prix,Prix crédit,Temps,Score
Concevoir les trames vertes et bleues comme infrastructures de rafraîchissement,"Plantation d’arbres d’ombrage, création de massifs végétalisés et choix d’essences capables de supporter le climat futur local. Les cheminements et façades exposés restent plus frais, ce qui réduit l’inconfort pendant les fortes chaleurs.",Vague de chaleur; Chaleur extrême; Modif T° air; Fortes pluies; Inondation pluie; Tempêtes; Stress Hydrique; Inondation fluviale,Fondées sur la nature,CAPEX majoritaire > long terme,250 000 €,10,Long terme,6
Désimperméabiliser et renaturer les sols,"Transformation d’un parking bitumé en revêtement perméable, avec noues végétalisées et fosses de plantation. L’eau s’infiltre directement sur site, les réseaux débordent moins lors des pluies intenses et le sol restitue moins de chaleur en été.",Fortes pluies; Inondation pluie; Inondation fluviale; Inondation nappe; Vague de chaleur; Chaleur extrême; Stress Hydrique,Fondées sur la nature,CAPEX majoritaire > long terme,250 000 €,10,Long terme,6
Gérer durablement les eaux pluviales,"Création de noues, bassins d’infiltration et cuves de récupération au pied des bâtiments. Les pluies intenses sont absorbées progressivement, les abords restent praticables et une réserve d’eau peut servir à l’arrosage en période sèche.",Fortes pluies; Inondation pluie; Inondation fluviale; Inondation nappe; Stress Hydrique; Vague de chaleur; Chaleur extrême; Non listé: feu,Technique,CAPEX majoritaire > long terme,250 000 €,10,Long terme,6
Préserver et restaurer les continuités écologiques,"Conservation d’une zone refuge non tondue, plantation de haies locales et liaison entre deux espaces verts par un corridor écologique. Les espèces trouvent des abris et peuvent se déplacer malgré la chaleur, la sécheresse ou les travaux sur le site.",Vague de chaleur; Chaleur extrême; Stress Hydrique; Fortes pluies; Inondation pluie; Inondation fluviale; Modif T° air; Biodiversité,Fondées sur la nature,CAPEX majoritaire > long terme,250 000 €,10,Long terme,6
Libre évolution des friches en espaces boisés,"Conservation d’une zone refuge non tondue, plantation de haies locales et liaison entre deux espaces verts par un corridor écologique. Les espèces trouvent des abris et peuvent se déplacer malgré la chaleur, la sécheresse ou les travaux sur le site.",Vague de chaleur; Chaleur extrême; Fortes pluies; Inondation pluie; Stress Hydrique; Modif T° air,Fondées sur la nature,CAPEX majoritaire > long terme,250 000 €,10,Long terme,6
Conservation et restauration des habitats existants,"Conservation d’une zone refuge non tondue, plantation de haies locales et liaison entre deux espaces verts par un corridor écologique. Les espèces trouvent des abris et peuvent se déplacer malgré la chaleur, la sécheresse ou les travaux sur le site.",Tempêtes; Fortes pluies; Inondation fluviale; Inondation pluie; Vague de chaleur; Stress Hydrique; Submersion marine; Biodiversité,Fondées sur la nature,CAPEX majoritaire > long terme,250 000 €,10,Long terme,6
Application de la séquence ERC,"Mise à jour d’une procédure interne avec responsables nommés, seuils d’alerte et test sur un site pilote. Les décisions sont plus rapides lorsque les fortes chaleurs menacent la continuité des activités.",Fortes pluies; Inondation fluviale; Inondation nappe; Inondation pluie; Modif T° air; RGA; Stress Hydrique; Chaleur extrême; Tempêtes; Vague de chaleur; Vague de gel,Organisationnelles,Section par défaut,50 000 €,2,Long terme,6
Diversification des espèces plantées,"Conservation d’une zone refuge non tondue, plantation de haies locales et liaison entre deux espaces verts par un corridor écologique. Les espèces trouvent des abris et peuvent se déplacer malgré la chaleur, la sécheresse ou les travaux sur le site.",Modif T° air; Vague de chaleur; Chaleur extrême; Stress Hydrique; Vague de gel; RGA,Fondées sur la nature,CAPEX majoritaire > long terme,250 000 €,10,Long terme,6
Programmer un équipement sportif adapté au climat futur,"Rénovation d’un bâtiment prioritaire avec isolation renforcée, protections solaires, ventilation nocturne et vérification des seuils d’inondation au rez-de-chaussée. Les occupants restent protégés et les activités essentielles peuvent continuer pendant les épisodes climatiques extrêmes.",Modif T° air; Vague de chaleur; Chaleur extrême; Stress Hydrique; Vague de gel; RGA; Fortes pluies; Inondation pluie,Technique,CAPEX majoritaire > long terme,250 000 €,10,Long terme,6
Préservation des connectivités écologiques,"Aménagement d’un espace pilote avec végétation locale, sol perméable et suivi de l’eau disponible. Le site gagne en fraîcheur, absorbe mieux les pluies et devient plus résistant face aux fortes chaleurs.",Fortes pluies; Inondation pluie; Modif T° air; Stress Hydrique; Vague de chaleur; Tempêtes,Fondées sur la nature,CAPEX majoritaire > long terme,250 000 €,10,Long terme,6
Diagnostic écologique quatre saisons,"Actualisation annuelle d’une cartographie des sites exposés, en intégrant les dernières projections climatiques et les incidents déjà observés. Les bâtiments, fournisseurs et équipements les plus vulnérables sont priorisés avant les prochaines fortes chaleurs ou inondations.",Fortes pluies; Inondation fluviale; Inondation nappe; Inondation pluie; Modif T° air; RGA; Stress Hydrique; Chaleur extrême; Tempêtes; Vague de chaleur; Vague de gel,Fondées sur la nature,CAPEX majoritaire > court terme,80 000 €,3,Court terme,6
Mobilisation précoce d’un écologue,"Mise à jour d’une procédure interne avec responsables nommés, seuils d’alerte et test sur un site pilote. Les décisions sont plus rapides lorsque les fortes chaleurs menacent la continuité des activités.",Fortes pluies; Inondation pluie; Modif T° air; Stress Hydrique; Vague de chaleur; Tempêtes,Organisationnelles,OPEX main d’œuvre,15 000 €,1,Court terme,3
Mobilisation d’un paysagiste,"Formation courte des équipes exposées, avec consignes opérationnelles et exercice pratique sur site. Les personnes savent adapter leurs horaires, leurs déplacements et leurs gestes lors des fortes chaleurs.",Modif T° air; Vague de chaleur; Chaleur extrême; Stress Hydrique; Tempêtes,Ressources humaines,OPEX majoritaire > main d’œuvre,15 000 €,1,Court terme,6
Création et diversification d’espaces naturels,"Aménagement d’un espace pilote avec végétation locale, sol perméable et suivi de l’eau disponible. Le site gagne en fraîcheur, absorbe mieux les pluies et devient plus résistant face aux fortes chaleurs.",Vague de chaleur; Chaleur extrême; Fortes pluies; Inondation pluie; Stress Hydrique; Biodiversité,Fondées sur la nature,CAPEX majoritaire > long terme,250 000 €,10,Long terme,6
Choix d’essences locales et diversifiées,"Aménagement d’un espace pilote avec végétation locale, sol perméable et suivi de l’eau disponible. Le site gagne en fraîcheur, absorbe mieux les pluies et devient plus résistant face aux fortes chaleurs.",Modif T° air; Vague de chaleur; Chaleur extrême; Stress Hydrique; Vague de gel,Fondées sur la nature,CAPEX majoritaire > long terme,250 000 €,10,Long terme,6
Adapter la végétation et les espaces verts,"Remplacement de l’entretien intensif par une gestion différenciée : fauche tardive, paillage, compost local et réduction des produits chimiques. Les sols retiennent mieux l’eau, la végétation résiste davantage aux sécheresses et la biodiversité augmente.",Vague de chaleur; Chaleur extrême; Modif T° air; Vague de gel; RGA; Stress Hydrique; Tempêtes; Inondation fluviale; Inondation pluie; Inondation nappe; Non listé: feu; Biodiversité,Fondées sur la nature,CAPEX majoritaire > long terme,250 000 €,10,Long terme,6
Création de passages pour la faune,"Aménagement d’un espace pilote avec végétation locale, sol perméable et suivi de l’eau disponible. Le site gagne en fraîcheur, absorbe mieux les pluies et devient plus résistant face aux fortes chaleurs.",Modif T° air; Fortes pluies; Inondation pluie,Fondées sur la nature,CAPEX majoritaire > long terme,250 000 €,10,Long terme,6
Développer des toitures végétalisées,"Aménagement d’un espace pilote avec végétation locale, sol perméable et suivi de l’eau disponible. Le site gagne en fraîcheur, absorbe mieux les pluies et devient plus résistant face aux fortes chaleurs.",Vague de chaleur; Chaleur extrême; Fortes pluies; Inondation pluie,Fondées sur la nature,CAPEX majoritaire > long terme,250 000 €,10,Long terme,6
Organiser une plantation citoyenne d’arbres et d’arbustes locaux,"Plantation d’arbres d’ombrage, création de massifs végétalisés et choix d’essences capables de supporter le climat futur local. Les cheminements et façades exposés restent plus frais, ce qui réduit l’inconfort pendant les fortes chaleurs.",Vague de chaleur; Chaleur extrême; Modif T° air; Tempêtes; Stress Hydrique; Fortes pluies; Inondation pluie,Fondées sur la nature,CAPEX majoritaire > long terme,250 000 €,10,Long terme,6
Orienter le bâtiment et les espaces,"Rénovation d’un bâtiment prioritaire avec isolation renforcée, protections solaires, ventilation nocturne et vérification des seuils d’inondation au rez-de-chaussée. Les occupants restent protégés et les activités essentielles peuvent continuer pendant les épisodes climatiques extrêmes.",Tempêtes; Vague de chaleur; Chaleur extrême; Modif T° air; RGA; Stress Hydrique; Inondation fluviale; Inondation pluie; Inondation nappe; Non listé: feu,Fondées sur la nature,CAPEX majoritaire > long terme,250 000 €,10,Long terme,6
Végétaliser la façade,"Aménagement d’un espace pilote avec végétation locale, sol perméable et suivi de l’eau disponible. Le site gagne en fraîcheur, absorbe mieux les pluies et devient plus résistant face aux fortes chaleurs.",Vague de chaleur; Chaleur extrême; Modif T° air; Stress Hydrique; Inondation fluviale; Inondation pluie; Inondation nappe; Fortes pluies,Fondées sur la nature,CAPEX majoritaire > long terme,250 000 €,10,Long terme,6
Jardins de pluie et parcelles éponges,"Transformation d’un parking bitumé en revêtement perméable, avec noues végétalisées et fosses de plantation. L’eau s’infiltre directement sur site, les réseaux débordent moins lors des pluies intenses et le sol restitue moins de chaleur en été.",Fortes pluies; Inondation pluie; Inondation fluviale; Inondation nappe; Stress Hydrique,Technique,CAPEX majoritaire > long terme,250 000 €,10,Long terme,6
Noues à biefs indépendants en pente,"Création de noues, bassins d’infiltration et cuves de récupération au pied des bâtiments. Les pluies intenses sont absorbées progressivement, les abords restent praticables et une réserve d’eau peut servir à l’arrosage en période sèche.",Fortes pluies; Inondation pluie; Inondation fluviale,Technique,CAPEX majoritaire > long terme,250 000 €,10,Long terme,6
Conservation des eaux en surface,"Équipement d’un bâtiment prioritaire avec protections physiques, capteurs de suivi et procédure de maintenance renforcée. Les usages essentiels sont mieux protégés lorsque les fortes pluies et inondations perturbent le site.",Fortes pluies; Inondation pluie; Inondation fluviale; Stress Hydrique,Technique,CAPEX majoritaire > long terme,250 000 €,10,Long terme,2
Restaurer le fonctionnement naturel des cours d’eau,"Aménagement d’un espace pilote avec végétation locale, sol perméable et suivi de l’eau disponible. Le site gagne en fraîcheur, absorbe mieux les pluies et devient plus résistant face aux fortes chaleurs.",Fortes pluies; Inondation fluviale; Inondation pluie; Inondation nappe; Stress Hydrique; Tempêtes; Submersion marine; Vague de chaleur; Chaleur extrême,Fondées sur la nature,CAPEX majoritaire > long terme,250 000 €,10,Long terme,6
Réduire les consommations d’eau,"Équipement d’un bâtiment prioritaire avec protections physiques, capteurs de suivi et procédure de maintenance renforcée. Les usages essentiels sont mieux protégés lorsque les sécheresse perturbent le site.",Vague de chaleur; Chaleur extrême; Fortes pluies; Inondation pluie; Stress Hydrique; Modif T° air; Feux de forêt,Technique,CAPEX majoritaire > long terme,250 000 €,10,Long terme,6
Phasage du chantier selon les rythmes biologiques,"Aménagement d’un espace pilote avec végétation locale, sol perméable et suivi de l’eau disponible. Le site gagne en fraîcheur, absorbe mieux les pluies et devient plus résistant face aux fortes chaleurs.",Modif T° air; Fortes pluies; Vague de chaleur; Tempêtes; Biodiversité,Fondées sur la nature,CAPEX majoritaire > court terme,80 000 €,3,Court terme,6
Désimperméabiliser des berges,"Transformation d’un parking bitumé en revêtement perméable, avec noues végétalisées et fosses de plantation. L’eau s’infiltre directement sur site, les réseaux débordent moins lors des pluies intenses et le sol restitue moins de chaleur en été.",Modif T° air; Vague de chaleur; Fortes pluies; Inondation pluie; Inondation fluviale; Inondation nappe,Fondées sur la nature,CAPEX majoritaire > long terme,250 000 €,10,Long terme,6
Protection de la végétation et des arbres remarquables,"Plantation d’arbres d’ombrage, création de massifs végétalisés et choix d’essences capables de supporter le climat futur local. Les cheminements et façades exposés restent plus frais, ce qui réduit l’inconfort pendant les fortes chaleurs.",Tempêtes; Vague de chaleur; Stress Hydrique; Modif T° air,Technique,OPEX majoritaire > main d’œuvre,250 000 €,10,Moyen terme,6
Protection des sols pendant le chantier,"Équipement d’un bâtiment prioritaire avec protections physiques, capteurs de suivi et procédure de maintenance renforcée. Les usages essentiels sont mieux protégés lorsque les fortes pluies et inondations perturbent le site.",Fortes pluies; Inondation pluie; Inondation fluviale; Stress Hydrique,Technique,OPEX majoritaire > main d’œuvre,50 000 €,2,Long terme,6
Améliorer la ventilation et le rafraîchissement passif,"Installation d’ouvrants sécurisés, de brasseurs d’air et de protections solaires extérieures dans les salles les plus exposées. Les locaux restent utilisables plus longtemps pendant les pics de chaleur, avec moins de dépendance à la climatisation.",Stress Hydrique; Fortes pluies; Modif T° air; Submersion marine; Tempêtes; Inondation fluviale,Fondées sur la nature,CAPEX majoritaire > long terme,250 000 €,10,Long terme,6
Conservation de la terre végétale excédentaire,"Aménagement d’un espace pilote avec végétation locale, sol perméable et suivi de l’eau disponible. Le site gagne en fraîcheur, absorbe mieux les pluies et devient plus résistant face aux fortes pluies et inondations.",Stress Hydrique; Fortes pluies; Inondation pluie,Fondées sur la nature,OPEX majoritaire > main d’œuvre,80 000 €,3,Moyen terme,6
Analyser l’exposition climatique de la chaîne d’approvisionnement,"Actualisation annuelle d’une cartographie des sites exposés, en intégrant les dernières projections climatiques et les incidents déjà observés. Les bâtiments, fournisseurs et équipements les plus vulnérables sont priorisés avant les prochaines fortes chaleurs ou inondations.",Modif T° air; Stress Hydrique; Vague de chaleur; Fortes pluies; Inondation fluviale; Inondation nappe; Inondation pluie; RGA; Chaleur extrême; Tempêtes; Vague de gel,Fondées sur la nature,OPEX main d’œuvre,80 000 €,3,Long terme,6
Développer la gestion naturaliste des espaces végétalisés,"Aménagement d’un espace pilote avec végétation locale, sol perméable et suivi de l’eau disponible. Le site gagne en fraîcheur, absorbe mieux les pluies et devient plus résistant face aux fortes chaleurs.",Vague de chaleur; Chaleur extrême; Modif T° air; Biodiversité; Stress Hydrique,Fondées sur la nature,OPEX main d’œuvre,80 000 €,3,Long terme,6
Libre évolution et taille raisonnée,"Conservation d’une zone refuge non tondue, plantation de haies locales et liaison entre deux espaces verts par un corridor écologique. Les espèces trouvent des abris et peuvent se déplacer malgré la chaleur, la sécheresse ou les travaux sur le site.",Vague de chaleur; Chaleur extrême; Stress Hydrique; Modif T° air,Fondées sur la nature,OPEX majoritaire > main d’œuvre,80 000 €,3,Moyen terme,6
Entretenir les espaces extérieurs de montagne,"Aménagement d’un espace pilote avec végétation locale, sol perméable et suivi de l’eau disponible. Le site gagne en fraîcheur, absorbe mieux les pluies et devient plus résistant face aux fortes chaleurs.",Vague de chaleur; Chaleur extrême; Stress Hydrique; Feux de forêt; Enneigement; Mouvements de terrain,Fondées sur la nature,OPEX main d’œuvre,80 000 €,3,Long terme,6
Réduction des intrants d’entretien,"Mise à jour d’une procédure interne avec responsables nommés, seuils d’alerte et test sur un site pilote. Les décisions sont plus rapides lorsque les fortes chaleurs menacent la continuité des activités.",Stress Hydrique; Modif T° air; Vague de chaleur,Organisationnelles,OPEX majoritaire > main d’œuvre,15 000 €,1,Moyen terme,0
Renaturation par régénération spontanée,"Aménagement d’un espace pilote avec végétation locale, sol perméable et suivi de l’eau disponible. Le site gagne en fraîcheur, absorbe mieux les pluies et devient plus résistant face aux fortes chaleurs.",Vague de chaleur; Chaleur extrême; Stress Hydrique; Fortes pluies; Inondation pluie,Fondées sur la nature,CAPEX majoritaire > long terme,250 000 €,10,Long terme,6
Phytomanagement des sites dégradés,"Aménagement d’un espace pilote avec végétation locale, sol perméable et suivi de l’eau disponible. Le site gagne en fraîcheur, absorbe mieux les pluies et devient plus résistant face aux fortes chaleurs.",Stress Hydrique; Fortes pluies; Inondation pluie; Modif T° air,Fondées sur la nature,CAPEX majoritaire > long terme,250 000 €,10,Long terme,6
Génie pédologique,"Aménagement d’un espace pilote avec végétation locale, sol perméable et suivi de l’eau disponible. Le site gagne en fraîcheur, absorbe mieux les pluies et devient plus résistant face aux fortes pluies et inondations.",Stress Hydrique; Fortes pluies; Inondation pluie; Inondation nappe,Fondées sur la nature,CAPEX majoritaire > long terme,250 000 €,10,Long terme,6
Installer un talus en enrochement atténuateur de houle,"Aménagement d’un espace pilote avec végétation locale, sol perméable et suivi de l’eau disponible. Le site gagne en fraîcheur, absorbe mieux les pluies et devient plus résistant face aux fortes pluies et inondations.",Fortes pluies; Inondation fluviale; Inondation pluie; Tempêtes,Fondées sur la nature,CAPEX majoritaire > long terme,250 000 €,10,Long terme,6
Dépollution par phytotechnologies,"Aménagement d’un espace pilote avec végétation locale, sol perméable et suivi de l’eau disponible. Le site gagne en fraîcheur, absorbe mieux les pluies et devient plus résistant face aux fortes pluies et inondations.",Stress Hydrique; Fortes pluies; Inondation pluie,Fondées sur la nature,CAPEX majoritaire > long terme,250 000 €,10,Long terme,6
Diagnostic local des impacts climatiques,"Actualisation annuelle d’une cartographie des sites exposés, en intégrant les dernières projections climatiques et les incidents déjà observés. Les bâtiments, fournisseurs et équipements les plus vulnérables sont priorisés avant les prochaines fortes chaleurs ou inondations.",Fortes pluies; Inondation fluviale; Inondation nappe; Inondation pluie; Modif T° air; RGA; Stress Hydrique; Chaleur extrême; Tempêtes; Vague de chaleur; Vague de gel,Organisationnelles,OPEX majoritaire > main d’œuvre,30 000 €,1,Moyen terme,4
Évaluation initiale des écosystèmes,"Mise à jour d’une procédure interne avec responsables nommés, seuils d’alerte et test sur un site pilote. Les décisions sont plus rapides lorsque les fortes chaleurs menacent la continuité des activités.",Fortes pluies; Inondation pluie; Modif T° air; Stress Hydrique; Vague de chaleur; Tempêtes; Chaleur extrême; RGA; Inondation fluviale; Inondation nappe; Non listé: feu,Organisationnelles,OPEX majoritaire > main d’œuvre,50 000 €,2,Moyen terme,6
Dimensionner les équipements pour les pics climatiques futurs,"Équipement d’un bâtiment prioritaire avec protections physiques, capteurs de suivi et procédure de maintenance renforcée. Les usages essentiels sont mieux protégés lorsque les fortes chaleurs perturbent le site.",Fortes pluies; Inondation fluviale; Inondation nappe; Inondation pluie; Modif T° air; RGA; Stress Hydrique; Chaleur extrême; Tempêtes; Vague de chaleur; Vague de gel,Technique,CAPEX majoritaire > long terme,250 000 €,10,Long terme,1
Diffuser des documents sectoriels de sensibilisation aux risques climatiques,"Actualisation annuelle d’une cartographie des sites exposés, en intégrant les dernières projections climatiques et les incidents déjà observés. Les bâtiments, fournisseurs et équipements les plus vulnérables sont priorisés avant les prochaines fortes chaleurs ou inondations.",Fortes pluies; Inondation fluviale; Inondation nappe; Inondation pluie; Modif T° air; RGA; Stress Hydrique; Chaleur extrême; Tempêtes; Vague de chaleur; Vague de gel,Ressources humaines,Capital humain,30 000 €,1,Moyen terme,4
Structurer la stratégie d’adaptation climatique,"Inscription d’un point adaptation climatique à chaque comité stratégique, avec arbitrage budgétaire et suivi des obligations réglementaires. Les décisions d’investissement tiennent compte des conditions climatiques futures plutôt que du climat passé.",Fortes pluies; Inondation fluviale; Inondation nappe; Inondation pluie; Modif T° air; RGA; Stress Hydrique; Chaleur extrême; Tempêtes; Vague de chaleur; Vague de gel,Technique,CAPEX majoritaire > court terme,50 000 €,2,Court terme,4
Sensibiliser et former aux risques climatiques,"Actualisation annuelle d’une cartographie des sites exposés, en intégrant les dernières projections climatiques et les incidents déjà observés. Les bâtiments, fournisseurs et équipements les plus vulnérables sont priorisés avant les prochaines fortes chaleurs ou inondations.",Fortes pluies; Inondation fluviale; Inondation nappe; Inondation pluie; Modif T° air; RGA; Stress Hydrique; Chaleur extrême; Tempêtes; Vague de chaleur; Vague de gel; Tous aléas climatiques,Technique,Capital humain,250 000 €,10,Long terme,7
Améliorer la ventilation et le rafraîchissement passif,"Équipement d’un bâtiment prioritaire avec protections physiques, capteurs de suivi et procédure de maintenance renforcée. Les usages essentiels sont mieux protégés lorsque les fortes chaleurs perturbent le site.",Fortes pluies; Inondation fluviale; Inondation nappe; Inondation pluie; Modif T° air; RGA; Stress Hydrique; Chaleur extrême; Tempêtes; Vague de chaleur; Vague de gel; Tous risques climatiques extrêmes,Organisationnelles,OPEX main d’œuvre,50 000 €,2,Moyen terme,0
Utiliser un outil d’aide au choix des essences arborées,"Rénovation d’un bâtiment prioritaire avec isolation renforcée, protections solaires, ventilation nocturne et vérification des seuils d’inondation au rez-de-chaussée. Les occupants restent protégés et les activités essentielles peuvent continuer pendant les épisodes climatiques extrêmes.",Modif T° air; Vague de chaleur; Chaleur extrême; Stress Hydrique; Vague de gel,Technique,OPEX majoritaire > main d’œuvre,50 000 €,2,Long terme,6
Aménager un campus résilient et végétalisé,"Inscription d’un point adaptation climatique à chaque comité stratégique, avec arbitrage budgétaire et suivi des obligations réglementaires. Les décisions d’investissement tiennent compte des conditions climatiques futures plutôt que du climat passé.",Vague de chaleur; Chaleur extrême; Stress Hydrique; Modif T° air,Fondées sur la nature,OPEX majoritaire > main d’œuvre,250 000 €,10,Long terme,6
Intégrer une stratégie de renaturation au PLUi,"Aménagement d’un espace pilote avec végétation locale, sol perméable et suivi de l’eau disponible. Le site gagne en fraîcheur, absorbe mieux les pluies et devient plus résistant face aux fortes chaleurs.",Vague de chaleur; Chaleur extrême; Fortes pluies; Inondation pluie; Stress Hydrique; Modif T° air,Fondées sur la nature,CAPEX majoritaire > long terme,250 000 €,10,Long terme,6
Transformer une cour d’école en îlot de fraîcheur,"Actualisation annuelle d’une cartographie des sites exposés, en intégrant les dernières projections climatiques et les incidents déjà observés. Les bâtiments, fournisseurs et équipements les plus vulnérables sont priorisés avant les prochaines fortes chaleurs ou inondations.",Vague de chaleur; Chaleur extrême; Modif T° air; Fortes pluies; Inondation pluie; Stress Hydrique,Fondées sur la nature,CAPEX majoritaire > long terme,250 000 €,10,Long terme,6
Lancer la dynamique d’adaptation et gouverner le diagnostic,"Actualisation annuelle d’une cartographie des sites exposés, en intégrant les dernières projections climatiques et les incidents déjà observés. Les bâtiments, fournisseurs et équipements les plus vulnérables sont priorisés avant les prochaines fortes chaleurs ou inondations.",Tous aléas climatiques,Organisationnelles,Capital humain,30 000 €,1,Moyen terme,4
Définir le périmètre d’analyse du site commercial,"Actualisation annuelle d’une cartographie des sites exposés, en intégrant les dernières projections climatiques et les incidents déjà observés. Les bâtiments, fournisseurs et équipements les plus vulnérables sont priorisés avant les prochaines fortes chaleurs ou inondations.",Tous aléas climatiques,Organisationnelles,Capital humain,30 000 €,1,Moyen terme,4
Structurer la stratégie d’adaptation climatique,"Actualisation annuelle d’une cartographie des sites exposés, en intégrant les dernières projections climatiques et les incidents déjà observés. Les bâtiments, fournisseurs et équipements les plus vulnérables sont priorisés avant les prochaines fortes chaleurs ou inondations.",Fortes pluies; Inondation pluie; Modif T° air; Stress Hydrique; Tempêtes; Vague de chaleur; Tous aléas climatiques; Inondation fluviale; Inondation nappe; RGA; Chaleur extrême; Vague de gel,Technique,CAPEX majoritaire > long terme,250 000 €,10,Long terme,4
Analyser l’historique des aléas et sinistres déjà subis,"Actualisation annuelle d’une cartographie des sites exposés, en intégrant les dernières projections climatiques et les incidents déjà observés. Les bâtiments, fournisseurs et équipements les plus vulnérables sont priorisés avant les prochaines fortes chaleurs ou inondations.",Tous aléas climatiques,Organisationnelles,Capital humain,30 000 €,1,Moyen terme,4
Analyser les facteurs de prédisposition du site,"Création d’une ligne budgétaire dédiée à l’adaptation, couvrant diagnostics, travaux prioritaires et entretien renforcé. Les dépenses sont planifiées avant les dommages, ce qui évite des réparations urgentes plus coûteuses après un aléa climatique.",Inondation nappe; Inondation pluie; RGA; Chaleur extrême; Tempêtes,Technique,CAPEX majoritaire > long terme,250 000 €,10,Long terme,6
Évaluer régulièrement la vulnérabilité des équipements,"Scénario de crise testé avant l’été : bascule en télétravail, salles fraîches ouvertes, contact fournisseurs critiques et procédure de fermeture temporaire. Les équipes savent quoi faire lorsque chaleur, inondation ou tempête perturbent le fonctionnement normal.",Tous aléas climatiques; Modif T° air; Chaleur extrême; Stress Hydrique; Fortes pluies; Inondation fluviale; Inondation pluie; Inondation nappe; Tempêtes; Vague de gel; Vague de chaleur; RGA,Technique,CAPEX majoritaire > long terme,250 000 €,10,Long terme,4
Quantifier les coûts financiers des impacts climatiques,"Mise à jour d’une procédure interne avec responsables nommés, seuils d’alerte et test sur un site pilote. Les décisions sont plus rapides lorsque les fortes chaleurs menacent la continuité des activités.",Tous aléas climatiques; Fortes pluies; Inondation fluviale; Inondation pluie; Modif T° air; Stress Hydrique; Chaleur extrême; Tempêtes; Vague de chaleur,Financières,OPEX main d’œuvre,15 000 €,1,Moyen terme,0
Renforcer la continuité d’activité en situation de crise,"Mise à jour d’une procédure interne avec responsables nommés, seuils d’alerte et test sur un site pilote. Les décisions sont plus rapides lorsque les tous aléas climatiques menacent la continuité des activités.",Tous aléas climatiques; Tempêtes; Vague de chaleur; Fortes pluies; Inondation pluie; Vague de gel; Chaleur extrême; Modif T° air; Inondation fluviale; Inondation nappe; Stress Hydrique; Non listé: feu; Non listé: submersion marine,Organisationnelles,CAPEX majoritaire > long terme,250 000 €,10,Long terme,2
Prévenir la mal-adaptation dans le choix des solutions,"Formation courte des équipes exposées, avec consignes opérationnelles et exercice pratique sur site. Les personnes savent adapter leurs horaires, leurs déplacements et leurs gestes lors des fortes chaleurs.",Tous aléas climatiques; Chaleur extrême; Vague de chaleur; Stress Hydrique; Modif T° air,Organisationnelles,Capital humain,30 000 €,1,Moyen terme,4
Choisir l’outil d’adaptation selon le niveau de maturité,"Équipement d’un bâtiment prioritaire avec protections physiques, capteurs de suivi et procédure de maintenance renforcée. Les usages essentiels sont mieux protégés lorsque les tous aléas climatiques perturbent le site.",Tous aléas climatiques,Organisationnelles,Capital humain,50 000 €,2,Moyen terme,7
Réaliser des visites terrain pour fiabiliser les préconisations,"Réservation d’un budget annuel pour les diagnostics, travaux prioritaires et réparations préventives. Les investissements sont déclenchés avant les dégâts majeurs liés aux tous aléas climatiques, ce qui réduit les interruptions et les surcoûts.",Tous aléas climatiques; Inondation fluviale; Inondation pluie; Tempêtes; Vague de chaleur,Ressources humaines,OPEX majoritaire - main d’œuvre,30 000 €,1,Court terme,7
Établir un score brut et net de risque climatique,"Tableau de bord mensuel avec jours de fermeture liés à la chaleur, dégâts après pluie intense, incidents fournisseurs et coûts de maintenance climatique. Les tendances repérées déclenchent des ajustements rapides avant que les fragilités ne s’aggravent.",Tous aléas climatiques,Technique,Capital humain,50 000 €,2,Moyen terme,4
Chiffrer les CAPEX et OPEX d’adaptation,"Actualisation annuelle d’une cartographie des sites exposés, en intégrant les dernières projections climatiques et les incidents déjà observés. Les bâtiments, fournisseurs et équipements les plus vulnérables sont priorisés avant les prochaines fortes chaleurs ou inondations.",Tous aléas climatiques,Financières,Capital humain,30 000 €,1,Moyen terme,4
Mettre en place des outils de prévention et de surveillance,"Formation courte des équipes exposées, avec consignes opérationnelles et exercice pratique sur site. Les personnes savent adapter leurs horaires, leurs déplacements et leurs gestes lors des fortes chaleurs.",Inondation nappe; Inondation pluie; Fortes pluies; Inondation fluviale; RGA; Stress Hydrique; Chaleur extrême; Tempêtes; Vague de chaleur,Technique,CAPEX majoritaire > court terme,50 000 €,2,Court terme,4
Étendre les audits de vulnérabilité à des sites représentatifs,"Réservation d’un budget annuel pour les diagnostics, travaux prioritaires et réparations préventives. Les investissements sont déclenchés avant les dégâts majeurs liés aux tous aléas climatiques, ce qui réduit les interruptions et les surcoûts.",Tous aléas climatiques,Organisationnelles,Capital humain,50 000 €,2,Moyen terme,4
Structurer un référentiel interne d’actions d’adaptation,"Rénovation d’un bâtiment prioritaire avec isolation renforcée, protections solaires, ventilation nocturne et vérification des seuils d’inondation au rez-de-chaussée. Les occupants restent protégés et les activités essentielles peuvent continuer pendant les épisodes climatiques extrêmes.",Tous aléas climatiques; Stress Hydrique; Vague de chaleur; Chaleur extrême,Ressources humaines,Capital humain,250 000 €,10,Long terme,7
Outiller la prise de décision pour un plan d’investissement global,"Réservation d’un budget annuel pour les diagnostics, travaux prioritaires et réparations préventives. Les investissements sont déclenchés avant les dégâts majeurs liés aux fortes chaleurs, ce qui réduit les interruptions et les surcoûts.",Tous aléas climatiques,Financières,Capital humain,50 000 €,2,Moyen terme,7
Intégrer l’adaptation dans la stratégie immobilière de long terme,"Réservation d’un budget annuel pour les diagnostics, travaux prioritaires et réparations préventives. Les investissements sont déclenchés avant les dégâts majeurs liés aux tous aléas climatiques, ce qui réduit les interruptions et les surcoûts.",Tous aléas climatiques,Organisationnelles,Capital humain,30 000 €,1,Moyen terme,1
Utiliser l’évaluation du risque climatique en prospection foncière,"Mise à jour d’une procédure interne avec responsables nommés, seuils d’alerte et test sur un site pilote. Les décisions sont plus rapides lorsque les fortes chaleurs menacent la continuité des activités.",Inondation pluie; Fortes pluies; Chaleur extrême; Tempêtes; RGA; Tous aléas climatiques,Financières,CAPEX majoritaire > long terme,250 000 €,10,Long terme,6
Écarter les implantations trop vulnérables,"Actualisation annuelle d’une cartographie des sites exposés, en intégrant les dernières projections climatiques et les incidents déjà observés. Les bâtiments, fournisseurs et équipements les plus vulnérables sont priorisés avant les prochaines fortes chaleurs ou inondations.",Tous aléas climatiques,Financières,Capital humain,250 000 €,10,Long terme,6
Inscrire l’adaptation comme complément de la décarbonation,"Équipement d’un bâtiment prioritaire avec protections physiques, capteurs de suivi et procédure de maintenance renforcée. Les usages essentiels sont mieux protégés lorsque les fortes pluies et inondations perturbent le site.",Tous aléas climatiques; Fortes pluies; Inondation fluviale; Inondation nappe; Inondation pluie; Modif T° air; RGA; Stress Hydrique; Chaleur extrême; Tempêtes; Vague de chaleur; Vague de gel,Organisationnelles,Capital humain,15 000 €,1,Moyen terme,0
Corréler les résultats d’un diagnostic standard avec la vulnérabilité réelle du magasin,"Équipement d’un bâtiment prioritaire avec protections physiques, capteurs de suivi et procédure de maintenance renforcée. Les usages essentiels sont mieux protégés lorsque les fortes pluies et inondations perturbent le site.",Tous aléas climatiques,Technique,Capital humain,50 000 €,2,Moyen terme,4
Identifier les sites les plus vulnérables à l’inondation,"Actualisation annuelle d’une cartographie des sites exposés, en intégrant les dernières projections climatiques et les incidents déjà observés. Les bâtiments, fournisseurs et équipements les plus vulnérables sont priorisés avant les prochaines fortes chaleurs ou inondations.",Inondation fluviale; Inondation pluie; Inondation nappe; Fortes pluies,Technique,Capital humain,50 000 €,2,Moyen terme,1
Améliorer la ventilation et le rafraîchissement passif,"Formation courte des équipes exposées, avec consignes opérationnelles et exercice pratique sur site. Les personnes savent adapter leurs horaires, leurs déplacements et leurs gestes lors des fortes pluies et inondations.",Inondation fluviale; Inondation pluie; Inondation nappe; Stress Hydrique; Chaleur extrême; Vague de chaleur,Technique,CAPEX majoritaire > court terme,50 000 €,2,Court terme,0
Réduire les consommations d’eau,"Session annuelle pour les équipes, agents d’accueil et responsables de site, avec consignes canicule, conduite à tenir en cas d’inondation et exercices pratiques. Les personnes concernées reconnaissent les signaux d’alerte et réagissent plus vite.",Inondation fluviale; Inondation pluie; Fortes pluies; Inondation nappe; Non listé: submersion marine; Submersion marine,Technique,CAPEX majoritaire > long terme,250 000 €,10,Long terme,7
Adapter les ouvrages aux mouvements de terrain,"Création de noues, bassins d’infiltration et cuves de récupération au pied des bâtiments. Les pluies intenses sont absorbées progressivement, les abords restent praticables et une réserve d’eau peut servir à l’arrosage en période sèche.",Inondation fluviale; Inondation pluie; Inondation nappe; Non listé: submersion marine; Submersion marine,Technique,CAPEX majoritaire > long terme,250 000 €,10,Long terme,4
Créer un POMSE pour la gestion des risques climatiques,"Création de noues, bassins d’infiltration et cuves de récupération au pied des bâtiments. Les pluies intenses sont absorbées progressivement, les abords restent praticables et une réserve d’eau peut servir à l’arrosage en période sèche.",Tous aléas climatiques,Organisationnelles,OPEX majoritaire - main d’œuvre,30 000 €,1,Moyen terme,0
Organiser un exercice inondation annuel,"Mise à jour d’une procédure interne avec responsables nommés, seuils d’alerte et test sur un site pilote. Les décisions sont plus rapides lorsque les fortes chaleurs menacent la continuité des activités.",Inondation fluviale; Inondation pluie; Inondation nappe,Ressources humaines,OPEX majoritaire - main d’œuvre,15 000 €,1,Moyen terme,0
Installer des affiches de sensibilisation aux risques,"Mise à jour d’une procédure interne avec responsables nommés, seuils d’alerte et test sur un site pilote. Les décisions sont plus rapides lorsque les fortes chaleurs menacent la continuité des activités.",Tous aléas climatiques,Ressources humaines,CAPEX majoritaire > court terme,50 000 €,2,Court terme,7
Entretenir les dispositifs d’évacuation des eaux pluviales,"Mise à jour d’une procédure interne avec responsables nommés, seuils d’alerte et test sur un site pilote. Les décisions sont plus rapides lorsque les fortes chaleurs menacent la continuité des activités.",Fortes pluies; Inondation pluie; RGA,Technique,CAPEX majoritaire > long terme,250 000 €,10,Long terme,1
Redimensionner les réseaux d’eaux pluviales avec les acteurs publics,"Tableau de bord mensuel avec jours de fermeture liés à la chaleur, dégâts après pluie intense, incidents fournisseurs et coûts de maintenance climatique. Les tendances repérées déclenchent des ajustements rapides avant que les fragilités ne s’aggravent.",Fortes pluies; Inondation pluie,Organisationnelles,CAPEX majoritaire > long terme,250 000 €,10,Long terme,1
Structurer la stratégie d’adaptation climatique,"Mise à jour d’une procédure interne avec responsables nommés, seuils d’alerte et test sur un site pilote. Les décisions sont plus rapides lorsque les tous aléas climatiques menacent la continuité des activités.",Tous aléas climatiques; Tempêtes,Organisationnelles,OPEX main d’œuvre,30 000 €,1,Moyen terme,4
Intégrer les alternatives à la voiture dans les documents de planification,"Actualisation annuelle d’une cartographie des sites exposés, en intégrant les dernières projections climatiques et les incidents déjà observés. Les bâtiments, fournisseurs et équipements les plus vulnérables sont priorisés avant les prochaines fortes chaleurs ou inondations.",Tous aléas climatiques; Modif T° air; Chaleur extrême,Organisationnelles,Capital humain,30 000 €,1,Moyen terme,4
Construire un dialogue régulier avec collectivités et services techniques,"Déplacement des archives, serveurs et équipements coûteux hors des zones inondables, puis installation aux étages supérieurs avec accès sécurisé. Les pertes matérielles diminuent fortement en cas de crue ou de ruissellement intense.",Tous aléas climatiques; Chaleur extrême; Vague de chaleur; Inondation fluviale; Tempêtes; Vague de gel,Organisationnelles,Capital humain,15 000 €,1,Moyen terme,0
Mutualiser les solutions entre sites voisins,"Équipement d’un bâtiment prioritaire avec protections physiques, capteurs de suivi et procédure de maintenance renforcée. Les usages essentiels sont mieux protégés lorsque les fortes chaleurs perturbent le site.",Fortes pluies; Inondation pluie; Vague de chaleur; Chaleur extrême,Organisationnelles,CAPEX majoritaire > long terme,250 000 €,10,Long terme,6
Anticiper la gestion de crise et capitaliser sur les retours d’expérience,"Aménagement d’un espace pilote avec végétation locale, sol perméable et suivi de l’eau disponible. Le site gagne en fraîcheur, absorbe mieux les pluies et devient plus résistant face aux fortes chaleurs.",Tous aléas climatiques; Fortes pluies; Inondation fluviale; Inondation pluie; Tempêtes; Vague de chaleur,Organisationnelles,OPEX main d’œuvre,15 000 €,1,Moyen terme,0
Inclure copropriétaires et locataires dans la gouvernance du plan,"Mise à jour d’une procédure interne avec responsables nommés, seuils d’alerte et test sur un site pilote. Les décisions sont plus rapides lorsque les tous aléas climatiques menacent la continuité des activités.",Tous aléas climatiques,Organisationnelles,CAPEX majoritaire > long terme,250 000 €,10,Long terme,3
Analyser les dépendances logistiques critiques,"Équipement d’un bâtiment prioritaire avec protections physiques, capteurs de suivi et procédure de maintenance renforcée. Les usages essentiels sont mieux protégés lorsque les fortes chaleurs perturbent le site.",Fortes pluies; Inondation pluie; Tempêtes; Vague de chaleur; Vague de gel; Inondation fluviale,Organisationnelles,Capital humain,30 000 €,1,Moyen terme,0
Relocaliser les activités économiques hors zones hydrauliquement contraintes,"Actualisation annuelle d’une cartographie des sites exposés, en intégrant les dernières projections climatiques et les incidents déjà observés. Les bâtiments, fournisseurs et équipements les plus vulnérables sont priorisés avant les prochaines fortes chaleurs ou inondations.",Inondation fluviale; Inondation pluie; Fortes pluies; Tempêtes; Submersion marine,Organisationnelles,CAPEX majoritaire > long terme,250 000 €,10,Long terme,0
Co-construire la réhabilitation d’une zone commerciale inondable,"Équipement d’un bâtiment prioritaire avec protections physiques, capteurs de suivi et procédure de maintenance renforcée. Les usages essentiels sont mieux protégés lorsque les fortes chaleurs perturbent le site.",Inondation fluviale; Inondation pluie; Fortes pluies; Chaleur extrême,Technique,CAPEX majoritaire > long terme,250 000 €,10,Long terme,0
Renaturer les zones commerciales exposées,"Équipement d’un bâtiment prioritaire avec protections physiques, capteurs de suivi et procédure de maintenance renforcée. Les usages essentiels sont mieux protégés lorsque les fortes chaleurs perturbent le site.",Fortes pluies; Inondation pluie; Vague de chaleur; Stress Hydrique; Chaleur extrême,Fondées sur la nature,CAPEX majoritaire > long terme,250 000 €,10,Long terme,6
Créer des conditions d’interconnaissance entre acteurs économiques,"Aménagement d’un espace pilote avec végétation locale, sol perméable et suivi de l’eau disponible. Le site gagne en fraîcheur, absorbe mieux les pluies et devient plus résistant face aux fortes chaleurs.",Tous aléas climatiques,Organisationnelles,OPEX main d’œuvre,30 000 €,1,Moyen terme,0
Améliorer la ventilation et le rafraîchissement passif,"Transformation d’un parking bitumé en revêtement perméable, avec noues végétalisées et fosses de plantation. L’eau s’infiltre directement sur site, les réseaux débordent moins lors des pluies intenses et le sol restitue moins de chaleur en été.",Tous aléas climatiques; Chaleur extrême; Vague de chaleur; Fortes pluies; Inondation pluie; Stress Hydrique; RGA; Modif T° air,Organisationnelles,OPEX main d’œuvre,50 000 €,2,Moyen terme,0
Raccorder certains équipements de preneurs aux installations collectives du centre,"Équipement d’un bâtiment prioritaire avec protections physiques, capteurs de suivi et procédure de maintenance renforcée. Les usages essentiels sont mieux protégés lorsque les fortes chaleurs perturbent le site.",Vague de chaleur; Chaleur extrême; Vague de gel,Technique,CAPEX majoritaire > long terme,250 000 €,10,Long terme,7
Évaluer la vulnérabilité des activités touristiques,"Équipement d’un bâtiment prioritaire avec protections physiques, capteurs de suivi et procédure de maintenance renforcée. Les usages essentiels sont mieux protégés lorsque les fortes chaleurs perturbent le site.",Tous aléas climatiques,Organisationnelles,CAPEX majoritaire > long terme,250 000 €,10,Long terme,4
Récupérer et réutiliser les eaux non conventionnelles,"Scénario de crise testé avant l’été : bascule en télétravail, salles fraîches ouvertes, contact fournisseurs critiques et procédure de fermeture temporaire. Les équipes savent quoi faire lorsque chaleur, inondation ou tempête perturbent le fonctionnement normal.",Stress Hydrique; Fortes pluies; Inondation pluie; Vague de chaleur; Chaleur extrême; Modif T° air; Inondation fluviale; Inondation nappe,Technique,CAPEX majoritaire > court terme,250 000 €,10,Long terme,2
Installer une géothermie basse température,"Équipement d’un bâtiment prioritaire avec protections physiques, capteurs de suivi et procédure de maintenance renforcée. Les usages essentiels sont mieux protégés lorsque les fortes pluies et inondations perturbent le site.",Vague de chaleur; Chaleur extrême; Vague de gel; Modif T° air,Technique,CAPEX majoritaire > long terme,250 000 €,10,Long terme,0
Végétaliser les toitures et façades des magasins,"Mise à jour d’une procédure interne avec responsables nommés, seuils d’alerte et test sur un site pilote. Les décisions sont plus rapides lorsque les fortes pluies et inondations menacent la continuité des activités.",Vague de chaleur; Chaleur extrême; Fortes pluies; Inondation pluie,Fondées sur la nature,CAPEX majoritaire > long terme,250 000 €,10,Long terme,6
Créer des parkings végétalisés et infiltrants,"Mise à jour d’une procédure interne avec responsables nommés, seuils d’alerte et test sur un site pilote. Les décisions sont plus rapides lorsque les fortes chaleurs menacent la continuité des activités.",Vague de chaleur; Chaleur extrême; Fortes pluies; Inondation pluie; Inondation nappe,Fondées sur la nature,CAPEX majoritaire > long terme,250 000 €,10,Long terme,6
Investir dans un groupe électrogène après un sinistre,"Création d’une ligne budgétaire dédiée à l’adaptation, couvrant diagnostics, travaux prioritaires et entretien renforcé. Les dépenses sont planifiées avant les dommages, ce qui évite des réparations urgentes plus coûteuses après un aléa climatique.",Tempêtes; Vague de chaleur; Fortes pluies; Inondation pluie; Chaleur extrême; Modif T° air; Inondation fluviale; Inondation nappe; Stress Hydrique; Non listé: feu; Non listé: submersion marine,Technique,CAPEX majoritaire > long terme,250 000 €,10,Long terme,2
Mettre en place un contrat d’entretien des onduleurs,"Création d’une ligne budgétaire dédiée à l’adaptation, couvrant diagnostics, travaux prioritaires et entretien renforcé. Les dépenses sont planifiées avant les dommages, ce qui évite des réparations urgentes plus coûteuses après un aléa climatique.",Tempêtes; Fortes pluies; Inondation pluie; Vague de chaleur,Technique,OPEX énergie,50 000 €,2,Court terme,0
Créer une procédure de crise multi-blocage,"Mise à jour d’une procédure interne avec responsables nommés, seuils d’alerte et test sur un site pilote. Les décisions sont plus rapides lorsque les fortes chaleurs menacent la continuité des activités.",Tempêtes; Fortes pluies; Inondation pluie; Vague de gel,Organisationnelles,OPEX majoritaire - main d’œuvre,15 000 €,1,Moyen terme,0
Prévoir des moyens de téléphonie satellitaire,"Équipement d’un bâtiment prioritaire avec protections physiques, capteurs de suivi et procédure de maintenance renforcée. Les usages essentiels sont mieux protégés lorsque les fortes chaleurs perturbent le site.",Tempêtes; Inondation pluie; Inondation fluviale; Vague de gel,Technique,CAPEX majoritaire > court terme,50 000 €,2,Court terme,0
Renforcer la coordination avec les autorités locales en cas de circulation interdite,"Équipement d’un bâtiment prioritaire avec protections physiques, capteurs de suivi et procédure de maintenance renforcée. Les usages essentiels sont mieux protégés lorsque les fortes chaleurs perturbent le site.",Tempêtes; Inondation pluie; Inondation fluviale; Vague de gel,Organisationnelles,OPEX majoritaire - main d’œuvre,15 000 €,1,Moyen terme,3
Installer des bennes et organiser l’évacuation des denrées sinistrées,"Équipement d’un bâtiment prioritaire avec protections physiques, capteurs de suivi et procédure de maintenance renforcée. Les usages essentiels sont mieux protégés lorsque les fortes pluies et inondations perturbent le site.",Tempêtes; Vague de chaleur; Inondation pluie,Organisationnelles,CAPEX majoritaire > court terme,50 000 €,2,Court terme,7
Réviser les contrats d’assurance à l’aune des sinistres climatiques,"Formation courte des équipes exposées, avec consignes opérationnelles et exercice pratique sur site. Les personnes savent adapter leurs horaires, leurs déplacements et leurs gestes lors des fortes chaleurs.",Tous aléas climatiques; RGA; Mouvements de terrain,Financières,Capital humain,25 000 €,1,Moyen terme,4
Reconnaître les investissements de prévention dans le dialogue assurantiel,"Formation courte des équipes exposées, avec consignes opérationnelles et exercice pratique sur site. Les personnes savent adapter leurs horaires, leurs déplacements et leurs gestes lors des fortes chaleurs.",Tous aléas climatiques,Financières,Capital humain,25 000 €,1,Moyen terme,0
Créer une gouvernance climat transverse au niveau du groupe,"Inscription d’un point adaptation climatique à chaque comité stratégique, avec arbitrage budgétaire et suivi des obligations réglementaires. Les décisions d’investissement tiennent compte des conditions climatiques futures plutôt que du climat passé.",Tous aléas climatiques; Vague de chaleur; Chaleur extrême; RGA; Inondation pluie; Vague de gel,Organisationnelles,Capital humain,50 000 €,2,Moyen terme,4
Isoler les bâtis touristiques,"Plantation d’arbres d’ombrage, création de massifs végétalisés et choix d’essences capables de supporter le climat futur local. Les cheminements et façades exposés restent plus frais, ce qui réduit l’inconfort pendant les fortes chaleurs.",Vague de chaleur; Chaleur extrême; Modif T° air,Technique,CAPEX majoritaire > long terme,250 000 €,10,Long terme,7
Poser des membranes blanches ou toitures réfléchissantes,"Mise à jour d’une procédure interne avec responsables nommés, seuils d’alerte et test sur un site pilote. Les décisions sont plus rapides lorsque les tous aléas climatiques menacent la continuité des activités.",Vague de chaleur; Chaleur extrême; Tempêtes,Technique,CAPEX majoritaire > long terme,250 000 €,10,Long terme,0
Poser des tôles anti-grêle sur les lanterneaux,"Mise à jour d’une procédure interne avec responsables nommés, seuils d’alerte et test sur un site pilote. Les décisions sont plus rapides lorsque les tous aléas climatiques menacent la continuité des activités.",Tempêtes; Fortes pluies,Technique,CAPEX majoritaire > long terme,250 000 €,10,Long terme,7
Protéger les personnes face aux fortes chaleurs,"Tableau de bord mensuel avec jours de fermeture liés à la chaleur, dégâts après pluie intense, incidents fournisseurs et coûts de maintenance climatique. Les tendances repérées déclenchent des ajustements rapides avant que les fragilités ne s’aggravent.",Vague de chaleur; Chaleur extrême; Vague de gel,Ressources humaines,CAPEX majoritaire > court terme,250 000 €,10,Court terme,0
Élaborer un cahier des charges de construction résilient,"Climatisation limitée aux espaces critiques, avec consignes de température, horaires d’usage et suivi des consommations. Les activités sensibles restent possibles pendant les canicules sans surcharger inutilement le réseau électrique.",Tous aléas climatiques; Vague de chaleur; Chaleur extrême,Ressources humaines,Capital humain,250 000 €,10,Long terme,0
Déployer une stratégie d’adaptation pays par pays,"Plantation d’arbres d’ombrage, création de massifs végétalisés et choix d’essences capables de supporter le climat futur local. Les cheminements et façades exposés restent plus frais, ce qui réduit l’inconfort pendant les fortes chaleurs.",Tous aléas climatiques,Financières,Capital humain,30 000 €,1,Moyen terme,4
Créer des îlots de fraîcheur par densification des espaces verts,"Création de noues, bassins d’infiltration et cuves de récupération au pied des bâtiments. Les pluies intenses sont absorbées progressivement, les abords restent praticables et une réserve d’eau peut servir à l’arrosage en période sèche.",Vague de chaleur; Fortes pluies; Inondation pluie; Stress Hydrique; Chaleur extrême; Modif T° air,Fondées sur la nature,Capital humain,250 000 €,10,Long terme,6
Fournir aux adhérents des référentiels et repères économiques communs,"Transformation d’un parking bitumé en revêtement perméable, avec noues végétalisées et fosses de plantation. L’eau s’infiltre directement sur site, les réseaux débordent moins lors des pluies intenses et le sol restitue moins de chaleur en été.",Tous aléas climatiques,Organisationnelles,Capital humain,50 000 €,2,Moyen terme,7
"Prioriser les actions selon efficacité, faisabilité et acceptabilité","Mise à jour d’une procédure interne avec responsables nommés, seuils d’alerte et test sur un site pilote. Les décisions sont plus rapides lorsque les fortes chaleurs menacent la continuité des activités.",Tous aléas climatiques,Organisationnelles,Capital humain,15 000 €,1,Moyen terme,0
Mesurer l’efficacité par retours d’expérience et indicateurs,"Rénovation d’un bâtiment prioritaire avec isolation renforcée, protections solaires, ventilation nocturne et vérification des seuils d’inondation au rez-de-chaussée. Les occupants restent protégés et les activités essentielles peuvent continuer pendant les épisodes climatiques extrêmes.",Tous aléas climatiques,Organisationnelles,OPEX énergie,30 000 €,1,Moyen terme,7
Limiter le recours unique à la climatisation,"Équipement d’un bâtiment prioritaire avec protections physiques, capteurs de suivi et procédure de maintenance renforcée. Les usages essentiels sont mieux protégés lorsque les fortes chaleurs perturbent le site.",Vague de chaleur; Chaleur extrême; Modif T° air,Fondées sur la nature,CAPEX majoritaire > long terme,250 000 €,10,Long terme,6
Planter des arbres autour des magasins avec fosses de rétention,"Mise à jour d’une procédure interne avec responsables nommés, seuils d’alerte et test sur un site pilote. Les décisions sont plus rapides lorsque les fortes chaleurs menacent la continuité des activités.",Vague de chaleur; Chaleur extrême; Fortes pluies; Inondation pluie; Stress Hydrique; Modif T° air; Tempêtes; Inondation fluviale; Inondation nappe,Fondées sur la nature,CAPEX majoritaire > long terme,250 000 €,10,Long terme,6
Désimperméabiliser et renaturer les sols,"Formation courte des équipes exposées, avec consignes opérationnelles et exercice pratique sur site. Les personnes savent adapter leurs horaires, leurs déplacements et leurs gestes lors des fortes chaleurs.",Fortes pluies; Inondation pluie; Vague de chaleur; Chaleur extrême; Modif T° air; Inondation fluviale; Inondation nappe; Stress Hydrique,Fondées sur la nature,CAPEX majoritaire > long terme,250 000 €,10,Long terme,6
Gérer durablement les eaux pluviales,"Équipement d’un bâtiment prioritaire avec protections physiques, capteurs de suivi et procédure de maintenance renforcée. Les usages essentiels sont mieux protégés lorsque les fortes chaleurs perturbent le site.",Fortes pluies; Inondation pluie; Stress Hydrique; Inondation fluviale; Feux de forêt; Biodiversité,Fondées sur la nature,CAPEX majoritaire > long terme,250 000 €,10,Long terme,6
Dimensionner la gestion des eaux pluviales sur la parcelle,"Équipement d’un bâtiment prioritaire avec protections physiques, capteurs de suivi et procédure de maintenance renforcée. Les usages essentiels sont mieux protégés lorsque les fortes chaleurs perturbent le site.",Fortes pluies; Inondation pluie; Inondation nappe; Inondation fluviale,Technique,CAPEX majoritaire > long terme,250 000 €,10,Long terme,6
Créer des ombrages et noues sur les parkings,"Équipement d’un bâtiment prioritaire avec protections physiques, capteurs de suivi et procédure de maintenance renforcée. Les usages essentiels sont mieux protégés lorsque les fortes chaleurs perturbent le site.",Vague de chaleur; Chaleur extrême; Fortes pluies; Inondation pluie,Fondées sur la nature,CAPEX majoritaire > long terme,250 000 €,10,Long terme,6
Suivre la variabilité météo pour piloter les ventes et les stocks,"Équipement d’un bâtiment prioritaire avec protections physiques, capteurs de suivi et procédure de maintenance renforcée. Les usages essentiels sont mieux protégés lorsque les fortes chaleurs perturbent le site.",Tempêtes; Inondation pluie; Inondation fluviale; Fortes pluies; Modif T° air; Vague de chaleur; Vague de gel,Organisationnelles,CAPEX majoritaire > court terme,50 000 €,2,Court terme,0
Remplacer temporairement les productions en laboratoire par des produits prêts à l’emploi,"Création de noues, bassins d’infiltration et cuves de récupération au pied des bâtiments. Les pluies intenses sont absorbées progressivement, les abords restent praticables et une réserve d’eau peut servir à l’arrosage en période sèche.",Vague de chaleur; Tempêtes; Fortes pluies; Chaleur extrême,Organisationnelles,OPEX majoritaire - main d’œuvre,15 000 €,1,Moyen terme,0
Installer des dispositifs de brumisation et d’arrosage par eau de pluie en toiture,"Mise à jour d’une procédure interne avec responsables nommés, seuils d’alerte et test sur un site pilote. Les décisions sont plus rapides lorsque les fortes chaleurs menacent la continuité des activités.",Vague de chaleur; Chaleur extrême; Stress Hydrique,Technique,CAPEX majoritaire > court terme,250 000 €,10,Court terme,1
Aérer la nuit et brasser l’air via les ventelles de désenfumage,"Sélection de deux fournisseurs alternatifs pour les achats stratégiques, avec vérification de leurs plans de continuité et de l’exposition de leurs sites. Les ruptures d’approvisionnement diminuent lorsqu’une inondation ou une canicule bloque un fournisseur principal.",Vague de chaleur; Chaleur extrême,Organisationnelles,OPEX énergie,15 000 €,1,Moyen terme,0
Renforcer la continuité d’activité en situation de crise,"Session annuelle pour les équipes, agents d’accueil et responsables de site, avec consignes canicule, conduite à tenir en cas d’inondation et exercices pratiques. Les personnes concernées reconnaissent les signaux d’alerte et réagissent plus vite.",Vague de chaleur; Chaleur extrême; Tempêtes; Modif T° air,Technique,CAPEX majoritaire > long terme,250 000 €,10,Long terme,0
Sensibiliser les salariés au risque de déshydratation,"Inscription d’un point adaptation climatique à chaque comité stratégique, avec arbitrage budgétaire et suivi des obligations réglementaires. Les décisions d’investissement tiennent compte des conditions climatiques futures plutôt que du climat passé.",Vague de chaleur; Chaleur extrême,Ressources humaines,Capital humain,25 000 €,1,Long terme,0
Installer un film réfléchissant sur verrière,"Équipement d’un bâtiment prioritaire avec protections physiques, capteurs de suivi et procédure de maintenance renforcée. Les usages essentiels sont mieux protégés lorsque les fortes chaleurs perturbent le site.",Vague de chaleur; Chaleur extrême,Technique,CAPEX majoritaire > court terme,250 000 €,10,Long terme,2
Renouveler les centrales de traitement d’air,"Réservation d’un budget annuel pour les diagnostics, travaux prioritaires et réparations préventives. Les investissements sont déclenchés avant les dégâts majeurs liés aux fortes chaleurs, ce qui réduit les interruptions et les surcoûts.",Vague de chaleur; Chaleur extrême; Modif T° air,Technique,CAPEX majoritaire > long terme,250 000 €,10,Long terme,0
Améliorer la ventilation et le rafraîchissement passif,"Rénovation d’un bâtiment prioritaire avec isolation renforcée, protections solaires, ventilation nocturne et vérification des seuils d’inondation au rez-de-chaussée. Les occupants restent protégés et les activités essentielles peuvent continuer pendant les épisodes climatiques extrêmes.",Vague de chaleur; Chaleur extrême; Modif T° air,Technique,CAPEX majoritaire > long terme,250 000 €,10,Long terme,2
Améliorer l’isolation des entrepôts et remplacer les sas de quais,"Équipement d’un bâtiment prioritaire avec protections physiques, capteurs de suivi et procédure de maintenance renforcée. Les usages essentiels sont mieux protégés lorsque les fortes chaleurs perturbent le site.",Vague de chaleur; Chaleur extrême; Vague de gel; Tempêtes; Submersion marine,Technique,CAPEX majoritaire > long terme,250 000 €,10,Long terme,0
Utiliser des pompes à chaleur à faibles émissions,"Mise à jour d’une procédure interne avec responsables nommés, seuils d’alerte et test sur un site pilote. Les décisions sont plus rapides lorsque les fortes chaleurs menacent la continuité des activités.",Modif T° air; Vague de chaleur; Vague de gel; Chaleur extrême,Technique,CAPEX majoritaire > long terme,250 000 €,10,Long terme,0
Reprendre les pentes de voirie vers les noues et places drainantes,"Équipement d’un bâtiment prioritaire avec protections physiques, capteurs de suivi et procédure de maintenance renforcée. Les usages essentiels sont mieux protégés lorsque les fortes chaleurs perturbent le site.",Fortes pluies; Inondation pluie,Technique,CAPEX majoritaire > long terme,250 000 €,10,Long terme,1
Protéger les personnes face aux fortes chaleurs,"Scénario de crise testé avant l’été : bascule en télétravail, salles fraîches ouvertes, contact fournisseurs critiques et procédure de fermeture temporaire. Les équipes savent quoi faire lorsque chaleur, inondation ou tempête perturbent le fonctionnement normal.",Vague de chaleur; Chaleur extrême,Technique,CAPEX majoritaire > long terme,250 000 €,10,Long terme,2
Élaborer un plan ORSEC marchandises,"Équipement d’un bâtiment prioritaire avec protections physiques, capteurs de suivi et procédure de maintenance renforcée. Les usages essentiels sont mieux protégés lorsque les fortes chaleurs perturbent le site.",Tempêtes; Inondation pluie; Vague de chaleur,Organisationnelles,OPEX majoritaire - main d’œuvre,30 000 €,1,Moyen terme,0
Renforcer la redondance des approvisionnements,"Équipement d’un bâtiment prioritaire avec protections physiques, capteurs de suivi et procédure de maintenance renforcée. Les usages essentiels sont mieux protégés lorsque les fortes chaleurs perturbent le site.",Tempêtes; Inondation pluie; Vague de chaleur; Vague de gel,Organisationnelles,OPEX majoritaire - main d’œuvre,15 000 €,1,Moyen terme,0
Mobiliser des formations et ressources documentaires spécialisées,"Mise à jour d’une procédure interne avec responsables nommés, seuils d’alerte et test sur un site pilote. Les décisions sont plus rapides lorsque les fortes chaleurs menacent la continuité des activités.",Tous aléas climatiques; Fortes pluies; Inondation fluviale; Inondation pluie; Modif T° air; RGA; Stress Hydrique; Chaleur extrême; Tempêtes; Vague de chaleur; Vague de gel,Ressources humaines,Capital humain,15 000 €,1,Court terme,3
Modifier les horaires de travail et normes d’habillement en milieu professionnel,"Équipement d’un bâtiment prioritaire avec protections physiques, capteurs de suivi et procédure de maintenance renforcée. Les usages essentiels sont mieux protégés lorsque les fortes chaleurs perturbent le site.",Vague de chaleur; Chaleur extrême,Organisationnelles,OPEX majoritaire - main d’œuvre,15 000 €,1,Moyen terme,0
Mettre en place des systèmes d’alerte pour les visiteurs,"Scénario de crise testé avant l’été : bascule en télétravail, salles fraîches ouvertes, contact fournisseurs critiques et procédure de fermeture temporaire. Les équipes savent quoi faire lorsque chaleur, inondation ou tempête perturbent le fonctionnement normal.",Vague de chaleur; Chaleur extrême; Fortes pluies; Inondation fluviale; Inondation pluie; Tempêtes; Vents violents,Technique,CAPEX majoritaire > court terme,250 000 €,10,Court terme,0
Adapter les ouvrages aux mouvements de terrain,"Scénario de crise testé avant l’été : bascule en télétravail, salles fraîches ouvertes, contact fournisseurs critiques et procédure de fermeture temporaire. Les équipes savent quoi faire lorsque chaleur, inondation ou tempête perturbent le fonctionnement normal.",Vague de chaleur; Chaleur extrême; RGA; Inondation pluie; Inondation fluviale; Fortes pluies; Stress Hydrique; Inondation nappe; Non listé: submersion marine; Mouvements de terrain,Technique,OPEX main d’œuvre,250 000 €,10,Long terme,4
Inscrire progressivement les actions d’adaptation dans les budgets,"Équipement d’un bâtiment prioritaire avec protections physiques, capteurs de suivi et procédure de maintenance renforcée. Les usages essentiels sont mieux protégés lorsque les fortes chaleurs perturbent le site.",Tous aléas climatiques; Modif T° air; Chaleur extrême,Financières,CAPEX majoritaire > long terme,250 000 €,10,Long terme,0
Surveiller l’état physique des bâtiments et zones de rétention,"Mise à jour d’une procédure interne avec responsables nommés, seuils d’alerte et test sur un site pilote. Les décisions sont plus rapides lorsque les fortes pluies et inondations menacent la continuité des activités.",RGA; Fortes pluies; Inondation pluie; Inondation nappe; Modif T° air,Technique,CAPEX majoritaire > long terme,250 000 €,10,Long terme,1
Installer un système de détection incendie en extérieur,"Actualisation annuelle d’une cartographie des sites exposés, en intégrant les dernières projections climatiques et les incidents déjà observés. Les bâtiments, fournisseurs et équipements les plus vulnérables sont priorisés avant les prochaines fortes chaleurs ou inondations.",Chaleur extrême; Vague de chaleur; Stress Hydrique; Feux de forêt,Technique,Capital humain,50 000 €,2,Court terme,0
Créer une bande coupe-feu désherbée et débroussaillée autour du site,"Mise à jour d’une procédure interne avec responsables nommés, seuils d’alerte et test sur un site pilote. Les décisions sont plus rapides lorsque les fortes chaleurs menacent la continuité des activités.",Chaleur extrême; Vague de chaleur; Stress Hydrique,Organisationnelles,OPEX majoritaire – main d’œuvre,250 000 €,10,Long terme,0
Installer des capteurs intelligents dans les zones de stockage,"Mise à jour d’une procédure interne avec responsables nommés, seuils d’alerte et test sur un site pilote. Les décisions sont plus rapides lorsque les fortes chaleurs menacent la continuité des activités.",Chaleur extrême; Vague de chaleur; Fortes pluies; Inondation pluie; Inondation nappe; Stress Hydrique,Technique,CAPEX majoritaire > long terme,250 000 €,10,Long terme,6
Élaborer des protocoles flexibles de stockage selon les prévisions climatiques,"Équipement d’un bâtiment prioritaire avec protections physiques, capteurs de suivi et procédure de maintenance renforcée. Les usages essentiels sont mieux protégés lorsque les fortes chaleurs perturbent le site.",Tempêtes; Chaleur extrême; Vague de chaleur; Fortes pluies,Organisationnelles,OPEX majoritaire – main d’œuvre,50 000 €,2,Moyen terme,1
Utiliser des contenants pour réactifs chimiques adaptés aux fortes chaleurs,"Mise à jour d’une procédure interne avec responsables nommés, seuils d’alerte et test sur un site pilote. Les décisions sont plus rapides lorsque les fortes chaleurs menacent la continuité des activités.",Chaleur extrême; Vague de chaleur; Modif T° air; Fortes pluies; Inondation pluie; Inondation fluviale; Inondation nappe; Tempêtes,Technique,CAPEX majoritaire – court terme,250 000 €,10,Court terme,0
Mettre en place des réserves d’eau de pluie,"Mise à jour d’une procédure interne avec responsables nommés, seuils d’alerte et test sur un site pilote. Les décisions sont plus rapides lorsque les fortes chaleurs menacent la continuité des activités.",Chaleur extrême; Vague de chaleur; Stress Hydrique; Feux de forêt,Technique,CAPEX majoritaire > court terme,250 000 €,10,Long terme,2
Réviser les plans de contingence logistique et traitement,"Équipement d’un bâtiment prioritaire avec protections physiques, capteurs de suivi et procédure de maintenance renforcée. Les usages essentiels sont mieux protégés lorsque les fortes chaleurs perturbent le site.",Tous risques climatiques extrêmes; Fortes pluies; Inondation fluviale; Inondation pluie; Inondation nappe; Tempêtes; Chaleur extrême; Vague de gel,Organisationnelles,OPEX majoritaire – main d’œuvre,250 000 €,10,Long terme,1
Connecter les capteurs d’émissions gazeuses à un système centralisé,"Rénovation d’un bâtiment prioritaire avec isolation renforcée, protections solaires, ventilation nocturne et vérification des seuils d’inondation au rez-de-chaussée. Les occupants restent protégés et les activités essentielles peuvent continuer pendant les épisodes climatiques extrêmes.",Chaleur extrême; Vague de chaleur; Fortes pluies; Inondation pluie,Technique,CAPEX majoritaire – court terme,250 000 €,10,Court terme,7
Mettre en place un plan de sécurité et de continuité d’activité pour toute la chaîne,"Aménagement d’un espace pilote avec végétation locale, sol perméable et suivi de l’eau disponible. Le site gagne en fraîcheur, absorbe mieux les pluies et devient plus résistant face aux fortes pluies et inondations.",Tous risques climatiques extrêmes; Fortes pluies; Inondation fluviale; Inondation pluie; Tempêtes; Chaleur extrême; Vague de gel,Organisationnelles,OPEX majoritaire – main d’œuvre,250 000 €,10,Long terme,0
Assurer la continuité des collectes et du transport des déchets,"Mise à jour d’une procédure interne avec responsables nommés, seuils d’alerte et test sur un site pilote. Les décisions sont plus rapides lorsque les fortes chaleurs menacent la continuité des activités.",Fortes pluies; Inondation fluviale; Inondation pluie; Inondation nappe; Tempêtes; Chaleur extrême; Vague de gel; Vague de chaleur; Modif T° air; RGA; Stress Hydrique; Non listé: feu; Non listé: submersion marine,Organisationnelles,CAPEX majoritaire > long terme,250 000 €,10,Long terme,0
"Maintenir un stock stratégique de pneus, filtres et pièces essentielles","Mise à jour d’une procédure interne avec responsables nommés, seuils d’alerte et test sur un site pilote. Les décisions sont plus rapides lorsque les fortes pluies et inondations menacent la continuité des activités.",Chaleur extrême; Vague de chaleur; Tempêtes; Vague de gel,Technique,OPEX majoritaire – court terme,250 000 €,10,Court terme,0
Optimiser les itinéraires pour éviter les zones à risque,"Mise à jour d’une procédure interne avec responsables nommés, seuils d’alerte et test sur un site pilote. Les décisions sont plus rapides lorsque les fortes chaleurs menacent la continuité des activités.",Inondation fluviale; Inondation pluie; Inondation nappe; Fortes pluies; RGA; Tempêtes,Organisationnelles,OPEX majoritaire – main d’œuvre,15 000 €,1,Moyen terme,0
Renforcer les effectifs lors des périodes de forte vulnérabilité,"Mise à jour d’une procédure interne avec responsables nommés, seuils d’alerte et test sur un site pilote. Les décisions sont plus rapides lorsque les fortes pluies et inondations menacent la continuité des activités.",Vague de chaleur; Chaleur extrême; Vague de gel; Tempêtes,Ressources humaines,OPEX majoritaire – main d’œuvre,30 000 €,1,Moyen terme,4
Organiser les tâches les plus pénibles aux heures les plus fraîches,"Équipement d’un bâtiment prioritaire avec protections physiques, capteurs de suivi et procédure de maintenance renforcée. Les usages essentiels sont mieux protégés lorsque les fortes chaleurs perturbent le site.",Vague de chaleur; Chaleur extrême; Modif T° air,Organisationnelles,OPEX majoritaire – main d’œuvre,250 000 €,10,Long terme,1
Encourager l’utilisation de matériaux alternatifs ou recyclés,"Session annuelle pour les équipes, agents d’accueil et responsables de site, avec consignes canicule, conduite à tenir en cas d’inondation et exercices pratiques. Les personnes concernées reconnaissent les signaux d’alerte et réagissent plus vite.",Stress Hydrique; Fortes pluies; Tempêtes; Chaleur extrême; Modif T° air,Organisationnelles,OPEX main d’œuvre,15 000 €,1,Moyen terme,0
Maintenir des stocks de matériaux essentiels et de ressources énergétiques,"Équipement d’un bâtiment prioritaire avec protections physiques, capteurs de suivi et procédure de maintenance renforcée. Les usages essentiels sont mieux protégés lorsque les fortes pluies et inondations perturbent le site.",Tous risques climatiques extrêmes; Tempêtes; Fortes pluies; Inondation fluviale; Inondation pluie; Chaleur extrême; Vague de gel,Technique,OPEX majoritaire – énergie,50 000 €,2,Moyen terme,0
Ajuster les quantités produites aux contextes locaux,"Climatisation limitée aux espaces critiques, avec consignes de température, horaires d’usage et suivi des consommations. Les activités sensibles restent possibles pendant les canicules sans surcharger inutilement le réseau électrique.",Modif T° air; Stress Hydrique; Chaleur extrême; Fortes pluies,Organisationnelles,OPEX majoritaire – section par défaut,15 000 €,1,Moyen terme,0
Adapter les circuits de distribution selon saisons et territoires,"Équipement d’un bâtiment prioritaire avec protections physiques, capteurs de suivi et procédure de maintenance renforcée. Les usages essentiels sont mieux protégés lorsque les fortes chaleurs perturbent le site.",Modif T° air; Stress Hydrique; Fortes pluies; Chaleur extrême,Organisationnelles,OPEX majoritaire – section par défaut,15 000 €,1,Moyen terme,1
Développer de nouvelles filières de traitement des déchets ultimes,"Équipement d’un bâtiment prioritaire avec protections physiques, capteurs de suivi et procédure de maintenance renforcée. Les usages essentiels sont mieux protégés lorsque les sécheresse perturbent le site.",Tous risques climatiques extrêmes; Fortes pluies; Inondation pluie; Stress Hydrique; Chaleur extrême; Tempêtes,Technique,CAPEX majoritaire > long terme,250 000 €,10,Long terme,0
Construire des digues pour protéger les infrastructures côtières ultramarines,"Équipement d’un bâtiment prioritaire avec protections physiques, capteurs de suivi et procédure de maintenance renforcée. Les usages essentiels sont mieux protégés lorsque les fortes chaleurs perturbent le site.",Tempêtes; Fortes pluies; Inondation pluie,Technique,CAPEX majoritaire > long terme,250 000 €,10,Long terme,4
Restaurer les écosystèmes côtiers protecteurs,"Équipement d’un bâtiment prioritaire avec protections physiques, capteurs de suivi et procédure de maintenance renforcée. Les usages essentiels sont mieux protégés lorsque les fortes chaleurs perturbent le site.",Tempêtes; Fortes pluies; Inondation pluie; Submersion marine; Biodiversité,Fondées sur la nature,CAPEX majoritaire > long terme,250 000 €,10,Long terme,6
Développer une capacité d’adaptation proactive,"Formation courte des équipes exposées, avec consignes opérationnelles et exercice pratique sur site. Les personnes savent adapter leurs horaires, leurs déplacements et leurs gestes lors des fortes chaleurs.",Tous risques climatiques extrêmes; Modif T° air; Fortes pluies; Stress Hydrique; Chaleur extrême; Tempêtes; Vague de chaleur,Organisationnelles,Section par défaut,15 000 €,1,Moyen terme,4
Renforcer la coopération et expérimenter des solutions innovantes,"Aménagement d’un espace pilote avec végétation locale, sol perméable et suivi de l’eau disponible. Le site gagne en fraîcheur, absorbe mieux les pluies et devient plus résistant face aux fortes pluies et inondations.",Tous risques climatiques extrêmes; Fortes pluies; Inondation fluviale; Inondation pluie; Tempêtes,Organisationnelles,OPEX main d’œuvre,15 000 €,1,Moyen terme,3
Rattacher l’adaptation aux politiques existantes de l’entreprise,"Aménagement d’un espace pilote avec végétation locale, sol perméable et suivi de l’eau disponible. Le site gagne en fraîcheur, absorbe mieux les pluies et devient plus résistant face aux fortes chaleurs.",Tous risques climatiques extrêmes; Modif T° air; Fortes pluies; Stress Hydrique; Chaleur extrême; Tempêtes; Vague de chaleur,Organisationnelles,Section par défaut,30 000 €,1,Moyen terme,1
Diagnostiquer les besoins de gestion de l’eau des sites,"Aménagement d’un espace pilote avec végétation locale, sol perméable et suivi de l’eau disponible. Le site gagne en fraîcheur, absorbe mieux les pluies et devient plus résistant face aux fortes chaleurs.",Stress Hydrique; Fortes pluies; Inondation pluie,Organisationnelles,Capital humain,15 000 €,1,Moyen terme,0
Installer des sous-compteurs communicants,"Formation courte des équipes exposées, avec consignes opérationnelles et exercice pratique sur site. Les personnes savent adapter leurs horaires, leurs déplacements et leurs gestes lors des sécheresse.",Stress Hydrique; Modif T° air,Technique,CAPEX majoritaire > court terme,50 000 €,2,Court terme,7
Former les responsables techniques à la gestion de l’eau,"Équipement d’un bâtiment prioritaire avec protections physiques, capteurs de suivi et procédure de maintenance renforcée. Les usages essentiels sont mieux protégés lorsque les sécheresse perturbent le site.",Stress Hydrique; Fortes pluies; Inondation pluie,Ressources humaines,Capital humain,30 000 €,1,Court terme,7
Réduire les rejets de polluants,"Équipement d’un bâtiment prioritaire avec protections physiques, capteurs de suivi et procédure de maintenance renforcée. Les usages essentiels sont mieux protégés lorsque les fortes chaleurs perturbent le site.",Stress Hydrique; Fortes pluies; Inondation pluie,Technique,OPEX majoritaire > eau,50 000 €,2,Moyen terme,7
Rénover des bâtiments industriels sans climatisation,"Sélection de deux fournisseurs alternatifs pour les achats stratégiques, avec vérification de leurs plans de continuité et de l’exposition de leurs sites. Les ruptures d’approvisionnement diminuent lorsqu’une inondation ou une canicule bloque un fournisseur principal.",Vague de chaleur; Chaleur extrême; Modif T° air; Vague de gel,Technique,CAPEX majoritaire > long terme,250 000 €,10,Long terme,0
Récupérer la chaleur et flécher les flux d’air,"Équipement d’un bâtiment prioritaire avec protections physiques, capteurs de suivi et procédure de maintenance renforcée. Les usages essentiels sont mieux protégés lorsque les fortes chaleurs perturbent le site.",Vague de chaleur; Chaleur extrême; Vague de gel; Tous aléas climatiques,Technique,Capital humain,25 000 €,1,Long terme,0
Réutiliser l’eau dans plusieurs process,"Aménagement d’un espace pilote avec végétation locale, sol perméable et suivi de l’eau disponible. Le site gagne en fraîcheur, absorbe mieux les pluies et devient plus résistant face aux fortes chaleurs.",Stress Hydrique,Technique,OPEX majoritaire > eau,50 000 €,2,Moyen terme,7
Déployer des tours adiabatiques en circuit fermé,"Réservation d’un budget annuel pour les diagnostics, travaux prioritaires et réparations préventives. Les investissements sont déclenchés avant les dégâts majeurs liés aux fortes chaleurs, ce qui réduit les interruptions et les surcoûts.",Stress Hydrique; Chaleur extrême,Technique,CAPEX majoritaire > long terme,250 000 €,10,Long terme,7
Recourir à la géothermie sur eau de nappe,"Plantation d’arbres d’ombrage, création de massifs végétalisés et choix d’essences capables de supporter le climat futur local. Les cheminements et façades exposés restent plus frais, ce qui réduit l’inconfort pendant les fortes chaleurs.",Vague de chaleur; Chaleur extrême; Vague de gel; Modif T° air; Stress Hydrique,Technique,CAPEX majoritaire > long terme,250 000 €,10,Long terme,0
Mobiliser un réseau de proximité pour les personnes vulnérables,"Organisation d’un exercice commun avec la commune, les voisins, les services de secours et les gestionnaires de réseaux. Les informations, lieux refuges et moyens matériels sont partagés plus vite lors d’un épisode extrême.",Vague de chaleur; Chaleur extrême; Fortes pluies; Inondation pluie; Tempêtes,Ressources humaines,OPEX main d’œuvre,25 000 €,1,Long terme,3
Restaurer des annexes fluviales et réouvrir des bras de rivière,"Création de noues, bassins d’infiltration et cuves de récupération au pied des bâtiments. Les pluies intenses sont absorbées progressivement, les abords restent praticables et une réserve d’eau peut servir à l’arrosage en période sèche.",Inondation fluviale; Fortes pluies; Stress Hydrique,Fondées sur la nature,CAPEX majoritaire > long terme,250 000 €,10,Long terme,6
Construire un schéma directeur de renaturation,"Aménagement d’un espace pilote avec végétation locale, sol perméable et suivi de l’eau disponible. Le site gagne en fraîcheur, absorbe mieux les pluies et devient plus résistant face aux fortes chaleurs.",Inondation fluviale; Fortes pluies; Stress Hydrique; Modif T° air; Chaleur extrême,Fondées sur la nature,Capital humain,250 000 €,10,Long terme,6
Déployer des solutions fondées sur la nature,"Équipement d’un bâtiment prioritaire avec protections physiques, capteurs de suivi et procédure de maintenance renforcée. Les usages essentiels sont mieux protégés lorsque les sécheresse perturbent le site.",Stress Hydrique; Modif T° air; Fortes pluies; Inondation pluie; Inondation fluviale; Chaleur extrême; Vague de chaleur; RGA,Fondées sur la nature,CAPEX majoritaire > long terme,250 000 €,10,Long terme,6
Mettre en place un Plan d’Utilisation Rationnelle de l’Eau,"Organisation d’un exercice commun avec la commune, les voisins, les services de secours et les gestionnaires de réseaux. Les informations, lieux refuges et moyens matériels sont partagés plus vite lors d’un épisode extrême.",Stress Hydrique,Ressources humaines,OPEX main d’œuvre,50 000 €,2,Moyen terme,7
Réduire les prélèvements par des mesures graduées,"Session annuelle pour les équipes, agents d’accueil et responsables de site, avec consignes canicule, conduite à tenir en cas d’inondation et exercices pratiques. Les personnes concernées reconnaissent les signaux d’alerte et réagissent plus vite.",Stress Hydrique,Technique,CAPEX majoritaire > long terme,250 000 €,10,Long terme,7
Réduire les consommations d’eau,"Création de noues, bassins d’infiltration et cuves de récupération au pied des bâtiments. Les pluies intenses sont absorbées progressivement, les abords restent praticables et une réserve d’eau peut servir à l’arrosage en période sèche.",Stress Hydrique; Biodiversité,Technique,CAPEX majoritaire > long terme,250 000 €,10,Long terme,7
Remplacer les tours aéroréfrigérantes par du refroidissement sec,"Actualisation annuelle d’une cartographie des sites exposés, en intégrant les dernières projections climatiques et les incidents déjà observés. Les bâtiments, fournisseurs et équipements les plus vulnérables sont priorisés avant les prochaines fortes chaleurs ou inondations.",Stress Hydrique; Chaleur extrême,Technique,CAPEX majoritaire > long terme,250 000 €,10,Long terme,0
Optimiser les produits lessiviels avec les fournisseurs,"Mise à jour d’une procédure interne avec responsables nommés, seuils d’alerte et test sur un site pilote. Les décisions sont plus rapides lorsque les sécheresse menacent la continuité des activités.",Stress Hydrique,Technique,OPEX majoritaire > eau,50 000 €,2,Moyen terme,5
Surveiller la chaleur corporelle des salariés,"Aménagement d’un espace pilote avec végétation locale, sol perméable et suivi de l’eau disponible. Le site gagne en fraîcheur, absorbe mieux les pluies et devient plus résistant face aux fortes chaleurs.",Vague de chaleur; Chaleur extrême,Technique,CAPEX majoritaire > court terme,250 000 €,10,Court terme,0
Planter des haies et palisses agroforestières,"Équipement d’un bâtiment prioritaire avec protections physiques, capteurs de suivi et procédure de maintenance renforcée. Les usages essentiels sont mieux protégés lorsque les sécheresse perturbent le site.",Vague de chaleur; Chaleur extrême; Tempêtes; Stress Hydrique; Inondation fluviale; Fortes pluies,Fondées sur la nature,CAPEX majoritaire > long terme,250 000 €,10,Long terme,6
Créer un guichet unique pour financer les haies,"Équipement d’un bâtiment prioritaire avec protections physiques, capteurs de suivi et procédure de maintenance renforcée. Les usages essentiels sont mieux protégés lorsque les sécheresse perturbent le site.",Vague de chaleur; Tempêtes; Stress Hydrique; Fortes pluies; Inondation fluviale; Inondation nappe; Inondation pluie; Modif T° air; RGA; Chaleur extrême; Vague de gel,Financières,Capital humain,30 000 €,1,Moyen terme,6
Expérimenter la migration assistée d’essences végétales,"Actualisation annuelle d’une cartographie des sites exposés, en intégrant les dernières projections climatiques et les incidents déjà observés. Les bâtiments, fournisseurs et équipements les plus vulnérables sont priorisés avant les prochaines fortes chaleurs ou inondations.",Modif T° air; Stress Hydrique; Chaleur extrême,Fondées sur la nature,CAPEX majoritaire > long terme,250 000 €,10,Long terme,6
Déconnecter les réseaux publics et traiter les eaux à la parcelle,"Actualisation annuelle d’une cartographie des sites exposés, en intégrant les dernières projections climatiques et les incidents déjà observés. Les bâtiments, fournisseurs et équipements les plus vulnérables sont priorisés avant les prochaines fortes chaleurs ou inondations.",Fortes pluies; Inondation pluie; Inondation nappe; Stress Hydrique,Technique,CAPEX majoritaire > long terme,250 000 €,10,Long terme,6
Installer des cuves de récupération d’eau de pluie,"Création d’une ligne budgétaire dédiée à l’adaptation, couvrant diagnostics, travaux prioritaires et entretien renforcé. Les dépenses sont planifiées avant les dommages, ce qui évite des réparations urgentes plus coûteuses après un aléa climatique.",Stress Hydrique; Fortes pluies; Inondation pluie,Technique,CAPEX majoritaire > court terme,50 000 €,2,Court terme,1
"Végétaliser murs, toitures et voiries","Rénovation d’un bâtiment prioritaire avec isolation renforcée, protections solaires, ventilation nocturne et vérification des seuils d’inondation au rez-de-chaussée. Les occupants restent protégés et les activités essentielles peuvent continuer pendant les épisodes climatiques extrêmes.",Vague de chaleur; Chaleur extrême; Fortes pluies; Inondation pluie; Tempêtes,Fondées sur la nature,CAPEX majoritaire > long terme,250 000 €,10,Long terme,6
Sécuriser l’eau potable par surpresseurs et vannes motorisées,"Rénovation d’un bâtiment prioritaire avec isolation renforcée, protections solaires, ventilation nocturne et vérification des seuils d’inondation au rez-de-chaussée. Les occupants restent protégés et les activités essentielles peuvent continuer pendant les épisodes climatiques extrêmes.",Stress Hydrique; Biodiversité,Technique,CAPEX majoritaire > long terme,250 000 €,10,Long terme,6
Rechercher et réparer les fuites dans les réseaux,"Équipement d’un bâtiment prioritaire avec protections physiques, capteurs de suivi et procédure de maintenance renforcée. Les usages essentiels sont mieux protégés lorsque les fortes chaleurs perturbent le site.",Stress Hydrique,Technique,CAPEX majoritaire > long terme,250 000 €,10,Long terme,7
Informer les usagers en temps réel sur l’eau,"Session annuelle pour les équipes, agents d’accueil et responsables de site, avec consignes canicule, conduite à tenir en cas d’inondation et exercices pratiques. Les personnes concernées reconnaissent les signaux d’alerte et réagissent plus vite.",Stress Hydrique,Ressources humaines,Capital humain,50 000 €,2,Court terme,5
Utiliser la récupération d’eau comme clause d’éco-conditionnalité,"Mise à jour d’une procédure interne avec responsables nommés, seuils d’alerte et test sur un site pilote. Les décisions sont plus rapides lorsque les fortes chaleurs menacent la continuité des activités.",Stress Hydrique; Fortes pluies,Technique,CAPEX majoritaire > court terme,50 000 €,2,Court terme,1
Cartographier les sites à risque hydrique,"Rénovation d’un bâtiment prioritaire avec isolation renforcée, protections solaires, ventilation nocturne et vérification des seuils d’inondation au rez-de-chaussée. Les occupants restent protégés et les activités essentielles peuvent continuer pendant les épisodes climatiques extrêmes.",Stress Hydrique,Organisationnelles,Section par défaut,50 000 €,2,Moyen terme,4
Mettre en place des prix internes de l’eau,"Actualisation annuelle d’une cartographie des sites exposés, en intégrant les dernières projections climatiques et les incidents déjà observés. Les bâtiments, fournisseurs et équipements les plus vulnérables sont priorisés avant les prochaines fortes chaleurs ou inondations.",Stress Hydrique,Organisationnelles,OPEX majoritaire > eau,50 000 €,2,Moyen terme,7
Réaliser une pré-étude bibliographique sur le changement climatique local,"Inscription d’un point adaptation climatique à chaque comité stratégique, avec arbitrage budgétaire et suivi des obligations réglementaires. Les décisions d’investissement tiennent compte des conditions climatiques futures plutôt que du climat passé.",Fortes pluies; Inondation pluie; Stress Hydrique; Modif T° air,Fondées sur la nature,CAPEX majoritaire > long terme,250 000 €,10,Long terme,6
Mettre en place des stations de lavage en boucle fermée,"Actualisation annuelle d’une cartographie des sites exposés, en intégrant les dernières projections climatiques et les incidents déjà observés. Les bâtiments, fournisseurs et équipements les plus vulnérables sont priorisés avant les prochaines fortes chaleurs ou inondations.",Stress Hydrique,Technique,CAPEX majoritaire > court terme,50 000 €,2,Court terme,7
Créer une Toile de l’eau industrielle,"Aménagement d’un espace pilote avec végétation locale, sol perméable et suivi de l’eau disponible. Le site gagne en fraîcheur, absorbe mieux les pluies et devient plus résistant face aux fortes chaleurs.",Stress Hydrique; Tempêtes,Technique,Capital humain,50 000 €,2,Moyen terme,7
Réaliser un diagnostic global des risques climatiques,"Formation courte des équipes exposées, avec consignes opérationnelles et exercice pratique sur site. Les personnes savent adapter leurs horaires, leurs déplacements et leurs gestes lors des tous aléas climatiques étudiés.",Fortes pluies; Inondation fluviale; Inondation nappe; Inondation pluie; Modif T° air; RGA; Stress Hydrique; Chaleur extrême; Tempêtes; Vague de chaleur; Vague de gel,Organisationnelles,Section par défaut,30 000 €,1,Moyen terme,4
Cartographier les risques physiques,"Inscription d’un point adaptation climatique à chaque comité stratégique, avec arbitrage budgétaire et suivi des obligations réglementaires. Les décisions d’investissement tiennent compte des conditions climatiques futures plutôt que du climat passé.",Fortes pluies; Inondation fluviale; Inondation pluie; Modif T° air; Stress Hydrique; Chaleur extrême; Tempêtes; Vague de chaleur; Vague de gel; Biodiversité,Technique,OPEX main d’œuvre,50 000 €,2,Long terme,6
Mobiliser l’intelligence collective dans le diagnostic,"Équipement d’un bâtiment prioritaire avec protections physiques, capteurs de suivi et procédure de maintenance renforcée. Les usages essentiels sont mieux protégés lorsque les fortes chaleurs perturbent le site.",Tous aléas climatiques étudiés; Modif T° air; Chaleur extrême; Fortes pluies; Stress Hydrique,Organisationnelles,Capital humain,30 000 €,1,Moyen terme,4
Intégrer la robustesse climatique dans les investissements,"Mise à jour d’une procédure interne avec responsables nommés, seuils d’alerte et test sur un site pilote. Les décisions sont plus rapides lorsque les sécheresse menacent la continuité des activités.",Inondation fluviale; Inondation pluie; Vague de chaleur; Chaleur extrême; Vague de gel,Organisationnelles,CAPEX majoritaire > long terme,250 000 €,10,Long terme,4
Créer un outil interne de diagnostic de résilience des bâtiments,"Mise à jour d’une procédure interne avec responsables nommés, seuils d’alerte et test sur un site pilote. Les décisions sont plus rapides lorsque les tous aléas climatiques étudiés menacent la continuité des activités.",Inondation fluviale; Inondation pluie; RGA; Vague de chaleur; Chaleur extrême; Vague de gel; Fortes pluies; Inondation nappe; Modif T° air; Stress Hydrique; Tempêtes,Technique,Section par défaut,250 000 €,10,Long terme,4
Analyser systématiquement l’exposition des actifs immobiliers,"Réservation d’un budget annuel pour les diagnostics, travaux prioritaires et réparations préventives. Les investissements sont déclenchés avant les dégâts majeurs liés aux fortes chaleurs, ce qui réduit les interruptions et les surcoûts.",Inondation fluviale; Inondation pluie; Fortes pluies; Tempêtes; Vague de chaleur; Chaleur extrême; RGA,Technique,CAPEX majoritaire > long terme,250 000 €,10,Long terme,4
Rénover et isoler thermiquement les écoles et EHPAD,"Plantation d’arbres d’ombrage, création de massifs végétalisés et choix d’essences capables de supporter le climat futur local. Les cheminements et façades exposés restent plus frais, ce qui réduit l’inconfort pendant les fortes chaleurs.",Vague de chaleur; Chaleur extrême; Modif T° air,Technique,CAPEX majoritaire > long terme,250 000 €,10,Long terme,2
Développer filières et achats responsables,"Actualisation annuelle d’une cartographie des sites exposés, en intégrant les dernières projections climatiques et les incidents déjà observés. Les bâtiments, fournisseurs et équipements les plus vulnérables sont priorisés avant les prochaines fortes chaleurs ou inondations.",Stress Hydrique; Vague de chaleur; Chaleur extrême; Modif T° air; Fortes pluies; Tempêtes,Organisationnelles,OPEX main d’œuvre,50 000 €,2,Moyen terme,7
Intégrer l’adaptation dans une démarche ISO 14001,"Aménagement d’un espace pilote avec végétation locale, sol perméable et suivi de l’eau disponible. Le site gagne en fraîcheur, absorbe mieux les pluies et devient plus résistant face aux fortes chaleurs.",Fortes pluies; Inondation pluie; Vague de chaleur; Chaleur extrême; Tempêtes; Stress Hydrique; Modif T° air,Organisationnelles,Section par défaut,30 000 €,1,Moyen terme,4
Concevoir des parcs immobiliers résilients,"Mise à jour d’une procédure interne avec responsables nommés, seuils d’alerte et test sur un site pilote. Les décisions sont plus rapides lorsque les fortes pluies et inondations menacent la continuité des activités.",Fortes pluies; Inondation pluie; Vague de chaleur; Chaleur extrême; Tempêtes; Modif T° air,Technique,CAPEX majoritaire > long terme,250 000 €,10,Long terme,6
Cartographier et prioriser les risques climatiques par branche d’activité,"Aménagement d’un espace pilote avec végétation locale, sol perméable et suivi de l’eau disponible. Le site gagne en fraîcheur, absorbe mieux les pluies et devient plus résistant face aux fortes chaleurs.",Fortes pluies; Inondation pluie; Modif T° air; Stress Hydrique; Chaleur extrême; Tempêtes; Vague de chaleur; Vague de gel; Tous aléas climatiques,Organisationnelles,OPEX main d’œuvre,50 000 €,2,Moyen terme,4
Formaliser une stratégie globale d’adaptation,"Aménagement d’un espace pilote avec végétation locale, sol perméable et suivi de l’eau disponible. Le site gagne en fraîcheur, absorbe mieux les pluies et devient plus résistant face aux fortes chaleurs.",Tous aléas climatiques étudiés,Organisationnelles,Section par défaut,30 000 €,1,Moyen terme,4
Mettre en place une cartographie permanente des risques climatiques,"Adaptation des horaires pendant les canicules, bascule de certains cours ou réunions à distance et accès prioritaire aux espaces rafraîchis. Les salariés, prestataires et usagers restent protégés sans interrompre totalement les activités.",Vague de chaleur; Chaleur extrême; Inondation fluviale; Inondation pluie; Fortes pluies; Stress Hydrique; Tempêtes; Modif T° air; Vague de gel,Organisationnelles,CAPEX majoritaire > court terme,50 000 €,2,Court terme,4
Mettre en œuvre des actions sans regret pour la santé et la qualité produit,"Aménagement d’un espace pilote avec végétation locale, sol perméable et suivi de l’eau disponible. Le site gagne en fraîcheur, absorbe mieux les pluies et devient plus résistant face aux fortes chaleurs.",Vague de chaleur; Chaleur extrême; Tempêtes; Modif T° air; Tous aléas climatiques,Fondées sur la nature,CAPEX majoritaire > court terme,250 000 €,10,Court terme,6
Créer une équipe dédiée à l’adaptation,"Mise à jour d’une procédure interne avec responsables nommés, seuils d’alerte et test sur un site pilote. Les décisions sont plus rapides lorsque les fortes chaleurs menacent la continuité des activités.",Tous aléas climatiques étudiés; Tous aléas climatiques,Ressources humaines,OPEX main d’œuvre,15 000 €,1,Moyen terme,0
Évaluer la stratégie avec une méthodologie dédiée,"Réservation d’un budget annuel pour les diagnostics, travaux prioritaires et réparations préventives. Les investissements sont déclenchés avant les dégâts majeurs liés aux fortes chaleurs, ce qui réduit les interruptions et les surcoûts.",Tous aléas climatiques étudiés,Organisationnelles,Section par défaut,30 000 €,1,Moyen terme,3
Adapter les sites vulnérables avec brumisateurs et filets UV,"Création de noues, bassins d’infiltration et cuves de récupération au pied des bâtiments. Les pluies intenses sont absorbées progressivement, les abords restent praticables et une réserve d’eau peut servir à l’arrosage en période sèche.",Vague de chaleur; Chaleur extrême; RGA; Mouvements de terrain; Fortes pluies,Technique,CAPEX majoritaire > long terme,250 000 €,10,Long terme,2
Mettre en œuvre une politique sécheresse,"Création d’une ligne budgétaire dédiée à l’adaptation, couvrant diagnostics, travaux prioritaires et entretien renforcé. Les dépenses sont planifiées avant les dommages, ce qui évite des réparations urgentes plus coûteuses après un aléa climatique.",Stress Hydrique,Organisationnelles,OPEX majoritaire > eau,50 000 €,2,Moyen terme,7
Créer un comité stratégique d’adaptation,"Équipement d’un bâtiment prioritaire avec protections physiques, capteurs de suivi et procédure de maintenance renforcée. Les usages essentiels sont mieux protégés lorsque les fortes chaleurs perturbent le site.",Tous aléas climatiques étudiés,Organisationnelles,Capital humain,30 000 €,1,Moyen terme,4
Dimensionner les moyens humains et financiers de l’adaptation,"Mise à jour d’une procédure interne avec responsables nommés, seuils d’alerte et test sur un site pilote. Les décisions sont plus rapides lorsque les fortes chaleurs menacent la continuité des activités.",Tous aléas climatiques étudiés; Fortes pluies; Inondation fluviale; Inondation nappe; Inondation pluie; Modif T° air; RGA; Stress Hydrique; Chaleur extrême; Tempêtes; Vague de chaleur; Vague de gel,Financières,Capital humain,15 000 €,1,Moyen terme,0
Créer des îlots de fraîcheur modulaires,"Formation courte des équipes exposées, avec consignes opérationnelles et exercice pratique sur site. Les personnes savent adapter leurs horaires, leurs déplacements et leurs gestes lors des fortes chaleurs.",Chaleur extrême; Vague de chaleur; Modif T° air,Technique,CAPEX majoritaire > long terme,250 000 €,10,Long terme,6
Communiquer sur les nouveaux risques climatiques et les gestes préventifs,"Équipement d’un bâtiment prioritaire avec protections physiques, capteurs de suivi et procédure de maintenance renforcée. Les usages essentiels sont mieux protégés lorsque les fortes chaleurs perturbent le site.",Chaleur extrême; Vague de chaleur; Fortes pluies; Inondation pluie; RGA; Stress Hydrique; Tempêtes; Vague de gel; Feux de forêt,Ressources humaines,Capital humain,50 000 €,2,Moyen terme,7
Promouvoir l’agroforesterie dans le monde agricole,"Équipement d’un bâtiment prioritaire avec protections physiques, capteurs de suivi et procédure de maintenance renforcée. Les usages essentiels sont mieux protégés lorsque les fortes chaleurs perturbent le site.",Stress Hydrique; Chaleur extrême; Vague de chaleur; Modif T° air,Fondées sur la nature,CAPEX majoritaire > long terme,250 000 €,10,Long terme,6
Intégrer le risque climatique dans le plan communal de sauvegarde et les PCA des entreprises,"Installation d’ouvrants sécurisés, de brasseurs d’air et de protections solaires extérieures dans les salles les plus exposées. Les locaux restent utilisables plus longtemps pendant les pics de chaleur, avec moins de dépendance à la climatisation.",Inondation fluviale; Inondation pluie; Inondation nappe; Fortes pluies; Tempêtes; RGA,Organisationnelles,Capital humain,30 000 €,1,Moyen terme,0
Végétaliser les espaces publics,"Aménagement d’un espace pilote avec végétation locale, sol perméable et suivi de l’eau disponible. Le site gagne en fraîcheur, absorbe mieux les pluies et devient plus résistant face aux fortes chaleurs.",Chaleur extrême; Vague de chaleur; Fortes pluies; Inondation pluie; Stress Hydrique; Modif T° air,Fondées sur la nature,CAPEX majoritaire > long terme,250 000 €,10,Long terme,6
Végétaliser les cours d’école et adopter des réflexes forte chaleur,"Mise à jour d’une procédure interne avec responsables nommés, seuils d’alerte et test sur un site pilote. Les décisions sont plus rapides lorsque les fortes chaleurs menacent la continuité des activités.",Chaleur extrême; Vague de chaleur; Modif T° air; Fortes pluies; Inondation pluie,Fondées sur la nature,CAPEX majoritaire > long terme,250 000 €,10,Long terme,6
Aménager les horaires d’ouverture des lieux de fraîcheur en canicule,"Aménagement d’un espace pilote avec végétation locale, sol perméable et suivi de l’eau disponible. Le site gagne en fraîcheur, absorbe mieux les pluies et devient plus résistant face aux fortes chaleurs.",Chaleur extrême; Vague de chaleur,Ressources humaines,OPEX main d’œuvre,250 000 €,10,Long terme,0
Requalifier une rue minéralisée en espace végétalisé et multimodal,"Aménagement d’un espace pilote avec végétation locale, sol perméable et suivi de l’eau disponible. Le site gagne en fraîcheur, absorbe mieux les pluies et devient plus résistant face aux fortes chaleurs.",Chaleur extrême; Vague de chaleur; Modif T° air; Fortes pluies; Inondation pluie,Fondées sur la nature,CAPEX majoritaire > long terme,250 000 €,10,Long terme,6
Mobiliser la mémoire collective des catastrophes,"Actualisation annuelle d’une cartographie des sites exposés, en intégrant les dernières projections climatiques et les incidents déjà observés. Les bâtiments, fournisseurs et équipements les plus vulnérables sont priorisés avant les prochaines fortes chaleurs ou inondations.",Fortes pluies; Inondation fluviale; Inondation pluie; Chaleur extrême; Vague de chaleur; RGA; Tempêtes,Organisationnelles,Capital humain,30 000 €,1,Moyen terme,4
Améliorer la ventilation et le rafraîchissement passif,"Session annuelle pour les équipes, agents d’accueil et responsables de site, avec consignes canicule, conduite à tenir en cas d’inondation et exercices pratiques. Les personnes concernées reconnaissent les signaux d’alerte et réagissent plus vite.",Fortes pluies; Inondation fluviale; Inondation nappe; Inondation pluie; Modif T° air; RGA; Stress Hydrique; Chaleur extrême; Tempêtes; Vague de chaleur; Vague de gel,Organisationnelles,Capital humain,50 000 €,2,Moyen terme,0
Mobiliser les aides et subventions pour financer l’adaptation,"Mise à jour d’une procédure interne avec responsables nommés, seuils d’alerte et test sur un site pilote. Les décisions sont plus rapides lorsque les fortes pluies et inondations menacent la continuité des activités.",Fortes pluies; Inondation pluie; Inondation fluviale; Stress Hydrique; Chaleur extrême; Vague de chaleur; RGA; Tempêtes; Modif T° air,Financières,Capital humain,50 000 €,2,Court terme,7
Structurer la stratégie d’adaptation climatique,"Actualisation annuelle d’une cartographie des sites exposés, en intégrant les dernières projections climatiques et les incidents déjà observés. Les bâtiments, fournisseurs et équipements les plus vulnérables sont priorisés avant les prochaines fortes chaleurs ou inondations.",Fortes pluies; Inondation fluviale; Inondation nappe; Inondation pluie; Modif T° air; RGA; Stress Hydrique; Chaleur extrême; Tempêtes; Vague de chaleur; Vague de gel; Tous aléas climatiques,Organisationnelles,CAPEX majoritaire > court terme,30 000 €,1,Court terme,4
Cartographier les îlots de chaleur et les secteurs de ruissellement,"Mise à jour d’une procédure interne avec responsables nommés, seuils d’alerte et test sur un site pilote. Les décisions sont plus rapides lorsque les fortes chaleurs menacent la continuité des activités.",Chaleur extrême; Vague de chaleur; Fortes pluies; Inondation fluviale; Inondation pluie; RGA; Stress Hydrique; Modif T° air,Technique,Capital humain,250 000 €,10,Long terme,4
Mobiliser les financements et accompagnements disponibles,"Actualisation annuelle d’une cartographie des sites exposés, en intégrant les dernières projections climatiques et les incidents déjà observés. Les bâtiments, fournisseurs et équipements les plus vulnérables sont priorisés avant les prochaines fortes chaleurs ou inondations.",Fortes pluies; Inondation fluviale; Inondation nappe; Inondation pluie; Modif T° air; RGA; Stress Hydrique; Chaleur extrême; Tempêtes; Vague de chaleur; Vague de gel; Tous aléas climatiques,Financières,Capital humain,15 000 €,1,Moyen terme,4
Investir dans un serveur de traitement de données climatiques,"Actualisation annuelle d’une cartographie des sites exposés, en intégrant les dernières projections climatiques et les incidents déjà observés. Les bâtiments, fournisseurs et équipements les plus vulnérables sont priorisés avant les prochaines fortes chaleurs ou inondations.",Fortes pluies; Inondation fluviale; Inondation nappe; Inondation pluie; Modif T° air; RGA; Stress Hydrique; Chaleur extrême; Tempêtes; Vague de chaleur; Vague de gel,Technique,Capital humain,250 000 €,10,Court terme,0
Construire un plan d’action d’adaptation sans regret,"Actualisation annuelle d’une cartographie des sites exposés, en intégrant les dernières projections climatiques et les incidents déjà observés. Les bâtiments, fournisseurs et équipements les plus vulnérables sont priorisés avant les prochaines fortes chaleurs ou inondations.",Fortes pluies; Inondation fluviale; Inondation pluie; Modif T° air; RGA; Stress Hydrique; Chaleur extrême; Tempêtes; Vague de chaleur; Vague de gel,Organisationnelles,Capital humain,50 000 €,2,Long terme,6
Mettre en place ou renforcer les plans canicule,"Installation d’un secours énergétique pour les équipements critiques, avec batteries, alimentation prioritaire et test semestriel. Les serveurs, laboratoires sensibles ou dispositifs de sécurité restent alimentés lors d’une coupure liée à une tempête ou une canicule.",Chaleur extrême; Vague de chaleur,Ressources humaines,OPEX majoritaire - main d’œuvre,250 000 €,10,Long terme,0
Créer des retenues d’eau adaptées,"Actualisation annuelle d’une cartographie des sites exposés, en intégrant les dernières projections climatiques et les incidents déjà observés. Les bâtiments, fournisseurs et équipements les plus vulnérables sont priorisés avant les prochaines fortes chaleurs ou inondations.",Stress Hydrique; Chaleur extrême; Vague de chaleur,Technique,CAPEX majoritaire > long terme,250 000 €,10,Long terme,6
Tester l’irrigation goutte-à-goutte enterrée et de surface,"Équipement d’un bâtiment prioritaire avec protections physiques, capteurs de suivi et procédure de maintenance renforcée. Les usages essentiels sont mieux protégés lorsque les fortes chaleurs perturbent le site.",Stress Hydrique; Chaleur extrême; Modif T° air,Technique,CAPEX majoritaire > court terme,50 000 €,2,Court terme,7
"Modifier les normes thermiques, de ventilation, d’urbanisme et de bâtiment","Mise à jour d’une procédure interne avec responsables nommés, seuils d’alerte et test sur un site pilote. Les décisions sont plus rapides lorsque les fortes chaleurs menacent la continuité des activités.",Chaleur extrême; Vague de chaleur; Modif T° air; Fortes pluies; Inondation pluie; RGA,Technique,Capital humain,250 000 €,10,Long terme,0
Adapter les cultures et les régimes alimentaires,"Création d’une ligne budgétaire dédiée à l’adaptation, couvrant diagnostics, travaux prioritaires et entretien renforcé. Les dépenses sont planifiées avant les dommages, ce qui évite des réparations urgentes plus coûteuses après un aléa climatique.",Stress Hydrique; Chaleur extrême; Modif T° air,Fondées sur la nature,Capital humain,80 000 €,3,Moyen terme,6
Protéger les personnes face aux fortes chaleurs,"Formation courte des équipes exposées, avec consignes opérationnelles et exercice pratique sur site. Les personnes savent adapter leurs horaires, leurs déplacements et leurs gestes lors des fortes chaleurs.",Chaleur extrême; Vague de chaleur; Modif T° air,Technique,CAPEX majoritaire > long terme,250 000 €,10,Long terme,0
Protéger les personnes face aux fortes chaleurs,"Lancement d’un programme pilote sur matériaux frais, sobriété hydrique et suivi des îlots de chaleur sur le campus. Les résultats orientent les futurs travaux et réduisent l’exposition des bâtiments et usagers aux aléas climatiques.",Chaleur extrême; Vague de chaleur,Ressources humaines,Capital humain,25 000 €,1,Long terme,0
Traduire le volet adaptation du plan climat dans le PLU-H,"Rénovation d’un bâtiment prioritaire avec isolation renforcée, protections solaires, ventilation nocturne et vérification des seuils d’inondation au rez-de-chaussée. Les occupants restent protégés et les activités essentielles peuvent continuer pendant les épisodes climatiques extrêmes.",Chaleur extrême; Vague de chaleur; Fortes pluies; Inondation pluie; Inondation fluviale; RGA; Stress Hydrique; Modif T° air,Organisationnelles,OPEX main d’œuvre,50 000 €,2,Moyen terme,7
Créer une coulée verte ou un corridor écologique urbain,"Mise à jour d’une procédure interne avec responsables nommés, seuils d’alerte et test sur un site pilote. Les décisions sont plus rapides lorsque les fortes chaleurs menacent la continuité des activités.",Chaleur extrême; Vague de chaleur; Modif T° air; Stress Hydrique; Fortes pluies; Inondation pluie,Fondées sur la nature,CAPEX majoritaire > long terme,250 000 €,10,Long terme,6
"Réaliser un état des lieux du foncier mobilisable, recyclable ou à densifier","Mise à jour d’une procédure interne avec responsables nommés, seuils d’alerte et test sur un site pilote. Les décisions sont plus rapides lorsque les fortes chaleurs menacent la continuité des activités.",Chaleur extrême; Vague de chaleur; Modif T° air; Fortes pluies; Inondation pluie; Stress Hydrique,Fondées sur la nature,Capital humain,80 000 €,3,Moyen terme,6
Protéger les personnes face aux fortes chaleurs,"Mise à jour d’une procédure interne avec responsables nommés, seuils d’alerte et test sur un site pilote. Les décisions sont plus rapides lorsque les fortes chaleurs menacent la continuité des activités.",Chaleur extrême; Vague de chaleur; Modif T° air; Feux de forêt,Technique,Capital humain,250 000 €,10,Long terme,6
Créer une plateforme territorialisée des risques climatiques,"Formation courte des équipes exposées, avec consignes opérationnelles et exercice pratique sur site. Les personnes savent adapter leurs horaires, leurs déplacements et leurs gestes lors des fortes chaleurs.",Fortes pluies; Inondation fluviale; Inondation nappe; Inondation pluie; Modif T° air; RGA; Stress Hydrique; Chaleur extrême; Tempêtes; Vague de chaleur; Vague de gel,Technique,Capital humain,50 000 €,2,Court terme,7
Mettre en place une information climatique en mode push,"Lancement d’un programme pilote sur matériaux frais, sobriété hydrique et suivi des îlots de chaleur sur le campus. Les résultats orientent les futurs travaux et réduisent l’exposition des bâtiments et usagers aux aléas climatiques.",Fortes pluies; Inondation fluviale; Inondation nappe; Inondation pluie; Modif T° air; RGA; Stress Hydrique; Chaleur extrême; Tempêtes; Vague de chaleur; Vague de gel,Organisationnelles,Capital humain,30 000 €,1,Court terme,7
Conditionner les nouvelles implantations industrielles à des projections climatiques,"Mise à jour d’une procédure interne avec responsables nommés, seuils d’alerte et test sur un site pilote. Les décisions sont plus rapides lorsque les fortes chaleurs menacent la continuité des activités.",Fortes pluies; Inondation fluviale; Inondation nappe; Inondation pluie; RGA; Stress Hydrique,Organisationnelles,CAPEX majoritaire > long terme,250 000 €,10,Long terme,6
Analyser les événements passés pour éviter la répétition des erreurs,"Formation courte des équipes exposées, avec consignes opérationnelles et exercice pratique sur site. Les personnes savent adapter leurs horaires, leurs déplacements et leurs gestes lors des fortes chaleurs.",Fortes pluies; Inondation fluviale; Inondation nappe; Inondation pluie; Modif T° air; RGA; Stress Hydrique; Chaleur extrême; Tempêtes; Vague de chaleur; Vague de gel,Organisationnelles,Capital humain,250 000 €,10,Moyen terme,6
Capitaliser sur les réalisations performantes de territoires comparables,"Organisation d’un exercice commun avec la commune, les voisins, les services de secours et les gestionnaires de réseaux. Les informations, lieux refuges et moyens matériels sont partagés plus vite lors d’un épisode extrême.",Fortes pluies; Inondation fluviale; Inondation nappe; Inondation pluie; Modif T° air; RGA; Stress Hydrique; Chaleur extrême; Tempêtes; Vague de chaleur; Vague de gel,Organisationnelles,Capital humain,15 000 €,1,Moyen terme,0
Promouvoir les outils d’évaluation de vulnérabilité,"Mise à jour d’une procédure interne avec responsables nommés, seuils d’alerte et test sur un site pilote. Les décisions sont plus rapides lorsque les fortes chaleurs menacent la continuité des activités.",Fortes pluies; Inondation fluviale; Inondation nappe; Inondation pluie; Modif T° air; RGA; Stress Hydrique; Chaleur extrême; Tempêtes; Vague de chaleur; Vague de gel,Technique,CAPEX majoritaire > court terme,50 000 €,2,Court terme,4
Faciliter l’accès aux dispositifs d’accompagnement au diagnostic,"Réservation d’un budget annuel pour les diagnostics, travaux prioritaires et réparations préventives. Les investissements sont déclenchés avant les dégâts majeurs liés aux fortes chaleurs, ce qui réduit les interruptions et les surcoûts.",Fortes pluies; Inondation fluviale; Inondation nappe; Inondation pluie; Modif T° air; RGA; Stress Hydrique; Chaleur extrême; Tempêtes; Vague de chaleur; Vague de gel,Organisationnelles,Capital humain,30 000 €,1,Moyen terme,4
Reconduire les petites subventions vertes pour les diagnostics de vulnérabilité,"Formation courte des équipes exposées, avec consignes opérationnelles et exercice pratique sur site. Les personnes savent adapter leurs horaires, leurs déplacements et leurs gestes lors des fortes chaleurs.",Fortes pluies; Inondation fluviale; Inondation nappe; Inondation pluie; Modif T° air; RGA; Stress Hydrique; Chaleur extrême; Tempêtes; Vague de chaleur; Vague de gel,Financières,Section par défaut,30 000 €,1,Moyen terme,4
Élaborer des plans d’urgence pour la santé et la productivité des travailleurs,"Formation courte des équipes exposées, avec consignes opérationnelles et exercice pratique sur site. Les personnes savent adapter leurs horaires, leurs déplacements et leurs gestes lors des tous aléas climatiques.",Chaleur extrême; Vague de chaleur; Tempêtes; Fortes pluies; Inondation pluie; Vague de gel; Modif T° air; RGA; Stress Hydrique; Inondation fluviale; Inondation nappe; Non listé: feu; Non listé: submersion marine,Organisationnelles,OPEX majoritaire – main d’œuvre,30 000 €,1,Moyen terme,0
Développer un écosystème local de partenaires pour l’exposition aux aléas,"Session annuelle pour les équipes, agents d’accueil et responsables de site, avec consignes canicule, conduite à tenir en cas d’inondation et exercices pratiques. Les personnes concernées reconnaissent les signaux d’alerte et réagissent plus vite.",Fortes pluies; Inondation fluviale; Inondation nappe; Inondation pluie; Modif T° air; RGA; Stress Hydrique; Chaleur extrême; Tempêtes; Vague de chaleur; Vague de gel; Biodiversité,Organisationnelles,OPEX main d’œuvre,50 000 €,2,Moyen terme,6
Élargir le C3IV aux projets d’IA dédiés à l’adaptation,"Inscription d’un point adaptation climatique à chaque comité stratégique, avec arbitrage budgétaire et suivi des obligations réglementaires. Les décisions d’investissement tiennent compte des conditions climatiques futures plutôt que du climat passé.",Fortes pluies; Inondation fluviale; Inondation nappe; Inondation pluie; Modif T° air; RGA; Stress Hydrique; Chaleur extrême; Tempêtes; Vague de chaleur; Vague de gel,Technique,CAPEX majoritaire – court terme,50 000 €,2,Court terme,1
Organiser un dialogue direct avec les salariés dans les entreprises sans CSE,"Conservation d’une zone refuge non tondue, plantation de haies locales et liaison entre deux espaces verts par un corridor écologique. Les espèces trouvent des abris et peuvent se déplacer malgré la chaleur, la sécheresse ou les travaux sur le site.",Fortes pluies; Inondation fluviale; Inondation nappe; Inondation pluie; Modif T° air; RGA; Stress Hydrique; Chaleur extrême; Tempêtes; Vague de chaleur; Vague de gel,Organisationnelles,OPEX majoritaire – main d’œuvre,15 000 €,1,Moyen terme,0
Prolonger le financement FNE-formation pour l’adaptation,"Formation courte des équipes exposées, avec consignes opérationnelles et exercice pratique sur site. Les personnes savent adapter leurs horaires, leurs déplacements et leurs gestes lors des fortes chaleurs.",Fortes pluies; Inondation fluviale; Inondation nappe; Inondation pluie; Modif T° air; RGA; Stress Hydrique; Chaleur extrême; Tempêtes; Vague de chaleur; Vague de gel,Financières,OPEX majoritaire – main d’œuvre,30 000 €,1,Court terme,7
Sensibiliser et former aux risques climatiques,"Mise à jour d’une procédure interne avec responsables nommés, seuils d’alerte et test sur un site pilote. Les décisions sont plus rapides lorsque les tous aléas climatiques menacent la continuité des activités.",Fortes pluies; Inondation fluviale; Inondation nappe; Inondation pluie; Modif T° air; RGA; Stress Hydrique; Chaleur extrême; Tempêtes; Vague de chaleur; Vague de gel; Tous aléas climatiques,Ressources humaines,Capital humain,30 000 €,1,Court terme,7
Utiliser le CPF pour les salariés concernés par une réorientation stratégique,"Aménagement d’un espace pilote avec végétation locale, sol perméable et suivi de l’eau disponible. Le site gagne en fraîcheur, absorbe mieux les pluies et devient plus résistant face aux tous aléas climatiques.",Fortes pluies; Inondation fluviale; Inondation nappe; Inondation pluie; Modif T° air; RGA; Stress Hydrique; Chaleur extrême; Tempêtes; Vague de chaleur; Vague de gel,Ressources humaines,OPEX majoritaire – main d’œuvre,30 000 €,1,Court terme,7
Sensibiliser et former aux risques climatiques,"Mise à jour d’une procédure interne avec responsables nommés, seuils d’alerte et test sur un site pilote. Les décisions sont plus rapides lorsque les tous aléas climatiques menacent la continuité des activités.",Fortes pluies; Inondation fluviale; Inondation nappe; Inondation pluie; Modif T° air; RGA; Stress Hydrique; Chaleur extrême; Tempêtes; Vague de chaleur; Vague de gel; Enneigement,Ressources humaines,Capital humain,30 000 €,1,Court terme,7
Créer des communautés de recherche de solutions d’adaptation,"Mise à jour d’une procédure interne avec responsables nommés, seuils d’alerte et test sur un site pilote. Les décisions sont plus rapides lorsque les tous aléas climatiques menacent la continuité des activités.",Fortes pluies; Inondation fluviale; Inondation nappe; Inondation pluie; Modif T° air; RGA; Stress Hydrique; Chaleur extrême; Tempêtes; Vague de chaleur; Vague de gel,Organisationnelles,Capital humain,15 000 €,1,Court terme,0
Créer des groupes de travail transversaux sur la résilience des infrastructures,"Mise à jour d’une procédure interne avec responsables nommés, seuils d’alerte et test sur un site pilote. Les décisions sont plus rapides lorsque les tous aléas climatiques menacent la continuité des activités.",Fortes pluies; Inondation fluviale; Inondation nappe; Inondation pluie; Modif T° air; RGA; Stress Hydrique; Chaleur extrême; Tempêtes; Vague de chaleur; Vague de gel,Organisationnelles,OPEX main d’œuvre,15 000 €,1,Moyen terme,4
Développer des accompagnements multi-enjeux de transition,"Organisation d’un exercice commun avec la commune, les voisins, les services de secours et les gestionnaires de réseaux. Les informations, lieux refuges et moyens matériels sont partagés plus vite lors d’un épisode extrême.",Fortes pluies; Inondation fluviale; Inondation nappe; Inondation pluie; Modif T° air; RGA; Stress Hydrique; Chaleur extrême; Tempêtes; Vague de chaleur; Vague de gel,Organisationnelles,Capital humain,15 000 €,1,Moyen terme,0
Créer un parcours d’audit d’éveil et d’audits de contrôle pour les PME,"Réservation d’un budget annuel pour les diagnostics, travaux prioritaires et réparations préventives. Les investissements sont déclenchés avant les dégâts majeurs liés aux tous aléas climatiques, ce qui réduit les interruptions et les surcoûts.",Fortes pluies; Inondation fluviale; Inondation nappe; Inondation pluie; Modif T° air; RGA; Stress Hydrique; Chaleur extrême; Tempêtes; Vague de chaleur; Vague de gel,Organisationnelles,Capital humain,50 000 €,2,Moyen terme,7
Intégrer l’adaptation dans le questionnaire de cotation Banque de France,"Actualisation annuelle d’une cartographie des sites exposés, en intégrant les dernières projections climatiques et les incidents déjà observés. Les bâtiments, fournisseurs et équipements les plus vulnérables sont priorisés avant les prochaines fortes chaleurs ou inondations.",Fortes pluies; Inondation fluviale; Inondation nappe; Inondation pluie; Modif T° air; RGA; Stress Hydrique; Chaleur extrême; Tempêtes; Vague de chaleur; Vague de gel; Tous aléas climatiques,Organisationnelles,OPEX main d’œuvre,15 000 €,1,Moyen terme,0
Accélérer les autorisations nécessaires aux nouvelles technologies d’adaptation,"Actualisation annuelle d’une cartographie des sites exposés, en intégrant les dernières projections climatiques et les incidents déjà observés. Les bâtiments, fournisseurs et équipements les plus vulnérables sont priorisés avant les prochaines fortes chaleurs ou inondations.",Fortes pluies; Inondation fluviale; Inondation nappe; Inondation pluie; Modif T° air; RGA; Stress Hydrique; Chaleur extrême; Tempêtes; Vague de chaleur; Vague de gel,Ressources humaines,Section par défaut,15 000 €,1,Moyen terme,0
Soutenir la recherche sur les matériaux et procédés sobres en ressources,"Actualisation annuelle d’une cartographie des sites exposés, en intégrant les dernières projections climatiques et les incidents déjà observés. Les bâtiments, fournisseurs et équipements les plus vulnérables sont priorisés avant les prochaines fortes chaleurs ou inondations.",Stress Hydrique; Modif T° air; Chaleur extrême,Technique,CAPEX majoritaire > long terme,250 000 €,10,Long terme,4
Favoriser les approches pluridisciplinaires,"Équipement d’un bâtiment prioritaire avec protections physiques, capteurs de suivi et procédure de maintenance renforcée. Les usages essentiels sont mieux protégés lorsque les tous aléas climatiques perturbent le site.",Fortes pluies; Inondation fluviale; Inondation nappe; Inondation pluie; Modif T° air; RGA; Stress Hydrique; Chaleur extrême; Tempêtes; Vague de chaleur; Vague de gel; Tous aléas climatiques,Organisationnelles,OPEX main d’œuvre,15 000 €,1,Moyen terme,1
Sensibiliser les jeunes générations dès le collège,"Actualisation annuelle d’une cartographie des sites exposés, en intégrant les dernières projections climatiques et les incidents déjà observés. Les bâtiments, fournisseurs et équipements les plus vulnérables sont priorisés avant les prochaines fortes chaleurs ou inondations.",Fortes pluies; Inondation fluviale; Inondation nappe; Inondation pluie; Modif T° air; RGA; Stress Hydrique; Chaleur extrême; Tempêtes; Vague de chaleur; Vague de gel,Ressources humaines,Capital humain,30 000 €,1,Court terme,7
Fluidifier la collaboration entre acteurs de la chaîne d’adaptation,"Mise à jour d’une procédure interne avec responsables nommés, seuils d’alerte et test sur un site pilote. Les décisions sont plus rapides lorsque les fortes chaleurs menacent la continuité des activités.",Fortes pluies; Inondation fluviale; Inondation nappe; Inondation pluie; Modif T° air; RGA; Stress Hydrique; Chaleur extrême; Tempêtes; Vague de chaleur; Vague de gel,Technique,Capital humain,50 000 €,2,Moyen terme,3
Inciter les secteurs exposés à repenser leur modèle d’affaires,"Formation courte des équipes exposées, avec consignes opérationnelles et exercice pratique sur site. Les personnes savent adapter leurs horaires, leurs déplacements et leurs gestes lors des tous aléas climatiques.",Fortes pluies; Inondation fluviale; Inondation nappe; Inondation pluie; Modif T° air; RGA; Stress Hydrique; Chaleur extrême; Tempêtes; Vague de chaleur; Vague de gel,Organisationnelles,OPEX main d’œuvre,15 000 €,1,Moyen terme,0
Garantir par l’État les prêts verts adaptation,"Formation courte des équipes exposées, avec consignes opérationnelles et exercice pratique sur site. Les personnes savent adapter leurs horaires, leurs déplacements et leurs gestes lors des fortes chaleurs.",Fortes pluies; Inondation fluviale; Inondation nappe; Inondation pluie; Modif T° air; RGA; Stress Hydrique; Chaleur extrême; Tempêtes; Vague de chaleur; Vague de gel,Financières,Section par défaut,25 000 €,1,Moyen terme,0
Former les acteurs à la gouvernance partagée,"Formation courte des équipes exposées, avec consignes opérationnelles et exercice pratique sur site. Les personnes savent adapter leurs horaires, leurs déplacements et leurs gestes lors des tous aléas climatiques.",Tous aléas climatiques; Modif T° air,Ressources humaines,Capital humain,30 000 €,1,Court terme,7
Organiser une concertation citoyenne dédiée à la résilience,"Scénario de crise testé avant l’été : bascule en télétravail, salles fraîches ouvertes, contact fournisseurs critiques et procédure de fermeture temporaire. Les équipes savent quoi faire lorsque chaleur, inondation ou tempête perturbent le fonctionnement normal.",Tous aléas climatiques,Ressources humaines,Capital humain,30 000 €,1,Court terme,7
Garantir la transparence des informations de résilience,"Mise à jour d’une procédure interne avec responsables nommés, seuils d’alerte et test sur un site pilote. Les décisions sont plus rapides lorsque les tous aléas climatiques menacent la continuité des activités.",Tous aléas climatiques; Modif T° air; Vague de chaleur; Fortes pluies; Inondation pluie; Stress Hydrique,Ressources humaines,Capital humain,30 000 €,1,Court terme,7
Faire adopter politiquement la stratégie d’adaptation,"Installation d’un secours énergétique pour les équipements critiques, avec batteries, alimentation prioritaire et test semestriel. Les serveurs, laboratoires sensibles ou dispositifs de sécurité restent alimentés lors d’une coupure liée à une tempête ou une canicule.",Tous aléas climatiques; Modif T° air; Chaleur extrême; Fortes pluies,Organisationnelles,OPEX main d’œuvre,30 000 €,1,Moyen terme,1
Renforcer la biodiversité et les habitats naturels,"Mise à jour d’une procédure interne avec responsables nommés, seuils d’alerte et test sur un site pilote. Les décisions sont plus rapides lorsque les tous aléas climatiques menacent la continuité des activités.",Tous aléas climatiques; Biodiversité; Modif T° air,Technique,OPEX main d’œuvre,50 000 €,2,Long terme,6
Créer un réseau supra-communal de référents résilience,"Mise à jour d’une procédure interne avec responsables nommés, seuils d’alerte et test sur un site pilote. Les décisions sont plus rapides lorsque les fortes chaleurs menacent la continuité des activités.",Tous aléas climatiques; Chaleur extrême,Ressources humaines,OPEX main d’œuvre,25 000 €,1,Long terme,7
Prendre en compte les inégalités dans chaque projet,"Équipement d’un bâtiment prioritaire avec protections physiques, capteurs de suivi et procédure de maintenance renforcée. Les usages essentiels sont mieux protégés lorsque les fortes chaleurs perturbent le site.",Tous aléas climatiques,Organisationnelles,CAPEX majoritaire > long terme,250 000 €,10,Long terme,4
Privilégier les actions multi-bénéfices,"Mise à jour d’une procédure interne avec responsables nommés, seuils d’alerte et test sur un site pilote. Les décisions sont plus rapides lorsque les tous aléas climatiques menacent la continuité des activités.",Tous aléas climatiques,Fondées sur la nature,CAPEX majoritaire > long terme,250 000 €,10,Long terme,6
Évaluer ex post les actions de résilience,"Lancement d’un programme pilote sur matériaux frais, sobriété hydrique et suivi des îlots de chaleur sur le campus. Les résultats orientent les futurs travaux et réduisent l’exposition des bâtiments et usagers aux aléas climatiques.",Tous aléas climatiques,Organisationnelles,OPEX main d’œuvre,30 000 €,1,Moyen terme,4
Identifier les ressources et forces vives,"Formation courte des équipes exposées, avec consignes opérationnelles et exercice pratique sur site. Les personnes savent adapter leurs horaires, leurs déplacements et leurs gestes lors des tous aléas climatiques.",Tous aléas climatiques,Organisationnelles,OPEX main d’œuvre,15 000 €,1,Moyen terme,0
Valoriser les savoir-faire et l’histoire locale,"Mise à jour d’une procédure interne avec responsables nommés, seuils d’alerte et test sur un site pilote. Les décisions sont plus rapides lorsque les fortes chaleurs menacent la continuité des activités.",Tous aléas climatiques,Organisationnelles,Capital humain,15 000 €,1,Moyen terme,0
Développer les réseaux d’entraide de proximité,"Mise à jour d’une procédure interne avec responsables nommés, seuils d’alerte et test sur un site pilote. Les décisions sont plus rapides lorsque les fortes chaleurs menacent la continuité des activités.",Tous aléas climatiques; Vague de chaleur; Chaleur extrême; Modif T° air; RGA; Stress Hydrique; Tempêtes; Inondation fluviale; Inondation pluie; Inondation nappe; Non listé: feu,Ressources humaines,Capital humain,25 000 €,1,Long terme,7
Soutenir les initiatives citoyennes de résilience,"Aménagement d’un espace pilote avec végétation locale, sol perméable et suivi de l’eau disponible. Le site gagne en fraîcheur, absorbe mieux les pluies et devient plus résistant face aux fortes chaleurs.",Tous aléas climatiques,Financières,OPEX main d’œuvre,15 000 €,1,Moyen terme,0
Réaliser un diagnostic partagé des aléas,"Création d’une ligne budgétaire dédiée à l’adaptation, couvrant diagnostics, travaux prioritaires et entretien renforcé. Les dépenses sont planifiées avant les dommages, ce qui évite des réparations urgentes plus coûteuses après un aléa climatique.",Fortes pluies; Inondation fluviale; Inondation pluie; RGA; Stress Hydrique; Chaleur extrême; Tempêtes; Vague de chaleur; Vague de gel; Tous aléas climatiques,Organisationnelles,OPEX main d’œuvre,50 000 €,2,Moyen terme,4
Réaliser des diagnostics réguliers de vulnérabilité,"Mise à jour d’une procédure interne avec responsables nommés, seuils d’alerte et test sur un site pilote. Les décisions sont plus rapides lorsque les fortes chaleurs menacent la continuité des activités.",Tous aléas climatiques; Fortes pluies; Inondation fluviale; Inondation nappe; Inondation pluie; RGA; Tempêtes,Organisationnelles,OPEX main d’œuvre,50 000 €,2,Moyen terme,4
Analyser les phénomènes concomitants,"Équipement d’un bâtiment prioritaire avec protections physiques, capteurs de suivi et procédure de maintenance renforcée. Les usages essentiels sont mieux protégés lorsque les fortes pluies et inondations perturbent le site.",Fortes pluies; Inondation fluviale; Stress Hydrique; Chaleur extrême; Tempêtes; Inondation pluie,Technique,OPEX main d’œuvre,250 000 €,10,Moyen terme,6
Mettre en place une comitologie d’adaptation,"Équipement d’un bâtiment prioritaire avec protections physiques, capteurs de suivi et procédure de maintenance renforcée. Les usages essentiels sont mieux protégés lorsque les fortes pluies et inondations perturbent le site.",Tous aléas climatiques,Technique,OPEX main d’œuvre,50 000 €,2,Moyen terme,0
Mettre en place un observatoire partenarial des vulnérabilités,"Équipement d’un bâtiment prioritaire avec protections physiques, capteurs de suivi et procédure de maintenance renforcée. Les usages essentiels sont mieux protégés lorsque les fortes chaleurs perturbent le site.",Tous aléas climatiques,Organisationnelles,CAPEX majoritaire > court terme,50 000 €,2,Court terme,4
Traduire localement les limites planétaires,"Équipement d’un bâtiment prioritaire avec protections physiques, capteurs de suivi et procédure de maintenance renforcée. Les usages essentiels sont mieux protégés lorsque les tous aléas climatiques perturbent le site.",Tous aléas climatiques; Modif T° air; Stress Hydrique; Chaleur extrême,Organisationnelles,OPEX main d’œuvre,50 000 €,2,Moyen terme,0
Organiser des chantiers collectifs d’intérêt général,"Rénovation d’un bâtiment prioritaire avec isolation renforcée, protections solaires, ventilation nocturne et vérification des seuils d’inondation au rez-de-chaussée. Les occupants restent protégés et les activités essentielles peuvent continuer pendant les épisodes climatiques extrêmes.",Tous aléas climatiques,Ressources humaines,Capital humain,30 000 €,1,Court terme,7
Créer un réseau de bénévoles et d’ambassadeurs de la résilience,"Équipement d’un bâtiment prioritaire avec protections physiques, capteurs de suivi et procédure de maintenance renforcée. Les usages essentiels sont mieux protégés lorsque les tous aléas climatiques perturbent le site.",Tous aléas climatiques; Chaleur extrême; Vague de chaleur,Ressources humaines,Capital humain,25 000 €,1,Long terme,7
Mobiliser les arts et la culture pour sensibiliser,"Mise à jour d’une procédure interne avec responsables nommés, seuils d’alerte et test sur un site pilote. Les décisions sont plus rapides lorsque les fortes chaleurs menacent la continuité des activités.",Tous aléas climatiques,Ressources humaines,Capital humain,30 000 €,1,Court terme,7
Assurer la cohérence entre les plans de crise,"Mise à jour d’une procédure interne avec responsables nommés, seuils d’alerte et test sur un site pilote. Les décisions sont plus rapides lorsque les fortes chaleurs menacent la continuité des activités.",Tous aléas climatiques; Fortes pluies; Inondation fluviale; Inondation pluie; Stress Hydrique; Chaleur extrême; Tempêtes,Organisationnelles,OPEX main d’œuvre,30 000 €,1,Moyen terme,0
Généraliser les démarches de relèvement post-choc,"Équipement d’un bâtiment prioritaire avec protections physiques, capteurs de suivi et procédure de maintenance renforcée. Les usages essentiels sont mieux protégés lorsque les fortes chaleurs perturbent le site.",Tous aléas climatiques,Organisationnelles,CAPEX majoritaire > long terme,250 000 €,10,Long terme,4
Réaliser des exercices fictifs d’urgence,"Mise à jour d’une procédure interne avec responsables nommés, seuils d’alerte et test sur un site pilote. Les décisions sont plus rapides lorsque les tempêtes menacent la continuité des activités.",Inondation fluviale; Inondation pluie; Tempêtes; Chaleur extrême; Vague de chaleur; Vague de gel; Tous aléas climatiques,Organisationnelles,Capital humain,15 000 €,1,Moyen terme,0
Développer des exercices de prospective participative,"Équipement d’un bâtiment prioritaire avec protections physiques, capteurs de suivi et procédure de maintenance renforcée. Les usages essentiels sont mieux protégés lorsque les fortes chaleurs perturbent le site.",Tous aléas climatiques; Enneigement; Retrait glaciaire,Organisationnelles,OPEX main d’œuvre,15 000 €,1,Moyen terme,0
Surveiller les crues via des plateformes d’alerte,"Rénovation d’un bâtiment prioritaire avec isolation renforcée, protections solaires, ventilation nocturne et vérification des seuils d’inondation au rez-de-chaussée. Les occupants restent protégés et les activités essentielles peuvent continuer pendant les épisodes climatiques extrêmes.",Fortes pluies; Inondation fluviale; Inondation pluie; Tempêtes; Chaleur extrême; Vague de chaleur; Vague de gel,Organisationnelles,CAPEX majoritaire > court terme,50 000 €,2,Court terme,7
Identifier les canaux de diffusion de l’alerte,"Équipement d’un bâtiment prioritaire avec protections physiques, capteurs de suivi et procédure de maintenance renforcée. Les usages essentiels sont mieux protégés lorsque les fortes pluies et inondations perturbent le site.",Inondation fluviale; Inondation pluie; Tempêtes; Chaleur extrême; Vague de chaleur; Vague de gel,Technique,OPEX main d’œuvre,250 000 €,10,Long terme,0
Mettre en place des réponses low-tech et réversibles,"Équipement d’un bâtiment prioritaire avec protections physiques, capteurs de suivi et procédure de maintenance renforcée. Les usages essentiels sont mieux protégés lorsque les fortes chaleurs perturbent le site.",Tous aléas climatiques,Organisationnelles,CAPEX majoritaire > court terme,50 000 €,2,Court terme,0
Soutenir les expérimentations et innovations frugales,"Équipement d’un bâtiment prioritaire avec protections physiques, capteurs de suivi et procédure de maintenance renforcée. Les usages essentiels sont mieux protégés lorsque les fortes chaleurs perturbent le site.",Tous aléas climatiques; Vague de chaleur; Chaleur extrême; Fortes pluies,Financières,CAPEX majoritaire > court terme,15 000 €,1,Court terme,0
Construire de nouveaux récits inspirants et mobilisateurs,"Équipement d’un bâtiment prioritaire avec protections physiques, capteurs de suivi et procédure de maintenance renforcée. Les usages essentiels sont mieux protégés lorsque les sécheresse perturbent le site.",Tous aléas climatiques,Ressources humaines,Capital humain,50 000 €,2,Moyen terme,7
Identifier collectivement les besoins vitaux,"Équipement d’un bâtiment prioritaire avec protections physiques, capteurs de suivi et procédure de maintenance renforcée. Les usages essentiels sont mieux protégés lorsque les fortes chaleurs perturbent le site.",Tous aléas climatiques; Fortes pluies; Inondation fluviale; Inondation pluie; Tempêtes; Chaleur extrême; Vague de gel,Organisationnelles,CAPEX majoritaire > long terme,250 000 €,10,Long terme,0
Renforcer la continuité d’activité en situation de crise,"Mise à jour d’une procédure interne avec responsables nommés, seuils d’alerte et test sur un site pilote. Les décisions sont plus rapides lorsque les fortes chaleurs menacent la continuité des activités.",Tous aléas climatiques; Chaleur extrême; Vague de chaleur; Inondation fluviale; Tempêtes; Vague de gel; Fortes pluies; Inondation pluie,Organisationnelles,OPEX main d’œuvre,25 000 €,1,Long terme,0
Accompagner la transition vers une économie sobre et résiliente,"Déplacement des archives, serveurs et équipements coûteux hors des zones inondables, puis installation aux étages supérieurs avec accès sécurisé. Les pertes matérielles diminuent fortement en cas de crue ou de ruissellement intense.",Stress Hydrique; Modif T° air; Tous aléas climatiques,Organisationnelles,CAPEX majoritaire > long terme,250 000 €,10,Long terme,0
Développer les circuits courts et activités stratégiques locales,"Inscription d’un point adaptation climatique à chaque comité stratégique, avec arbitrage budgétaire et suivi des obligations réglementaires. Les décisions d’investissement tiennent compte des conditions climatiques futures plutôt que du climat passé.",Stress Hydrique; Tempêtes; Tous aléas climatiques; Chaleur extrême; Modif T° air; Fortes pluies,Fondées sur la nature,CAPEX majoritaire > long terme,250 000 €,10,Long terme,6
Conditionner les investissements à la soutenabilité long terme,"Équipement d’un bâtiment prioritaire avec protections physiques, capteurs de suivi et procédure de maintenance renforcée. Les usages essentiels sont mieux protégés lorsque les fortes pluies et inondations perturbent le site.",Tous aléas climatiques,Financières,CAPEX majoritaire > long terme,250 000 €,10,Long terme,4
Élaborer une gouvernance des communs,"Organisation d’un exercice commun avec la commune, les voisins, les services de secours et les gestionnaires de réseaux. Les informations, lieux refuges et moyens matériels sont partagés plus vite lors d’un épisode extrême.",Tous aléas climatiques; Vague de chaleur; Chaleur extrême; Tempêtes; Fortes pluies,Organisationnelles,OPEX main d’œuvre,15 000 €,1,Moyen terme,3
Gérer durablement les eaux pluviales,"Équipement d’un bâtiment prioritaire avec protections physiques, capteurs de suivi et procédure de maintenance renforcée. Les usages essentiels sont mieux protégés lorsque les fortes chaleurs perturbent le site.",Chaleur extrême; Vague de chaleur; Fortes pluies; Inondation pluie,Technique,CAPEX majoritaire > court terme,250 000 €,10,Court terme,1
Éviter les constructions dans les zones exposées,"Mise à jour d’une procédure interne avec responsables nommés, seuils d’alerte et test sur un site pilote. Les décisions sont plus rapides lorsque les fortes chaleurs menacent la continuité des activités.",Inondation fluviale; Inondation nappe; Inondation pluie; RGA; Tempêtes,Technique,OPEX main d’œuvre,250 000 €,10,Long terme,7
Intégrer la recomposition spatiale dans le projet de territoire,"Mise à jour d’une procédure interne avec responsables nommés, seuils d’alerte et test sur un site pilote. Les décisions sont plus rapides lorsque les fortes chaleurs menacent la continuité des activités.",Inondation fluviale; Inondation pluie; RGA; Tempêtes; Stress Hydrique,Technique,CAPEX majoritaire > long terme,250 000 €,10,Long terme,0
Intégrer le risque dans le dimensionnement des systèmes,"Formation courte des équipes exposées, avec consignes opérationnelles et exercice pratique sur site. Les personnes savent adapter leurs horaires, leurs déplacements et leurs gestes lors des fortes chaleurs.",Fortes pluies; Inondation fluviale; Inondation pluie; RGA; Chaleur extrême; Tempêtes; Vague de gel; Enneigement; Biodiversité,Technique,CAPEX majoritaire > long terme,250 000 €,10,Long terme,4
Gérer le patrimoine existant de façon intégrée,"Mise à jour d’une procédure interne avec responsables nommés, seuils d’alerte et test sur un site pilote. Les décisions sont plus rapides lorsque les fortes pluies et inondations menacent la continuité des activités.",Tous aléas climatiques,Technique,OPEX main d’œuvre,50 000 €,2,Moyen terme,4
Renforcer la solidité des infrastructures critiques,"Équipement d’un bâtiment prioritaire avec protections physiques, capteurs de suivi et procédure de maintenance renforcée. Les usages essentiels sont mieux protégés lorsque les fortes pluies et inondations perturbent le site.",Fortes pluies; Inondation fluviale; Inondation pluie; RGA; Tempêtes; Vague de gel; Chaleur extrême,Technique,CAPEX majoritaire > long terme,250 000 €,10,Long terme,4
Anticiper l’adaptabilité et la réversibilité des systèmes,"Actualisation annuelle d’une cartographie des sites exposés, en intégrant les dernières projections climatiques et les incidents déjà observés. Les bâtiments, fournisseurs et équipements les plus vulnérables sont priorisés avant les prochaines fortes chaleurs ou inondations.",Tous aléas climatiques; Enneigement; Mouvements de terrain,Technique,CAPEX majoritaire > long terme,250 000 €,10,Long terme,4
Assurer les capacités de réserve et la redondance,"Rénovation d’un bâtiment prioritaire avec isolation renforcée, protections solaires, ventilation nocturne et vérification des seuils d’inondation au rez-de-chaussée. Les occupants restent protégés et les activités essentielles peuvent continuer pendant les épisodes climatiques extrêmes.",Inondation fluviale; Inondation pluie; Tempêtes; Chaleur extrême; Vague de chaleur; Vague de gel,Organisationnelles,CAPEX majoritaire > long terme,250 000 €,10,Long terme,0
Diversifier les viviers de ressources,"Équipement d’un bâtiment prioritaire avec protections physiques, capteurs de suivi et procédure de maintenance renforcée. Les usages essentiels sont mieux protégés lorsque les fortes chaleurs perturbent le site.",Tous aléas climatiques; Modif T° air; Fortes pluies; Stress Hydrique; Chaleur extrême; Tempêtes; Vague de chaleur,Organisationnelles,OPEX main d’œuvre,30 000 €,1,Moyen terme,4
Choisir des revêtements de murs et de toits à fort albédo,"Mise à jour d’une procédure interne avec responsables nommés, seuils d’alerte et test sur un site pilote. Les décisions sont plus rapides lorsque les fortes chaleurs menacent la continuité des activités.",Vague de chaleur; Chaleur extrême; Modif T° air,Technique,CAPEX majoritaire > long terme,250 000 €,10,Long terme,0
Créer une toiture végétalisée,"Équipement d’un bâtiment prioritaire avec protections physiques, capteurs de suivi et procédure de maintenance renforcée. Les usages essentiels sont mieux protégés lorsque les fortes chaleurs perturbent le site.",Vague de chaleur; Chaleur extrême; Modif T° air; Inondation fluviale; Inondation pluie; Inondation nappe,Fondées sur la nature,CAPEX majoritaire > long terme,250 000 €,10,Long terme,6
Mettre en place une procédure tempête,"Inscription d’un point adaptation climatique à chaque comité stratégique, avec arbitrage budgétaire et suivi des obligations réglementaires. Les décisions d’investissement tiennent compte des conditions climatiques futures plutôt que du climat passé.",Tempêtes; Vents violents,Organisationnelles,OPEX main d’œuvre,50 000 €,2,Court terme,0
Améliorer l’isolation et l’inertie des parois opaques,"Équipement d’un bâtiment prioritaire avec protections physiques, capteurs de suivi et procédure de maintenance renforcée. Les usages essentiels sont mieux protégés lorsque les fortes chaleurs perturbent le site.",Vague de chaleur; Chaleur extrême; Modif T° air,Technique,CAPEX majoritaire > long terme,250 000 €,10,Long terme,0
Rigidifier la structure du bâtiment,"Tableau de bord mensuel avec jours de fermeture liés à la chaleur, dégâts après pluie intense, incidents fournisseurs et coûts de maintenance climatique. Les tendances repérées déclenchent des ajustements rapides avant que les fragilités ne s’aggravent.",RGA; Stress Hydrique; Inondation fluviale; Inondation pluie; Inondation nappe; Mouvements de terrain,Technique,CAPEX majoritaire > long terme,250 000 €,10,Long terme,4
Utiliser des matériaux résistants à l’eau,"Conservation d’une zone refuge non tondue, plantation de haies locales et liaison entre deux espaces verts par un corridor écologique. Les espèces trouvent des abris et peuvent se déplacer malgré la chaleur, la sécheresse ou les travaux sur le site.",Inondation fluviale; Inondation pluie; Inondation nappe; Non listé: submersion marine; Submersion marine,Technique,CAPEX majoritaire > long terme,250 000 €,10,Long terme,7
Améliorer la ventilation et le rafraîchissement passif,"Conservation d’une zone refuge non tondue, plantation de haies locales et liaison entre deux espaces verts par un corridor écologique. Les espèces trouvent des abris et peuvent se déplacer malgré la chaleur, la sécheresse ou les travaux sur le site.",Vague de chaleur; Chaleur extrême; Modif T° air,Technique,CAPEX majoritaire > long terme,250 000 €,10,Long terme,2
Optimiser lumière naturelle par vitrages et puits de jour,"Actualisation annuelle d’une cartographie des sites exposés, en intégrant les dernières projections climatiques et les incidents déjà observés. Les bâtiments, fournisseurs et équipements les plus vulnérables sont priorisés avant les prochaines fortes chaleurs ou inondations.",Vague de chaleur; Chaleur extrême; Modif T° air,Technique,CAPEX majoritaire > long terme,250 000 €,10,Long terme,0
Rafraîchir les espaces intérieurs par le sol,"Formation courte des équipes exposées, avec consignes opérationnelles et exercice pratique sur site. Les personnes savent adapter leurs horaires, leurs déplacements et leurs gestes lors des fortes chaleurs.",Vague de chaleur; Chaleur extrême; Modif T° air; Stress Hydrique,Technique,CAPEX majoritaire > long terme,250 000 €,10,Long terme,2
Limiter les variations du taux d’humidité du sol,"Mise à jour d’une procédure interne avec responsables nommés, seuils d’alerte et test sur un site pilote. Les décisions sont plus rapides lorsque les fortes chaleurs menacent la continuité des activités.",RGA; Stress Hydrique,Technique,CAPEX majoritaire > long terme,250 000 €,10,Long terme,6
Choisir des équipements à faible émission de chaleur,"Actualisation annuelle d’une cartographie des sites exposés, en intégrant les dernières projections climatiques et les incidents déjà observés. Les bâtiments, fournisseurs et équipements les plus vulnérables sont priorisés avant les prochaines fortes chaleurs ou inondations.",Vague de chaleur; Chaleur extrême; Modif T° air,Technique,CAPEX majoritaire > court terme,250 000 €,10,Court terme,0
Communiquer sur les risques aux occupants,"Formation courte des équipes exposées, avec consignes opérationnelles et exercice pratique sur site. Les personnes savent adapter leurs horaires, leurs déplacements et leurs gestes lors des fortes chaleurs.",Vague de chaleur; Chaleur extrême; Modif T° air; RGA; Stress Hydrique; Tempêtes; Inondation fluviale; Inondation pluie; Inondation nappe; Non listé: feu; Fortes pluies,Organisationnelles,Capital humain,15 000 €,1,Moyen terme,0
Concentrer les équipements et activités essentiels aux étages supérieurs,"Formation courte des équipes exposées, avec consignes opérationnelles et exercice pratique sur site. Les personnes savent adapter leurs horaires, leurs déplacements et leurs gestes lors des fortes chaleurs.",Inondation fluviale; Inondation pluie; Inondation nappe; Non listé: submersion marine; Submersion marine,Technique,CAPEX majoritaire > court terme,50 000 €,2,Court terme,0
Définir une stratégie face au risque d’inondation,"Mise à jour d’une procédure interne avec responsables nommés, seuils d’alerte et test sur un site pilote. Les décisions sont plus rapides lorsque les tous aléas climatiques menacent la continuité des activités.",Inondation fluviale; Inondation pluie; Inondation nappe; Non listé: submersion marine,Organisationnelles,OPEX majoritaire – main d’œuvre,30 000 €,1,Moyen terme,4
Ancrer au sol les hébergements,"Mise à jour d’une procédure interne avec responsables nommés, seuils d’alerte et test sur un site pilote. Les décisions sont plus rapides lorsque les fortes chaleurs menacent la continuité des activités.",Tempêtes; Inondation fluviale; Inondation pluie; Inondation nappe; Non listé: submersion marine; Submersion marine,Technique,CAPEX majoritaire > court terme,50 000 €,2,Court terme,0
Protéger les réseaux,"Aménagement d’un espace pilote avec végétation locale, sol perméable et suivi de l’eau disponible. Le site gagne en fraîcheur, absorbe mieux les pluies et devient plus résistant face aux fortes pluies et inondations.",Vague de chaleur; Chaleur extrême; Modif T° air; RGA; Stress Hydrique; Tempêtes; Inondation fluviale; Inondation pluie; Inondation nappe; Non listé: feu; Non listé: submersion marine; Fortes pluies,Technique,CAPEX majoritaire > long terme,250 000 €,10,Long terme,7
Se raccorder au réseau de froid urbain,"Plantation d’arbres d’ombrage, création de massifs végétalisés et choix d’essences capables de supporter le climat futur local. Les cheminements et façades exposés restent plus frais, ce qui réduit l’inconfort pendant les fortes chaleurs.",Vague de chaleur; Chaleur extrême; Modif T° air,Technique,CAPEX majoritaire > long terme,250 000 €,10,Long terme,7
"Combiner transports collectifs, modes actifs et transport à la demande","Aménagement d’un espace pilote avec végétation locale, sol perméable et suivi de l’eau disponible. Le site gagne en fraîcheur, absorbe mieux les pluies et devient plus résistant face aux fortes chaleurs.",Modif T° air; Chaleur extrême,Organisationnelles,CAPEX majoritaire > long terme,250 000 €,10,Long terme,4
Élaborer un plan d’actions opérationnel modes actifs,"Équipement d’un bâtiment prioritaire avec protections physiques, capteurs de suivi et procédure de maintenance renforcée. Les usages essentiels sont mieux protégés lorsque les fortes chaleurs perturbent le site.",Modif T° air; Chaleur extrême,Organisationnelles,Capital humain,30 000 €,1,Moyen terme,3
Former les élus et techniciens aux enjeux de mobilité,"Mise à jour d’une procédure interne avec responsables nommés, seuils d’alerte et test sur un site pilote. Les décisions sont plus rapides lorsque les fortes chaleurs menacent la continuité des activités.",Modif T° air; Chaleur extrême; Stress Hydrique,Ressources humaines,Capital humain,30 000 €,1,Court terme,7
Choisir des solutions de prévention des risques adaptées localement,"Équipement d’un bâtiment prioritaire avec protections physiques, capteurs de suivi et procédure de maintenance renforcée. Les usages essentiels sont mieux protégés lorsque les fortes chaleurs perturbent le site.",Fortes pluies; Inondation fluviale; Inondation pluie; RGA; Tempêtes,Organisationnelles,CAPEX majoritaire > long terme,250 000 €,10,Long terme,0
Diagnostiquer les routes inondables,"Formation courte des équipes exposées, avec consignes opérationnelles et exercice pratique sur site. Les personnes savent adapter leurs horaires, leurs déplacements et leurs gestes lors des fortes chaleurs.",Fortes pluies; Inondation fluviale; Inondation pluie,Technique,OPEX majoritaire - main d’œuvre,250 000 €,10,Long terme,1
Cartographier les points vulnérables du réseau routier,"Adaptation des horaires pendant les canicules, bascule de certains cours ou réunions à distance et accès prioritaire aux espaces rafraîchis. Les salariés, prestataires et usagers restent protégés sans interrompre totalement les activités.",Fortes pluies; Inondation fluviale; Inondation pluie,Technique,OPEX majoritaire - main d’œuvre,250 000 €,10,Long terme,4
Hiérarchiser les bâtiments publics par niveaux de risque,"Mise à jour d’une procédure interne avec responsables nommés, seuils d’alerte et test sur un site pilote. Les décisions sont plus rapides lorsque les fortes chaleurs menacent la continuité des activités.",Vague de chaleur; Chaleur extrême; Fortes pluies; Tempêtes; RGA,Technique,CAPEX majoritaire > long terme,250 000 €,10,Long terme,7
Intégrer l’adaptation aux constructions neuves et rénovations lourdes,"Rénovation d’un bâtiment prioritaire avec isolation renforcée, protections solaires, ventilation nocturne et vérification des seuils d’inondation au rez-de-chaussée. Les occupants restent protégés et les activités essentielles peuvent continuer pendant les épisodes climatiques extrêmes.",Vague de chaleur; Chaleur extrême; Fortes pluies; Tempêtes; RGA,Technique,CAPEX majoritaire > long terme,250 000 €,10,Long terme,4
Mener des actions d’opportunisme lors de travaux ponctuels,"Équipement d’un bâtiment prioritaire avec protections physiques, capteurs de suivi et procédure de maintenance renforcée. Les usages essentiels sont mieux protégés lorsque les fortes chaleurs perturbent le site.",Vague de chaleur; Chaleur extrême; Fortes pluies; Tempêtes; RGA,Organisationnelles,OPEX majoritaire - main d’œuvre,30 000 €,1,Court terme,7
Programmer des interventions reproductibles à grande échelle,"Équipement d’un bâtiment prioritaire avec protections physiques, capteurs de suivi et procédure de maintenance renforcée. Les usages essentiels sont mieux protégés lorsque les fortes chaleurs perturbent le site.",Vague de chaleur; Chaleur extrême,Technique,CAPEX majoritaire > court terme,50 000 €,2,Court terme,0
Engager une Stratégie d’Optimisation Foncière Territoriale,"Équipement d’un bâtiment prioritaire avec protections physiques, capteurs de suivi et procédure de maintenance renforcée. Les usages essentiels sont mieux protégés lorsque les fortes chaleurs perturbent le site.",Modif T° air; Stress Hydrique; Fortes pluies; Chaleur extrême,Organisationnelles,Capital humain,30 000 €,1,Long terme,6
Mettre en place un observatoire foncier,"Scénario de crise testé avant l’été : bascule en télétravail, salles fraîches ouvertes, contact fournisseurs critiques et procédure de fermeture temporaire. Les équipes savent quoi faire lorsque chaleur, inondation ou tempête perturbent le fonctionnement normal.",Modif T° air; Stress Hydrique,Technique,OPEX majoritaire - main d’œuvre,50 000 €,2,Moyen terme,7
Intégrer les données foncières dans le PLUi et les outils de suivi,"Formation courte des équipes exposées, avec consignes opérationnelles et exercice pratique sur site. Les personnes savent adapter leurs horaires, leurs déplacements et leurs gestes lors des fortes chaleurs.",Modif T° air; Stress Hydrique; Fortes pluies,Organisationnelles,CAPEX majoritaire > court terme,50 000 €,2,Court terme,7
"Inventorier les friches par photo-interprétation, terrain et échanges élus","Création de noues, bassins d’infiltration et cuves de récupération au pied des bâtiments. Les pluies intenses sont absorbées progressivement, les abords restent praticables et une réserve d’eau peut servir à l’arrosage en période sèche.",Modif T° air; Stress Hydrique,Ressources humaines,OPEX majoritaire - main d’œuvre,15 000 €,1,Moyen terme,0
Étudier plusieurs destinations possibles pour les friches,"Transformation d’un parking bitumé en revêtement perméable, avec noues végétalisées et fosses de plantation. L’eau s’infiltre directement sur site, les réseaux débordent moins lors des pluies intenses et le sol restitue moins de chaleur en été.",Modif T° air; Stress Hydrique; Fortes pluies; Chaleur extrême,Organisationnelles,Capital humain,15 000 €,1,Moyen terme,1
Réaliser une cartographie des enjeux de renaturation,"Transformation d’un parking bitumé en revêtement perméable, avec noues végétalisées et fosses de plantation. L’eau s’infiltre directement sur site, les réseaux débordent moins lors des pluies intenses et le sol restitue moins de chaleur en été.",Vague de chaleur; Chaleur extrême; Fortes pluies; Inondation pluie; Stress Hydrique,Technique,OPEX majoritaire - main d’œuvre,250 000 €,10,Long terme,6
Identifier les sites prioritaires de renaturation avec les habitants,"Aménagement d’un espace pilote avec végétation locale, sol perméable et suivi de l’eau disponible. Le site gagne en fraîcheur, absorbe mieux les pluies et devient plus résistant face aux fortes pluies et inondations.",Vague de chaleur; Chaleur extrême; Fortes pluies; Stress Hydrique; Inondation pluie; Tempêtes,Ressources humaines,Capital humain,25 000 €,1,Long terme,6
Délimiter les périmètres PENAP de protection agricole et naturelle,"Aménagement d’un espace pilote avec végétation locale, sol perméable et suivi de l’eau disponible. Le site gagne en fraîcheur, absorbe mieux les pluies et devient plus résistant face aux fortes pluies et inondations.",Vague de chaleur; Chaleur extrême; Stress Hydrique; Fortes pluies; Modif T° air,Organisationnelles,Capital humain,50 000 €,2,Long terme,6
Adapter les ouvrages aux mouvements de terrain,"Mise à jour d’une procédure interne avec responsables nommés, seuils d’alerte et test sur un site pilote. Les décisions sont plus rapides lorsque les fortes pluies et inondations menacent la continuité des activités.",Tous aléas climatiques,Organisationnelles,OPEX main d’œuvre,250 000 €,10,Moyen terme,4
Évaluer l’exposition aux aléas climatiques,"Scénario de crise testé avant l’été : bascule en télétravail, salles fraîches ouvertes, contact fournisseurs critiques et procédure de fermeture temporaire. Les équipes savent quoi faire lorsque chaleur, inondation ou tempête perturbent le fonctionnement normal.",Tous aléas climatiques,Organisationnelles,OPEX main d’œuvre,15 000 €,1,Moyen terme,4
Désigner un pilote Adaptation,"Mise à jour d’une procédure interne avec responsables nommés, seuils d’alerte et test sur un site pilote. Les décisions sont plus rapides lorsque les fortes pluies et inondations menacent la continuité des activités.",Tous aléas climatiques; Fortes pluies; Inondation pluie; RGA; Chaleur extrême; Tempêtes,Ressources humaines,OPEX main d’œuvre,15 000 €,1,Moyen terme,4
Développer des services touristiques sur de nouvelles saisonnalités,"Équipement d’un bâtiment prioritaire avec protections physiques, capteurs de suivi et procédure de maintenance renforcée. Les usages essentiels sont mieux protégés lorsque les fortes pluies et inondations perturbent le site.",Vague de chaleur; Enneigement; Stress Hydrique; Chaleur extrême,Ressources humaines,Capital humain,25 000 €,1,Long terme,0
Diversifier l’économie touristique par des modèles hybrides,"Installation d’un secours énergétique pour les équipements critiques, avec batteries, alimentation prioritaire et test semestriel. Les serveurs, laboratoires sensibles ou dispositifs de sécurité restent alimentés lors d’une coupure liée à une tempête ou une canicule.",Tous aléas climatiques,Organisationnelles,CAPEX majoritaire > long terme,250 000 €,10,Long terme,0
Réguler les flux touristiques selon la capacité de charge et l’eau disponible,"Conservation d’une zone refuge non tondue, plantation de haies locales et liaison entre deux espaces verts par un corridor écologique. Les espèces trouvent des abris et peuvent se déplacer malgré la chaleur, la sécheresse ou les travaux sur le site.",Vague de chaleur; Stress Hydrique; Biodiversité,Organisationnelles,OPEX main d’œuvre,50 000 €,2,Moyen terme,7
Aménager des zones d’expansion des crues,"Aménagement d’un espace pilote avec végétation locale, sol perméable et suivi de l’eau disponible. Le site gagne en fraîcheur, absorbe mieux les pluies et devient plus résistant face aux tempêtes.",Fortes pluies; Inondation fluviale; Inondation pluie,Fondées sur la nature,CAPEX majoritaire > long terme,250 000 €,10,Long terme,6
Concevoir des véloroutes ombragées,"Équipement d’un bâtiment prioritaire avec protections physiques, capteurs de suivi et procédure de maintenance renforcée. Les usages essentiels sont mieux protégés lorsque les fortes pluies et inondations perturbent le site.",Vague de chaleur; Chaleur extrême,Fondées sur la nature,CAPEX majoritaire > long terme,250 000 €,10,Long terme,6
Concevoir des circuits touristiques fraîcheur,"Équipement d’un bâtiment prioritaire avec protections physiques, capteurs de suivi et procédure de maintenance renforcée. Les usages essentiels sont mieux protégés lorsque les fortes pluies et inondations perturbent le site.",Vague de chaleur; Chaleur extrême,Fondées sur la nature,CAPEX majoritaire > court terme,250 000 €,10,Court terme,6
Mettre en place un plan Canicule intégrant les flux touristiques,"Équipement d’un bâtiment prioritaire avec protections physiques, capteurs de suivi et procédure de maintenance renforcée. Les usages essentiels sont mieux protégés lorsque les fortes pluies et inondations perturbent le site.",Vague de chaleur; Chaleur extrême; Feux de forêt; Stress Hydrique,Technique,OPEX main d’œuvre,250 000 €,10,Long terme,0
Restreindre la circulation automobile en milieu urbain dense,"Équipement d’un bâtiment prioritaire avec protections physiques, capteurs de suivi et procédure de maintenance renforcée. Les usages essentiels sont mieux protégés lorsque les fortes pluies et inondations perturbent le site.",Vague de chaleur; Chaleur extrême,Organisationnelles,OPEX main d’œuvre,250 000 €,10,Long terme,0
Renforcer l’isolation estivale et l’aération du bâti touristique,"Aménagement d’un espace pilote avec végétation locale, sol perméable et suivi de l’eau disponible. Le site gagne en fraîcheur, absorbe mieux les pluies et devient plus résistant face aux tempêtes.",Vague de chaleur; Chaleur extrême,Technique,CAPEX majoritaire > long terme,250 000 €,10,Long terme,0
Informer sur le maintien de la fraîcheur en chambres non climatisées,"Mise à jour d’une procédure interne avec responsables nommés, seuils d’alerte et test sur un site pilote. Les décisions sont plus rapides lorsque les tempêtes menacent la continuité des activités.",Vague de chaleur; Chaleur extrême,Ressources humaines,Capital humain,25 000 €,1,Long terme,0
Adapter les plages horaires des services,"Inscription d’un point adaptation climatique à chaque comité stratégique, avec arbitrage budgétaire et suivi des obligations réglementaires. Les décisions d’investissement tiennent compte des conditions climatiques futures plutôt que du climat passé.",Vague de chaleur; Chaleur extrême,Organisationnelles,OPEX main d’œuvre,15 000 €,1,Moyen terme,0
Adapter les menus en période chaude,"Inscription d’un point adaptation climatique à chaque comité stratégique, avec arbitrage budgétaire et suivi des obligations réglementaires. Les décisions d’investissement tiennent compte des conditions climatiques futures plutôt que du climat passé.",Vague de chaleur; Chaleur extrême,Organisationnelles,OPEX main d’œuvre,250 000 €,10,Long terme,0
Former aux bons usages des bâtiments en période chaude,"Aménagement d’un espace pilote avec végétation locale, sol perméable et suivi de l’eau disponible. Le site gagne en fraîcheur, absorbe mieux les pluies et devient plus résistant face aux fortes pluies et inondations.",Vague de chaleur; Chaleur extrême,Ressources humaines,Capital humain,25 000 €,1,Long terme,7
Mettre en place une gestion technique de la chaleur,"Mise à jour d’une procédure interne avec responsables nommés, seuils d’alerte et test sur un site pilote. Les décisions sont plus rapides lorsque les sécheresse menacent la continuité des activités.",Vague de chaleur; Chaleur extrême,Technique,CAPEX majoritaire > court terme,250 000 €,10,Court terme,0
Développer les usages rafraîchissants de l’eau,"Rénovation d’un bâtiment prioritaire avec isolation renforcée, protections solaires, ventilation nocturne et vérification des seuils d’inondation au rez-de-chaussée. Les occupants restent protégés et les activités essentielles peuvent continuer pendant les épisodes climatiques extrêmes.",Vague de chaleur; Stress Hydrique; Chaleur extrême,Technique,CAPEX majoritaire > long terme,250 000 €,10,Long terme,6
Protéger les personnes face aux fortes chaleurs,"Création de noues, bassins d’infiltration et cuves de récupération au pied des bâtiments. Les pluies intenses sont absorbées progressivement, les abords restent praticables et une réserve d’eau peut servir à l’arrosage en période sèche.",Vague de chaleur; Chaleur extrême; Vague de gel,Technique,CAPEX majoritaire > long terme,250 000 €,10,Long terme,0
Utiliser des mobile-homes surélevés ou flottants,"Création de noues, bassins d’infiltration et cuves de récupération au pied des bâtiments. Les pluies intenses sont absorbées progressivement, les abords restent praticables et une réserve d’eau peut servir à l’arrosage en période sèche.",Vague de chaleur; Chaleur extrême; Submersion marine; Inondation fluviale,Technique,CAPEX majoritaire > long terme,250 000 €,10,Long terme,6
Mettre à jour les procédures de gestion de crise inondation,"Équipement d’un bâtiment prioritaire avec protections physiques, capteurs de suivi et procédure de maintenance renforcée. Les usages essentiels sont mieux protégés lorsque les sécheresse perturbent le site.",Fortes pluies; Inondation fluviale; Inondation pluie; Feux de forêt; Vague de chaleur,Organisationnelles,OPEX main d’œuvre,15 000 €,1,Moyen terme,1
Améliorer la culture du risque inondation,"Équipement d’un bâtiment prioritaire avec protections physiques, capteurs de suivi et procédure de maintenance renforcée. Les usages essentiels sont mieux protégés lorsque les sécheresse perturbent le site.",Fortes pluies; Inondation fluviale; Inondation pluie; Submersion marine; Tempêtes; Feux de forêt; Vague de chaleur,Ressources humaines,Capital humain,15 000 €,1,Long terme,0
Créer des noues plantées pour stocker et traiter les eaux,"Équipement d’un bâtiment prioritaire avec protections physiques, capteurs de suivi et procédure de maintenance renforcée. Les usages essentiels sont mieux protégés lorsque les sécheresse perturbent le site.",Fortes pluies; Inondation pluie,Technique,CAPEX majoritaire > long terme,250 000 €,10,Long terme,6
Désimperméabiliser les pieds d’arbres et sols touristiques,"Équipement d’un bâtiment prioritaire avec protections physiques, capteurs de suivi et procédure de maintenance renforcée. Les usages essentiels sont mieux protégés lorsque les sécheresse perturbent le site.",Fortes pluies; Inondation pluie,Fondées sur la nature,CAPEX majoritaire > long terme,250 000 €,10,Long terme,6
Désimperméabiliser les parkings touristiques,"Aménagement d’un espace pilote avec végétation locale, sol perméable et suivi de l’eau disponible. Le site gagne en fraîcheur, absorbe mieux les pluies et devient plus résistant face aux fortes chaleurs.",Fortes pluies; Inondation pluie,Fondées sur la nature,CAPEX majoritaire > long terme,250 000 €,10,Long terme,6
Gérer et aménager les berges,"Aménagement d’un espace pilote avec végétation locale, sol perméable et suivi de l’eau disponible. Le site gagne en fraîcheur, absorbe mieux les pluies et devient plus résistant face aux sécheresse.",Inondation fluviale; Fortes pluies; Stress Hydrique; Biodiversité,Fondées sur la nature,CAPEX majoritaire > long terme,250 000 €,10,Long terme,6
Valoriser les prairies inondables de fauche,"Aménagement d’un espace pilote avec végétation locale, sol perméable et suivi de l’eau disponible. Le site gagne en fraîcheur, absorbe mieux les pluies et devient plus résistant face aux fortes chaleurs.",Inondation fluviale; Fortes pluies,Fondées sur la nature,CAPEX majoritaire > long terme,250 000 €,10,Long terme,6
Adapter les ouvrages aux mouvements de terrain,"Formation courte des équipes exposées, avec consignes opérationnelles et exercice pratique sur site. Les personnes savent adapter leurs horaires, leurs déplacements et leurs gestes lors des érosion de la biodiversité.",Inondation fluviale; Inondation pluie; RGA; Mouvements de terrain; Modif T° air,Organisationnelles,CAPEX majoritaire > long terme,250 000 €,10,Long terme,6
Réguler l’utilisation des espaces selon le risque inondation,"Conservation d’une zone refuge non tondue, plantation de haies locales et liaison entre deux espaces verts par un corridor écologique. Les espèces trouvent des abris et peuvent se déplacer malgré la chaleur, la sécheresse ou les travaux sur le site.",Inondation fluviale; Inondation pluie,Organisationnelles,OPEX main d’œuvre,50 000 €,2,Moyen terme,7
Mettre en réseau opérateurs et collectivités sur la crise inondation,"Équipement d’un bâtiment prioritaire avec protections physiques, capteurs de suivi et procédure de maintenance renforcée. Les usages essentiels sont mieux protégés lorsque les fortes chaleurs perturbent le site.",Inondation fluviale; Inondation pluie,Organisationnelles,OPEX main d’œuvre,250 000 €,10,Long terme,0
Mettre en place des procédures d’évacuation inondation,"Équipement d’un bâtiment prioritaire avec protections physiques, capteurs de suivi et procédure de maintenance renforcée. Les usages essentiels sont mieux protégés lorsque les fortes chaleurs perturbent le site.",Inondation fluviale; Inondation pluie,Organisationnelles,OPEX main d’œuvre,15 000 €,1,Moyen terme,0
Identifier les voies hors d’eau pour les clients,"Mise à jour d’une procédure interne avec responsables nommés, seuils d’alerte et test sur un site pilote. Les décisions sont plus rapides lorsque les érosion de la biodiversité menacent la continuité des activités.",Inondation fluviale; Inondation pluie; Submersion marine; Fortes pluies,Technique,CAPEX majoritaire > court terme,50 000 €,2,Court terme,5
Former le personnel aux premiers secours,"Réservation d’un budget annuel pour les diagnostics, travaux prioritaires et réparations préventives. Les investissements sont déclenchés avant les dégâts majeurs liés aux retrait-gonflement des argiles, ce qui réduit les interruptions et les surcoûts.",Inondation fluviale; Fortes pluies; Tempêtes; Vents violents; Ouragans,Ressources humaines,Capital humain,50 000 €,2,Court terme,0
Améliorer la ventilation et le rafraîchissement passif,"Équipement d’un bâtiment prioritaire avec protections physiques, capteurs de suivi et procédure de maintenance renforcée. Les usages essentiels sont mieux protégés lorsque les sécheresse perturbent le site.",Submersion marine; Tempêtes; Fortes pluies,Technique,CAPEX majoritaire > long terme,250 000 €,10,Long terme,6
Ré-ensabler les plages avec analyse biodiversité,"Équipement d’un bâtiment prioritaire avec protections physiques, capteurs de suivi et procédure de maintenance renforcée. Les usages essentiels sont mieux protégés lorsque les fortes pluies et inondations perturbent le site.",Submersion marine; Tempêtes,Technique,CAPEX majoritaire > court terme,50 000 €,2,Court terme,6
Adapter les territoires littoraux aux risques côtiers,"Formation courte des équipes exposées, avec consignes opérationnelles et exercice pratique sur site. Les personnes savent adapter leurs horaires, leurs déplacements et leurs gestes lors des fortes chaleurs.",Submersion marine; Tempêtes,Technique,CAPEX majoritaire > long terme,250 000 €,10,Long terme,2
Adapter les territoires littoraux aux risques côtiers,"Mise à jour d’une procédure interne avec responsables nommés, seuils d’alerte et test sur un site pilote. Les décisions sont plus rapides lorsque les fortes chaleurs menacent la continuité des activités.",Submersion marine; Tempêtes; Biodiversité,Fondées sur la nature,CAPEX majoritaire > long terme,250 000 €,10,Long terme,6
Élaborer des scénarios de submersion marine,"Mise à jour d’une procédure interne avec responsables nommés, seuils d’alerte et test sur un site pilote. Les décisions sont plus rapides lorsque les fortes chaleurs menacent la continuité des activités.",Submersion marine; Tempêtes; Inondation pluie,Technique,OPEX main d’œuvre,50 000 €,2,Long terme,4
Améliorer la ventilation et le rafraîchissement passif,"Équipement d’un bâtiment prioritaire avec protections physiques, capteurs de suivi et procédure de maintenance renforcée. Les usages essentiels sont mieux protégés lorsque les fortes chaleurs perturbent le site.",Submersion marine; Tempêtes; Biodiversité; Enneigement; Vague de chaleur; Stress Hydrique; Modif T° air,Organisationnelles,CAPEX majoritaire > long terme,250 000 €,10,Long terme,0
Améliorer les dispositifs d’alerte météo littorale,"Équipement d’un bâtiment prioritaire avec protections physiques, capteurs de suivi et procédure de maintenance renforcée. Les usages essentiels sont mieux protégés lorsque les fortes chaleurs perturbent le site.",Submersion marine; Tempêtes; Vents violents; Fortes pluies,Technique,CAPEX majoritaire > court terme,50 000 €,2,Court terme,0
Installer une plateforme ou zone refuge,"Équipement d’un bâtiment prioritaire avec protections physiques, capteurs de suivi et procédure de maintenance renforcée. Les usages essentiels sont mieux protégés lorsque les fortes chaleurs perturbent le site.",Submersion marine; Inondation fluviale,Technique,CAPEX majoritaire > court terme,50 000 €,2,Court terme,7
"Aménager sur pilotis, longrines ou blocs de béton","Équipement d’un bâtiment prioritaire avec protections physiques, capteurs de suivi et procédure de maintenance renforcée. Les usages essentiels sont mieux protégés lorsque les fortes chaleurs perturbent le site.",Submersion marine; Inondation fluviale,Technique,CAPEX majoritaire > long terme,250 000 €,10,Long terme,0
Restaurer la végétation littorale publique contre l’érosion,"Session annuelle pour les équipes, agents d’accueil et responsables de site, avec consignes canicule, conduite à tenir en cas d’inondation et exercices pratiques. Les personnes concernées reconnaissent les signaux d’alerte et réagissent plus vite.",Submersion marine; Tempêtes; Biodiversité,Fondées sur la nature,CAPEX majoritaire > long terme,250 000 €,10,Long terme,6
Négocier le foncier avec l’appui de la SAFER,"Mise à jour d’une procédure interne avec responsables nommés, seuils d’alerte et test sur un site pilote. Les décisions sont plus rapides lorsque les fortes chaleurs menacent la continuité des activités.",Submersion marine; Tempêtes,Organisationnelles,CAPEX majoritaire > long terme,250 000 €,10,Long terme,0
Adapter les réglementations et activités touristiques à la ressource en eau,"Équipement d’un bâtiment prioritaire avec protections physiques, capteurs de suivi et procédure de maintenance renforcée. Les usages essentiels sont mieux protégés lorsque les sécheresse perturbent le site.",Stress Hydrique; Vague de chaleur; Biodiversité,Fondées sur la nature,OPEX main d’œuvre,250 000 €,10,Moyen terme,6
Participer aux instances de gouvernance de l’eau,"Session annuelle pour les équipes, agents d’accueil et responsables de site, avec consignes canicule, conduite à tenir en cas d’inondation et exercices pratiques. Les personnes concernées reconnaissent les signaux d’alerte et réagissent plus vite.",Stress Hydrique,Organisationnelles,OPEX main d’œuvre,50 000 €,2,Moyen terme,7
Établir des zones sans plaisance sur milieux aquatiques,"Équipement d’un bâtiment prioritaire avec protections physiques, capteurs de suivi et procédure de maintenance renforcée. Les usages essentiels sont mieux protégés lorsque les sécheresse perturbent le site.",Stress Hydrique; Biodiversité; Inondation fluviale,Fondées sur la nature,CAPEX majoritaire > long terme,250 000 €,10,Long terme,6
Diversifier l’économie lacustre,"Équipement d’un bâtiment prioritaire avec protections physiques, capteurs de suivi et procédure de maintenance renforcée. Les usages essentiels sont mieux protégés lorsque les retrait glaciaire perturbent le site.",Stress Hydrique,Organisationnelles,CAPEX majoritaire > long terme,250 000 €,10,Long terme,7
Adapter les infrastructures nautiques à la baisse du niveau d’eau,"Mise à jour d’une procédure interne avec responsables nommés, seuils d’alerte et test sur un site pilote. Les décisions sont plus rapides lorsque les enneigement menacent la continuité des activités.",Stress Hydrique; Tempêtes; Submersion marine,Technique,CAPEX majoritaire > long terme,250 000 €,10,Long terme,4
Gérer et récupérer les eaux pluviales à l’échelle territoriale,"Équipement d’un bâtiment prioritaire avec protections physiques, capteurs de suivi et procédure de maintenance renforcée. Les usages essentiels sont mieux protégés lorsque les fortes chaleurs perturbent le site.",Stress Hydrique; Fortes pluies; Inondation pluie,Technique,CAPEX majoritaire > long terme,250 000 €,10,Long terme,6
Limiter le ruissellement à l’échelle,"Mise à jour d’une procédure interne avec responsables nommés, seuils d’alerte et test sur un site pilote. Les décisions sont plus rapides lorsque les fortes chaleurs menacent la continuité des activités.",Fortes pluies; Inondation pluie; Stress Hydrique,Fondées sur la nature,CAPEX majoritaire > long terme,250 000 €,10,Long terme,6
Communiquer auprès des clients sur la sobriété eau,"Création d’une ligne budgétaire dédiée à l’adaptation, couvrant diagnostics, travaux prioritaires et entretien renforcé. Les dépenses sont planifiées avant les dommages, ce qui évite des réparations urgentes plus coûteuses après un aléa climatique.",Stress Hydrique,Technique,CAPEX majoritaire > court terme,50 000 €,2,Court terme,8
"Installer mitigeurs, réducteurs de débit et chasses double débit","Équipement d’un bâtiment prioritaire avec protections physiques, capteurs de suivi et procédure de maintenance renforcée. Les usages essentiels sont mieux protégés lorsque les tempêtes perturbent le site.",Stress Hydrique,Technique,CAPEX majoritaire > court terme,50 000 €,2,Court terme,0
Installer des tensiomètres pour piloter l’arrosage,"Réservation d’un budget annuel pour les diagnostics, travaux prioritaires et réparations préventives. Les investissements sont déclenchés avant les dégâts majeurs liés aux tempêtes, ce qui réduit les interruptions et les surcoûts.",Stress Hydrique,Technique,CAPEX majoritaire > court terme,50 000 €,2,Court terme,6
Installer des toilettes sèches,"Équipement d’un bâtiment prioritaire avec protections physiques, capteurs de suivi et procédure de maintenance renforcée. Les usages essentiels sont mieux protégés lorsque les tempêtes perturbent le site.",Stress Hydrique; Tempêtes; Submersion marine,Technique,CAPEX majoritaire > court terme,250 000 €,10,Long terme,2
Limiter drastiquement l’artificialisation des sols touristiques,"Mise à jour d’une procédure interne avec responsables nommés, seuils d’alerte et test sur un site pilote. Les décisions sont plus rapides lorsque les fortes chaleurs menacent la continuité des activités.",Biodiversité; Vague de chaleur; Inondation pluie,Fondées sur la nature,CAPEX majoritaire > long terme,250 000 €,10,Long terme,6
Préserver et restaurer les continuités écologiques,"Actualisation annuelle d’une cartographie des sites exposés, en intégrant les dernières projections climatiques et les incidents déjà observés. Les bâtiments, fournisseurs et équipements les plus vulnérables sont priorisés avant les prochaines fortes chaleurs ou inondations.",Biodiversité; Modif T° air; Stress Hydrique; Vague de chaleur,Fondées sur la nature,CAPEX majoritaire > long terme,250 000 €,10,Long terme,6
Supprimer les pollutions touristiques vers les milieux naturels,"Équipement d’un bâtiment prioritaire avec protections physiques, capteurs de suivi et procédure de maintenance renforcée. Les usages essentiels sont mieux protégés lorsque les fortes pluies et inondations perturbent le site.",Biodiversité; Stress Hydrique,Fondées sur la nature,OPEX main d’œuvre,25 000 €,1,Long terme,6
Nouer des partenariats avec des associations naturalistes,"Création de noues, bassins d’infiltration et cuves de récupération au pied des bâtiments. Les pluies intenses sont absorbées progressivement, les abords restent praticables et une réserve d’eau peut servir à l’arrosage en période sèche.",Biodiversité; Modif T° air,Fondées sur la nature,OPEX main d’œuvre,25 000 €,1,Long terme,6
Soutenir l’essor d’une offre d’écotourisme,"Aménagement d’un espace pilote avec végétation locale, sol perméable et suivi de l’eau disponible. Le site gagne en fraîcheur, absorbe mieux les pluies et devient plus résistant face aux fortes pluies et inondations.",Biodiversité,Ressources humaines,CAPEX majoritaire > court terme,15 000 €,1,Court terme,0
Protéger les habitats naturels pendant les chantiers,"Aménagement d’un espace pilote avec végétation locale, sol perméable et suivi de l’eau disponible. Le site gagne en fraîcheur, absorbe mieux les pluies et devient plus résistant face aux fortes pluies et inondations.",Biodiversité,Fondées sur la nature,CAPEX majoritaire > court terme,80 000 €,3,Court terme,6
Classer les actions par familles d’intervention,"Équipement d’un bâtiment prioritaire avec protections physiques, capteurs de suivi et procédure de maintenance renforcée. Les usages essentiels sont mieux protégés lorsque les fortes pluies et inondations perturbent le site.",Stress Hydrique; Biodiversité; Modif T° air; Chaleur extrême; Fortes pluies,Technique,CAPEX majoritaire > long terme,250 000 €,10,Long terme,4
Encourager les transports peu carbonés,"Aménagement d’un espace pilote avec végétation locale, sol perméable et suivi de l’eau disponible. Le site gagne en fraîcheur, absorbe mieux les pluies et devient plus résistant face aux fortes chaleurs.",Modif T° air; Biodiversité; Vague de gel,Technique,CAPEX majoritaire > long terme,250 000 €,10,Long terme,0
Adapter l’offre d’activités proches d’espaces fragiles,"Aménagement d’un espace pilote avec végétation locale, sol perméable et suivi de l’eau disponible. Le site gagne en fraîcheur, absorbe mieux les pluies et devient plus résistant face aux fortes chaleurs.",Biodiversité,Organisationnelles,OPEX main d’œuvre,50 000 €,2,Long terme,6
Adapter les ouvrages aux mouvements de terrain,"Équipement d’un bâtiment prioritaire avec protections physiques, capteurs de suivi et procédure de maintenance renforcée. Les usages essentiels sont mieux protégés lorsque les fortes chaleurs perturbent le site.",RGA; Mouvements de terrain,Technique,OPEX main d’œuvre,250 000 €,10,Long terme,4
Acquérir ou exproprier les biens soumis à risque naturel majeur,"Aménagement d’un espace pilote avec végétation locale, sol perméable et suivi de l’eau disponible. Le site gagne en fraîcheur, absorbe mieux les pluies et devient plus résistant face aux fortes chaleurs.",RGA; Mouvements de terrain,Financières,CAPEX majoritaire > long terme,250 000 €,10,Long terme,0
Éloigner la végétation du bâti ou installer un écran racinaire,"Mise à jour d’une procédure interne avec responsables nommés, seuils d’alerte et test sur un site pilote. Les décisions sont plus rapides lorsque les fortes chaleurs menacent la continuité des activités.",RGA; Stress Hydrique,Technique,CAPEX majoritaire > court terme,50 000 €,2,Court terme,6
Réaliser un dispositif de drainage,"Mise à jour d’une procédure interne avec responsables nommés, seuils d’alerte et test sur un site pilote. Les décisions sont plus rapides lorsque les fortes chaleurs menacent la continuité des activités.",RGA; Fortes pluies; Stress Hydrique; Inondation pluie,Technique,CAPEX majoritaire > long terme,250 000 €,10,Long terme,6
"Réglementer fumer, feux et bivouac en zones exposées","Équipement d’un bâtiment prioritaire avec protections physiques, capteurs de suivi et procédure de maintenance renforcée. Les usages essentiels sont mieux protégés lorsque les fortes chaleurs perturbent le site.",Feux de forêt; Vague de chaleur; Stress Hydrique,Ressources humaines,Capital humain,50 000 €,2,Court terme,7
Aligner le SCOT et le PLU sur la contrainte hydrique,"Aménagement d’un espace pilote avec végétation locale, sol perméable et suivi de l’eau disponible. Le site gagne en fraîcheur, absorbe mieux les pluies et devient plus résistant face aux fortes chaleurs.",Feux de forêt; Vague de chaleur; Stress Hydrique,Organisationnelles,OPEX main d’œuvre,30 000 €,1,Moyen terme,1
Interdire l’accès aux zones touristiques en risque incendie élevé,"Aménagement d’un espace pilote avec végétation locale, sol perméable et suivi de l’eau disponible. Le site gagne en fraîcheur, absorbe mieux les pluies et devient plus résistant face aux fortes chaleurs.",Feux de forêt; Vague de chaleur,Organisationnelles,OPEX main d’œuvre,15 000 €,1,Moyen terme,0
Entretenir les éléments de prévention incendie,"Création de noues, bassins d’infiltration et cuves de récupération au pied des bâtiments. Les pluies intenses sont absorbées progressivement, les abords restent praticables et une réserve d’eau peut servir à l’arrosage en période sèche.",Feux de forêt; Vague de chaleur,Technique,OPEX main d’œuvre,50 000 €,2,Moyen terme,0
Surveiller quotidiennement les indices de feu,"Actualisation annuelle d’une cartographie des sites exposés, en intégrant les dernières projections climatiques et les incidents déjà observés. Les bâtiments, fournisseurs et équipements les plus vulnérables sont priorisés avant les prochaines fortes chaleurs ou inondations.",Feux de forêt; Vague de chaleur,Technique,OPEX main d’œuvre,50 000 €,2,Court terme,7
Adapter les périodes d’ouverture des pistes,"Actualisation annuelle d’une cartographie des sites exposés, en intégrant les dernières projections climatiques et les incidents déjà observés. Les bâtiments, fournisseurs et équipements les plus vulnérables sont priorisés avant les prochaines fortes chaleurs ou inondations.",Enneigement; Vague de chaleur; Modif T° air; Retrait glaciaire; Stress Hydrique,Technique,OPEX main d’œuvre,50 000 €,2,Moyen terme,0
Utiliser la neige de culture comme solution temporaire encadrée,"Formation courte des équipes exposées, avec consignes opérationnelles et exercice pratique sur site. Les personnes savent adapter leurs horaires, leurs déplacements et leurs gestes lors des fortes chaleurs.",Enneigement; Stress Hydrique; Modif T° air,Technique,OPEX eau,50 000 €,2,Moyen terme,0
Organiser des campagnes de communication réalistes sur l’enneigement,"Session annuelle pour les équipes, agents d’accueil et responsables de site, avec consignes canicule, conduite à tenir en cas d’inondation et exercices pratiques. Les personnes concernées reconnaissent les signaux d’alerte et réagissent plus vite.",Enneigement; Modif T° air,Ressources humaines,Capital humain,30 000 €,1,Court terme,7
Mettre en œuvre des partenariats entre stations,"Sélection de deux fournisseurs alternatifs pour les achats stratégiques, avec vérification de leurs plans de continuité et de l’exposition de leurs sites. Les ruptures d’approvisionnement diminuent lorsqu’une inondation ou une canicule bloque un fournisseur principal.",Enneigement; Modif T° air,Organisationnelles,CAPEX majoritaire > long terme,250 000 €,10,Long terme,3
Entretenir pistes et gérer l’enneigement de manière adaptative,"Création de noues, bassins d’infiltration et cuves de récupération au pied des bâtiments. Les pluies intenses sont absorbées progressivement, les abords restent praticables et une réserve d’eau peut servir à l’arrosage en période sèche.",Enneigement; Stress Hydrique,Technique,CAPEX majoritaire > court terme,250 000 €,10,Court terme,6
Développer des niches d’innovation pour la transformation des stations,"Équipement d’un bâtiment prioritaire avec protections physiques, capteurs de suivi et procédure de maintenance renforcée. Les usages essentiels sont mieux protégés lorsque les fortes pluies et inondations perturbent le site.",Enneigement; Modif T° air,Financières,Section par défaut,30 000 €,1,Court terme,7
Anticiper les carences en ressources de montagne,"Équipement d’un bâtiment prioritaire avec protections physiques, capteurs de suivi et procédure de maintenance renforcée. Les usages essentiels sont mieux protégés lorsque les fortes pluies et inondations perturbent le site.",Enneigement; Stress Hydrique,Technique,CAPEX majoritaire > long terme,250 000 €,10,Long terme,7
Rénover et mettre en sécurité les activités de montagne,"Équipement d’un bâtiment prioritaire avec protections physiques, capteurs de suivi et procédure de maintenance renforcée. Les usages essentiels sont mieux protégés lorsque les fortes pluies et inondations perturbent le site.",Retrait glaciaire; Mouvements de terrain; Enneigement,Technique,CAPEX majoritaire > long terme,250 000 €,10,Long terme,0
Collaborer avec les collectivités sur les transitions territoriales de montagne,"Équipement d’un bâtiment prioritaire avec protections physiques, capteurs de suivi et procédure de maintenance renforcée. Les usages essentiels sont mieux protégés lorsque les sécheresse perturbent le site.",Enneigement; Retrait glaciaire,Organisationnelles,OPEX main d’œuvre,15 000 €,1,Moyen terme,0
Créer un pôle nature quatre saisons,"Équipement d’un bâtiment prioritaire avec protections physiques, capteurs de suivi et procédure de maintenance renforcée. Les usages essentiels sont mieux protégés lorsque les sécheresse perturbent le site.",Enneigement; Modif T° air,Technique,CAPEX majoritaire > long terme,250 000 €,10,Long terme,0
Renoncer aux activités incompatibles avec la diminution de l’enneigement,"Équipement d’un bâtiment prioritaire avec protections physiques, capteurs de suivi et procédure de maintenance renforcée. Les usages essentiels sont mieux protégés lorsque les sécheresse perturbent le site.",Enneigement; Modif T° air,Organisationnelles,CAPEX majoritaire > long terme,250 000 €,10,Long terme,1
Souscrire une couverture assurantielle vents et tempêtes,"Équipement d’un bâtiment prioritaire avec protections physiques, capteurs de suivi et procédure de maintenance renforcée. Les usages essentiels sont mieux protégés lorsque les sécheresse perturbent le site.",Tempêtes; Vents violents; Feux de forêt,Ressources humaines,Capital humain,25 000 €,1,Court terme,6
Mettre en place des systèmes de prévision cyclone plus précis,"Équipement d’un bâtiment prioritaire avec protections physiques, capteurs de suivi et procédure de maintenance renforcée. Les usages essentiels sont mieux protégés lorsque les sécheresse perturbent le site.",Tempêtes; Ouragans; Submersion marine,Technique,CAPEX majoritaire > long terme,250 000 €,10,Long terme,7
Mettre en place des protections financières contre catastrophes,"Équipement d’un bâtiment prioritaire avec protections physiques, capteurs de suivi et procédure de maintenance renforcée. Les usages essentiels sont mieux protégés lorsque les fortes pluies et inondations perturbent le site.",Tempêtes; Ouragans,Financières,Section par défaut,25 000 €,1,Moyen terme,0
Installer un système d’alerte disparition avec la protection civile,"Création d’une ligne budgétaire dédiée à l’adaptation, couvrant diagnostics, travaux prioritaires et entretien renforcé. Les dépenses sont planifiées avant les dommages, ce qui évite des réparations urgentes plus coûteuses après un aléa climatique.",Tempêtes; Vents violents,Technique,CAPEX majoritaire > court terme,50 000 €,2,Court terme,0
Adapter les ouvrages aux mouvements de terrain,"Mise à jour d’une procédure interne avec responsables nommés, seuils d’alerte et test sur un site pilote. Les décisions sont plus rapides lorsque les sécheresse menacent la continuité des activités.",Modif T° air,Technique,CAPEX majoritaire > long terme,250 000 €,10,Long terme,4
Mettre en œuvre un plan d’itinéraires pédestres et de randonnée,"Aménagement d’un espace pilote avec végétation locale, sol perméable et suivi de l’eau disponible. Le site gagne en fraîcheur, absorbe mieux les pluies et devient plus résistant face aux fortes chaleurs.",Modif T° air,Organisationnelles,CAPEX majoritaire > long terme,250 000 €,10,Long terme,0
Réaliser des diagnostics locaux de diversification,"Formation courte des équipes exposées, avec consignes opérationnelles et exercice pratique sur site. Les personnes savent adapter leurs horaires, leurs déplacements et leurs gestes lors des fortes chaleurs.",Modif T° air,Organisationnelles,CAPEX majoritaire > court terme,50 000 €,2,Court terme,4
Réduire les rejets au réseau par gestion locale des eaux,"Aménagement d’un espace pilote avec végétation locale, sol perméable et suivi de l’eau disponible. Le site gagne en fraîcheur, absorbe mieux les pluies et devient plus résistant face aux sécheresse.",Fortes pluies; Inondation pluie,Technique,CAPEX majoritaire > long terme,250 000 €,10,Long terme,6
Créer trois bassins d’infiltration rectangulaires,"Aménagement d’un espace pilote avec végétation locale, sol perméable et suivi de l’eau disponible. Le site gagne en fraîcheur, absorbe mieux les pluies et devient plus résistant face aux tempêtes.",Fortes pluies; Inondation pluie,Technique,CAPEX majoritaire > long terme,250 000 €,10,Long terme,6
Reprofiler les berges en pente douce,"Mise à jour d’une procédure interne avec responsables nommés, seuils d’alerte et test sur un site pilote. Les décisions sont plus rapides lorsque les tempêtes menacent la continuité des activités.",Fortes pluies; Inondation pluie,Fondées sur la nature,CAPEX majoritaire > long terme,250 000 €,10,Long terme,6
Maintenir une prairie naturelle accessible,"Réservation d’un budget annuel pour les diagnostics, travaux prioritaires et réparations préventives. Les investissements sont déclenchés avant les dégâts majeurs liés aux tempêtes, ce qui réduit les interruptions et les surcoûts.",Fortes pluies; Inondation pluie,Fondées sur la nature,OPEX main d’œuvre,80 000 €,3,Moyen terme,6
Installer des accès inclusifs au jardin de pluie,"Équipement d’un bâtiment prioritaire avec protections physiques, capteurs de suivi et procédure de maintenance renforcée. Les usages essentiels sont mieux protégés lorsque les sécheresse perturbent le site.",Fortes pluies; Inondation pluie,Technique,CAPEX majoritaire > court terme,250 000 €,10,Court terme,1
Tester des mélanges prairiaux résistants à la sécheresse,"Déplacement des archives, serveurs et équipements coûteux hors des zones inondables, puis installation aux étages supérieurs avec accès sécurisé. Les pertes matérielles diminuent fortement en cas de crue ou de ruissellement intense.",Stress Hydrique; Modif T° air,Fondées sur la nature,CAPEX majoritaire > court terme,80 000 €,3,Court terme,6
Expérimenter des mélanges végétaux en microparcelles,"Conservation d’une zone refuge non tondue, plantation de haies locales et liaison entre deux espaces verts par un corridor écologique. Les espèces trouvent des abris et peuvent se déplacer malgré la chaleur, la sécheresse ou les travaux sur le site.",Stress Hydrique; Modif T° air,Fondées sur la nature,CAPEX majoritaire > court terme,80 000 €,3,Court terme,6
Conduire des expérimentations multi-sites chez les éleveurs,"Formation courte des équipes exposées, avec consignes opérationnelles et exercice pratique sur site. Les personnes savent adapter leurs horaires, leurs déplacements et leurs gestes lors des fortes chaleurs.",Stress Hydrique; Modif T° air,Technique,OPEX main d’œuvre,50 000 €,2,Moyen terme,1
Introduire des légumineuses productives dans les prairies,"Équipement d’un bâtiment prioritaire avec protections physiques, capteurs de suivi et procédure de maintenance renforcée. Les usages essentiels sont mieux protégés lorsque les sécheresse perturbent le site.",Stress Hydrique; Modif T° air,Fondées sur la nature,CAPEX majoritaire > court terme,80 000 €,3,Court terme,6
Diffuser les références techniques aux éleveurs,"Mise à jour d’une procédure interne avec responsables nommés, seuils d’alerte et test sur un site pilote. Les décisions sont plus rapides lorsque les sécheresse menacent la continuité des activités.",Stress Hydrique; Modif T° air,Organisationnelles,Capital humain,15 000 €,1,Moyen terme,0
Construire des partenariats avec semenciers et organismes agricoles,"Mise à jour d’une procédure interne avec responsables nommés, seuils d’alerte et test sur un site pilote. Les décisions sont plus rapides lorsque les sécheresse menacent la continuité des activités.",Stress Hydrique; Modif T° air; Chaleur extrême,Organisationnelles,OPEX main d’œuvre,15 000 €,1,Moyen terme,3
Concevoir un parc avec gestion alternative des eaux,"Formation courte des équipes exposées, avec consignes opérationnelles et exercice pratique sur site. Les personnes savent adapter leurs horaires, leurs déplacements et leurs gestes lors des sécheresse.",Fortes pluies; Inondation pluie; Vague de chaleur,Technique,CAPEX majoritaire > long terme,250 000 €,10,Long terme,6
Concevoir un écoquartier avec gestion intégrée des eaux,"Aménagement d’un espace pilote avec végétation locale, sol perméable et suivi de l’eau disponible. Le site gagne en fraîcheur, absorbe mieux les pluies et devient plus résistant face aux fortes pluies et inondations.",Fortes pluies; Inondation pluie; Inondation fluviale; Vague de chaleur; Chaleur extrême,Fondées sur la nature,CAPEX majoritaire > long terme,250 000 €,10,Long terme,6
Créer une zone humide urbaine,"Équipement d’un bâtiment prioritaire avec protections physiques, capteurs de suivi et procédure de maintenance renforcée. Les usages essentiels sont mieux protégés lorsque les tempêtes perturbent le site.",Fortes pluies; Inondation pluie; Vague de chaleur; Stress Hydrique,Fondées sur la nature,CAPEX majoritaire > long terme,250 000 €,10,Long terme,6
Réutiliser les eaux pluviales pour l’irrigation,"Équipement d’un bâtiment prioritaire avec protections physiques, capteurs de suivi et procédure de maintenance renforcée. Les usages essentiels sont mieux protégés lorsque les tempêtes perturbent le site.",Stress Hydrique; Fortes pluies,Technique,OPEX eau,25 000 €,1,Long terme,6
Cartographier la sensibilité climatique des forêts,"Équipement d’un bâtiment prioritaire avec protections physiques, capteurs de suivi et procédure de maintenance renforcée. Les usages essentiels sont mieux protégés lorsque les tempêtes perturbent le site.",Modif T° air; Stress Hydrique,Technique,CAPEX majoritaire > court terme,50 000 €,2,Court terme,4
Développer un diagnostic de sensibilité climatique à la parcelle,"Mise à jour d’une procédure interne avec responsables nommés, seuils d’alerte et test sur un site pilote. Les décisions sont plus rapides lorsque les tempêtes menacent la continuité des activités.",Modif T° air; Stress Hydrique,Organisationnelles,CAPEX majoritaire > court terme,50 000 €,2,Court terme,4
Former les professionnels de la forêt,"Rénovation d’un bâtiment prioritaire avec isolation renforcée, protections solaires, ventilation nocturne et vérification des seuils d’inondation au rez-de-chaussée. Les occupants restent protégés et les activités essentielles peuvent continuer pendant les épisodes climatiques extrêmes.",Modif T° air; Stress Hydrique,Ressources humaines,Capital humain,30 000 €,1,Court terme,7
Créer des supports de sensibilisation grand public,"Équipement d’un bâtiment prioritaire avec protections physiques, capteurs de suivi et procédure de maintenance renforcée. Les usages essentiels sont mieux protégés lorsque les fortes chaleurs perturbent le site.",Modif T° air; Stress Hydrique,Ressources humaines,Capital humain,250 000 €,10,Long terme,7
Inscrire la forêt dans une chaîne de valeur durable,"Équipement d’un bâtiment prioritaire avec protections physiques, capteurs de suivi et procédure de maintenance renforcée. Les usages essentiels sont mieux protégés lorsque les fortes chaleurs perturbent le site.",Modif T° air; Stress Hydrique,Organisationnelles,Section par défaut,15 000 €,1,Moyen terme,5
Contrôler les débits de fuite des eaux pluviales,"Installation d’ouvrants sécurisés, de brasseurs d’air et de protections solaires extérieures dans les salles les plus exposées. Les locaux restent utilisables plus longtemps pendant les pics de chaleur, avec moins de dépendance à la climatisation.",Fortes pluies; Inondation pluie,Technique,CAPEX majoritaire > long terme,250 000 €,10,Long terme,1
Implanter une noue paysagère de rétention,"Équipement d’un bâtiment prioritaire avec protections physiques, capteurs de suivi et procédure de maintenance renforcée. Les usages essentiels sont mieux protégés lorsque les fortes chaleurs perturbent le site.",Fortes pluies; Inondation pluie,Technique,CAPEX majoritaire > long terme,250 000 €,10,Long terme,6
Intégrer les risques de submersion et de crue,"Aménagement d’un espace pilote avec végétation locale, sol perméable et suivi de l’eau disponible. Le site gagne en fraîcheur, absorbe mieux les pluies et devient plus résistant face aux fortes chaleurs.",Inondation fluviale; Fortes pluies,Technique,CAPEX majoritaire > long terme,250 000 €,10,Long terme,0
"Traiter globalement eaux de source, pluviales et géothermiques","Tableau de bord mensuel avec jours de fermeture liés à la chaleur, dégâts après pluie intense, incidents fournisseurs et coûts de maintenance climatique. Les tendances repérées déclenchent des ajustements rapides avant que les fragilités ne s’aggravent.",Fortes pluies; Inondation fluviale,Technique,CAPEX majoritaire > long terme,250 000 €,10,Long terme,6
Animer un programme d’économie d’eau dans les services municipaux,"Mise à jour d’une procédure interne avec responsables nommés, seuils d’alerte et test sur un site pilote. Les décisions sont plus rapides lorsque les fortes chaleurs menacent la continuité des activités.",Stress Hydrique,Technique,OPEX main d’œuvre,50 000 €,2,Moyen terme,7
Améliorer le rendement des usines de production d’eau,"Équipement d’un bâtiment prioritaire avec protections physiques, capteurs de suivi et procédure de maintenance renforcée. Les usages essentiels sont mieux protégés lorsque les fortes chaleurs perturbent le site.",Stress Hydrique,Technique,CAPEX majoritaire > long terme,250 000 €,10,Long terme,7
Sectoriser le réseau de distribution,"Plantation d’arbres d’ombrage, création de massifs végétalisés et choix d’essences capables de supporter le climat futur local. Les cheminements et façades exposés restent plus frais, ce qui réduit l’inconfort pendant les fortes chaleurs.",Stress Hydrique,Technique,CAPEX majoritaire > court terme,250 000 €,10,Court terme,7
Installer des équipements de détection de fuites,"Plantation d’arbres d’ombrage, création de massifs végétalisés et choix d’essences capables de supporter le climat futur local. Les cheminements et façades exposés restent plus frais, ce qui réduit l’inconfort pendant les fortes chaleurs.",Stress Hydrique,Technique,CAPEX majoritaire > court terme,50 000 €,2,Court terme,7
Renouveler les canalisations vulnérables,"Équipement d’un bâtiment prioritaire avec protections physiques, capteurs de suivi et procédure de maintenance renforcée. Les usages essentiels sont mieux protégés lorsque les fortes chaleurs perturbent le site.",Stress Hydrique,Technique,CAPEX majoritaire > long terme,250 000 €,10,Long terme,7
Rendre la station de lavage autonome en eau potable,"Équipement d’un bâtiment prioritaire avec protections physiques, capteurs de suivi et procédure de maintenance renforcée. Les usages essentiels sont mieux protégés lorsque les fortes chaleurs perturbent le site.",Stress Hydrique; Fortes pluies,Technique,OPEX eau,250 000 €,10,Long terme,1
Mobiliser des financements européens pour la station économe,"Équipement d’un bâtiment prioritaire avec protections physiques, capteurs de suivi et procédure de maintenance renforcée. Les usages essentiels sont mieux protégés lorsque les fortes chaleurs perturbent le site.",Stress Hydrique; Modif T° air,Financières,Section par défaut,25 000 €,1,Moyen terme,3
Confier la construction à des artisans locaux,"Mise à jour d’une procédure interne avec responsables nommés, seuils d’alerte et test sur un site pilote. Les décisions sont plus rapides lorsque les fortes chaleurs menacent la continuité des activités.",Stress Hydrique,Organisationnelles,OPEX main d’œuvre,25 000 €,1,Long terme,0
Adapter les territoires littoraux aux risques côtiers,"Équipement d’un bâtiment prioritaire avec protections physiques, capteurs de suivi et procédure de maintenance renforcée. Les usages essentiels sont mieux protégés lorsque les fortes chaleurs perturbent le site.",Modif T° air; Chaleur extrême,Technique,CAPEX majoritaire > long terme,250 000 €,10,Long terme,2
Aménager de nouvelles activités de pleine nature,"Mise à jour d’une procédure interne avec responsables nommés, seuils d’alerte et test sur un site pilote. Les décisions sont plus rapides lorsque les fortes chaleurs menacent la continuité des activités.",Modif T° air; Stress Hydrique,Fondées sur la nature,CAPEX majoritaire > long terme,250 000 €,10,Long terme,6
Sensibiliser les visiteurs et habitants aux effets du changement climatique,"Équipement d’un bâtiment prioritaire avec protections physiques, capteurs de suivi et procédure de maintenance renforcée. Les usages essentiels sont mieux protégés lorsque les fortes chaleurs perturbent le site.",Modif T° air,Ressources humaines,Capital humain,30 000 €,1,Court terme,7
Réduire les consommations d’eau,"Inscription d’un point adaptation climatique à chaque comité stratégique, avec arbitrage budgétaire et suivi des obligations réglementaires. Les décisions d’investissement tiennent compte des conditions climatiques futures plutôt que du climat passé.",Tempêtes,Technique,OPEX main d’œuvre,250 000 €,10,Long terme,7
Rétablir des connexions hydrauliques entre lagunes et hydrosystèmes,"Actualisation annuelle d’une cartographie des sites exposés, en intégrant les dernières projections climatiques et les incidents déjà observés. Les bâtiments, fournisseurs et équipements les plus vulnérables sont priorisés avant les prochaines fortes chaleurs ou inondations.",Stress Hydrique; Tempêtes,Fondées sur la nature,CAPEX majoritaire > long terme,250 000 €,10,Long terme,6
Maintenir la capacité d’accueil des oiseaux d’eau coloniaux,"Aménagement d’un espace pilote avec végétation locale, sol perméable et suivi de l’eau disponible. Le site gagne en fraîcheur, absorbe mieux les pluies et devient plus résistant face aux fortes chaleurs.",Tempêtes,Fondées sur la nature,OPEX main d’œuvre,80 000 €,3,Moyen terme,6
Développer des usages économiques doux compatibles avec la submersion,"Équipement d’un bâtiment prioritaire avec protections physiques, capteurs de suivi et procédure de maintenance renforcée. Les usages essentiels sont mieux protégés lorsque les fortes chaleurs perturbent le site.",Tempêtes,Organisationnelles,Section par défaut,15 000 €,1,Long terme,0
Mobiliser un projet européen LIFE+ pour financer les travaux,"Aménagement d’un espace pilote avec végétation locale, sol perméable et suivi de l’eau disponible. Le site gagne en fraîcheur, absorbe mieux les pluies et devient plus résistant face aux fortes pluies et inondations.",Tempêtes,Financières,CAPEX majoritaire > long terme,250 000 €,10,Long terme,3
Évaluer l’effet de l’acidification des mares sur l’écrevisse à pattes blanches,"Aménagement d’un espace pilote avec végétation locale, sol perméable et suivi de l’eau disponible. Le site gagne en fraîcheur, absorbe mieux les pluies et devient plus résistant face aux fortes chaleurs.",Stress Hydrique,Technique,OPEX main d’œuvre,50 000 €,2,Long terme,0
Tester le déplacement d’individus vers des mares favorables,"Aménagement d’un espace pilote avec végétation locale, sol perméable et suivi de l’eau disponible. Le site gagne en fraîcheur, absorbe mieux les pluies et devient plus résistant face aux fortes chaleurs.",Stress Hydrique,Fondées sur la nature,Section par défaut,80 000 €,3,Moyen terme,6
Identifier les habitats favorables aux amphibiens,"Aménagement d’un espace pilote avec végétation locale, sol perméable et suivi de l’eau disponible. Le site gagne en fraîcheur, absorbe mieux les pluies et devient plus résistant face aux fortes chaleurs.",Stress Hydrique; Modif T° air,Technique,OPEX main d’œuvre,50 000 €,2,Long terme,6
Organiser des séminaires scientifiques et territoriaux,"Mise à jour d’une procédure interne avec responsables nommés, seuils d’alerte et test sur un site pilote. Les décisions sont plus rapides lorsque les fortes chaleurs menacent la continuité des activités.",Modif T° air; Stress Hydrique,Ressources humaines,Capital humain,15 000 €,1,Moyen terme,0
Évaluer les volumes prélevables d’une ressource en eau,"Aménagement d’un espace pilote avec végétation locale, sol perméable et suivi de l’eau disponible. Le site gagne en fraîcheur, absorbe mieux les pluies et devient plus résistant face aux fortes pluies et inondations.",Stress Hydrique,Technique,OPEX main d’œuvre,50 000 €,2,Long terme,0
Émettre un avis défavorable à un projet incompatible avec la ressource,"Mise à jour d’une procédure interne avec responsables nommés, seuils d’alerte et test sur un site pilote. Les décisions sont plus rapides lorsque les fortes pluies et inondations menacent la continuité des activités.",Stress Hydrique,Organisationnelles,Section par défaut,50 000 €,2,Moyen terme,7
Classer le bassin en zone de répartition des eaux,"Aménagement d’un espace pilote avec végétation locale, sol perméable et suivi de l’eau disponible. Le site gagne en fraîcheur, absorbe mieux les pluies et devient plus résistant face aux fortes pluies et inondations.",Stress Hydrique,Organisationnelles,Section par défaut,250 000 €,10,Moyen terme,7
Organiser des ateliers climat sur la ressource en eau,"Mise à jour d’une procédure interne avec responsables nommés, seuils d’alerte et test sur un site pilote. Les décisions sont plus rapides lorsque les fortes chaleurs menacent la continuité des activités.",Stress Hydrique,Ressources humaines,Capital humain,50 000 €,2,Court terme,7
Communiquer auprès des citoyens sur la préservation de l’eau,"Formation courte des équipes exposées, avec consignes opérationnelles et exercice pratique sur site. Les personnes savent adapter leurs horaires, leurs déplacements et leurs gestes lors des fortes chaleurs.",Stress Hydrique; Inondation pluie; Fortes pluies,Fondées sur la nature,CAPEX majoritaire > long terme,250 000 €,10,Long terme,6
Réaliser les études d’impact d’un réaménagement exposé,"Formation courte des équipes exposées, avec consignes opérationnelles et exercice pratique sur site. Les personnes savent adapter leurs horaires, leurs déplacements et leurs gestes lors des fortes chaleurs.",Tempêtes,Technique,OPEX main d’œuvre,50 000 €,2,Moyen terme,0
Mettre en place une concertation publique sur les scénarios du quai,"Mise à jour d’une procédure interne avec responsables nommés, seuils d’alerte et test sur un site pilote. Les décisions sont plus rapides lorsque les fortes chaleurs menacent la continuité des activités.",Tempêtes,Technique,CAPEX majoritaire > long terme,250 000 €,10,Long terme,4
Consolider le musoir et la jetée du port,"Session annuelle pour les équipes, agents d’accueil et responsables de site, avec consignes canicule, conduite à tenir en cas d’inondation et exercices pratiques. Les personnes concernées reconnaissent les signaux d’alerte et réagissent plus vite.",Tempêtes,Technique,CAPEX majoritaire > long terme,250 000 €,10,Long terme,0
Prévoir la rénovation future des autres quais,"Équipement d’un bâtiment prioritaire avec protections physiques, capteurs de suivi et procédure de maintenance renforcée. Les usages essentiels sont mieux protégés lorsque les sécheresse perturbent le site.",Tempêtes,Organisationnelles,CAPEX majoritaire > long terme,250 000 €,10,Long terme,0
Créer des ombres autour des bâtiments du théâtre,"Mise à jour d’une procédure interne avec responsables nommés, seuils d’alerte et test sur un site pilote. Les décisions sont plus rapides lorsque les sécheresse menacent la continuité des activités.",Chaleur extrême; Vague de chaleur; Vague de gel,Technique,CAPEX majoritaire > long terme,250 000 €,10,Long terme,0
Utiliser une zone périphérique tampon autour de la salle,"Aménagement d’un espace pilote avec végétation locale, sol perméable et suivi de l’eau disponible. Le site gagne en fraîcheur, absorbe mieux les pluies et devient plus résistant face aux tempêtes.",Chaleur extrême; Vague de chaleur,Technique,CAPEX majoritaire > long terme,250 000 €,10,Long terme,0
Exploiter une nappe d’accompagnement de cours d’eau,"Aménagement d’un espace pilote avec végétation locale, sol perméable et suivi de l’eau disponible. Le site gagne en fraîcheur, absorbe mieux les pluies et devient plus résistant face aux tempêtes.",Chaleur extrême; Modif T° air,Technique,CAPEX majoritaire > long terme,250 000 €,10,Long terme,0
Mettre en place une ventilation naturelle nocturne,"Mise à jour d’une procédure interne avec responsables nommés, seuils d’alerte et test sur un site pilote. Les décisions sont plus rapides lorsque les fortes chaleurs menacent la continuité des activités.",Chaleur extrême; Vague de chaleur,Technique,OPEX énergie,50 000 €,2,Moyen terme,0
Récupérer les frigories produites par la pompe à chaleur,"Formation courte des équipes exposées, avec consignes opérationnelles et exercice pratique sur site. Les personnes savent adapter leurs horaires, leurs déplacements et leurs gestes lors des fortes chaleurs.",Chaleur extrême; Vague de chaleur,Technique,OPEX énergie,250 000 €,10,Long terme,0
Planter un environnement végétal méditerranéen,"Lancement d’un programme pilote sur matériaux frais, sobriété hydrique et suivi des îlots de chaleur sur le campus. Les résultats orientent les futurs travaux et réduisent l’exposition des bâtiments et usagers aux aléas climatiques.",Chaleur extrême; Vague de chaleur,Fondées sur la nature,CAPEX majoritaire > court terme,250 000 €,10,Court terme,6
Capitaliser les retours d’expérience d’adaptation,"Équipement d’un bâtiment prioritaire avec protections physiques, capteurs de suivi et procédure de maintenance renforcée. Les usages essentiels sont mieux protégés lorsque les fortes chaleurs perturbent le site.",Fortes pluies; Stress Hydrique; Chaleur extrême; Tempêtes; Modif T° air,Organisationnelles,OPEX main d’œuvre,15 000 €,1,Moyen terme,0
Structurer les actions par familles d’enjeux climatiques,"Mise à jour d’une procédure interne avec responsables nommés, seuils d’alerte et test sur un site pilote. Les décisions sont plus rapides lorsque les sécheresse menacent la continuité des activités.",Fortes pluies; Stress Hydrique; Chaleur extrême; Tempêtes; Modif T° air,Organisationnelles,Section par défaut,15 000 €,1,Moyen terme,4
Installer des ombrières sur les aires de stationnement des rames,"Équipement d’un bâtiment prioritaire avec protections physiques, capteurs de suivi et procédure de maintenance renforcée. Les usages essentiels sont mieux protégés lorsque les fortes pluies et inondations perturbent le site.",Modif T° air; Chaleur extrême; Vague de chaleur,Technique,OPEX énergie,250 000 €,10,Long terme,0
Dimensionner l’ombrage dès la conception des ateliers-dépôts,"Formation courte des équipes exposées, avec consignes opérationnelles et exercice pratique sur site. Les personnes savent adapter leurs horaires, leurs déplacements et leurs gestes lors des sécheresse.",Chaleur extrême; Vague de chaleur,Technique,CAPEX majoritaire > long terme,250 000 €,10,Long terme,6
Suivre les gains énergétiques du dispositif d’ombrage,"Rénovation d’un bâtiment prioritaire avec isolation renforcée, protections solaires, ventilation nocturne et vérification des seuils d’inondation au rez-de-chaussée. Les occupants restent protégés et les activités essentielles peuvent continuer pendant les épisodes climatiques extrêmes.",Chaleur extrême; Vague de chaleur; Modif T° air,Technique,OPEX main d’œuvre,25 000 €,1,Moyen terme,6
Déployer un réseau de pièges pondoirs,"Rénovation d’un bâtiment prioritaire avec isolation renforcée, protections solaires, ventilation nocturne et vérification des seuils d’inondation au rez-de-chaussée. Les occupants restent protégés et les activités essentielles peuvent continuer pendant les épisodes climatiques extrêmes.",Modif T° air,Technique,OPEX main d’œuvre,250 000 €,10,Long terme,7
Améliorer la ventilation et le rafraîchissement passif,"Aménagement d’un espace pilote avec végétation locale, sol perméable et suivi de l’eau disponible. Le site gagne en fraîcheur, absorbe mieux les pluies et devient plus résistant face aux fortes chaleurs.",Modif T° air; Stress Hydrique; Chaleur extrême,Technique,OPEX main d’œuvre,50 000 €,2,Moyen terme,0
Intervenir en démoustication lors d’une implantation avérée,"Équipement d’un bâtiment prioritaire avec protections physiques, capteurs de suivi et procédure de maintenance renforcée. Les usages essentiels sont mieux protégés lorsque les fortes chaleurs perturbent le site.",Modif T° air,Technique,OPEX main d’œuvre,25 000 €,1,Long terme,6
Traiter rapidement l’environnement des cas humains suspects,"Équipement d’un bâtiment prioritaire avec protections physiques, capteurs de suivi et procédure de maintenance renforcée. Les usages essentiels sont mieux protégés lorsque les fortes chaleurs perturbent le site.",Modif T° air,Technique,OPEX main d’œuvre,50 000 €,2,Moyen terme,0
Inscrire l’action dans le plan anti-dissémination,"Mise à jour d’une procédure interne avec responsables nommés, seuils d’alerte et test sur un site pilote. Les décisions sont plus rapides lorsque les fortes chaleurs menacent la continuité des activités.",Modif T° air,Organisationnelles,Section par défaut,30 000 €,1,Moyen terme,0
Rafraîchir l’air neuf par batterie à détente directe,"Inscription d’un point adaptation climatique à chaque comité stratégique, avec arbitrage budgétaire et suivi des obligations réglementaires. Les décisions d’investissement tiennent compte des conditions climatiques futures plutôt que du climat passé.",Chaleur extrême; Vague de chaleur,Technique,CAPEX majoritaire > court terme,50 000 €,2,Court terme,0
Déployer un volet développement durable dans les rénovations,"Mise à jour d’une procédure interne avec responsables nommés, seuils d’alerte et test sur un site pilote. Les décisions sont plus rapides lorsque les fortes chaleurs menacent la continuité des activités.",Modif T° air; Chaleur extrême,Organisationnelles,Section par défaut,250 000 €,10,Long terme,0
Suivre les performances de confort et d’énergie après travaux,"Mise à jour d’une procédure interne avec responsables nommés, seuils d’alerte et test sur un site pilote. Les décisions sont plus rapides lorsque les fortes chaleurs menacent la continuité des activités.",Chaleur extrême; Vague de chaleur; Vague de gel; Modif T° air,Technique,OPEX énergie,250 000 €,10,Long terme,0
Comparer les stratégies d’adaptation du littoral,"Mise à jour d’une procédure interne avec responsables nommés, seuils d’alerte et test sur un site pilote. Les décisions sont plus rapides lorsque les fortes chaleurs menacent la continuité des activités.",Tempêtes,Organisationnelles,Section par défaut,30 000 €,1,Long terme,1
Concerter collectivités et acteurs agricoles sur le diagnostic territorial,"Formation courte des équipes exposées, avec consignes opérationnelles et exercice pratique sur site. Les personnes savent adapter leurs horaires, leurs déplacements et leurs gestes lors des fortes chaleurs.",Tempêtes; Modif T° air; Stress Hydrique,Organisationnelles,OPEX main d’œuvre,30 000 €,1,Moyen terme,0
Créer des espaces récréatifs perméables et végétalisés,"Aménagement d’un espace pilote avec végétation locale, sol perméable et suivi de l’eau disponible. Le site gagne en fraîcheur, absorbe mieux les pluies et devient plus résistant face aux fortes chaleurs.",Fortes pluies; Inondation pluie; Chaleur extrême; Tempêtes; Inondation fluviale,Fondées sur la nature,CAPEX majoritaire > long terme,250 000 €,10,Long terme,6
Connecter les berges à un itinéraire de mobilité douce,"Équipement d’un bâtiment prioritaire avec protections physiques, capteurs de suivi et procédure de maintenance renforcée. Les usages essentiels sont mieux protégés lorsque les fortes chaleurs perturbent le site.",Fortes pluies; Inondation pluie; Modif T° air,Technique,CAPEX majoritaire > long terme,250 000 €,10,Long terme,0
Mettre en place un entretien compatible avec les aménagements doux,"Équipement d’un bâtiment prioritaire avec protections physiques, capteurs de suivi et procédure de maintenance renforcée. Les usages essentiels sont mieux protégés lorsque les fortes chaleurs perturbent le site.",Fortes pluies; Inondation pluie,Fondées sur la nature,OPEX main d’œuvre,25 000 €,1,Long terme,6
Organiser des sessions collectives de semis et plantation,"Équipement d’un bâtiment prioritaire avec protections physiques, capteurs de suivi et procédure de maintenance renforcée. Les usages essentiels sont mieux protégés lorsque les fortes chaleurs perturbent le site.",Chaleur extrême; Vague de chaleur,Fondées sur la nature,Capital humain,25 000 €,1,Long terme,6
Installer des supports et micro-espaces à planter,"Équipement d’un bâtiment prioritaire avec protections physiques, capteurs de suivi et procédure de maintenance renforcée. Les usages essentiels sont mieux protégés lorsque les fortes chaleurs perturbent le site.",Chaleur extrême; Vague de chaleur,Fondées sur la nature,CAPEX majoritaire > court terme,250 000 €,10,Court terme,6
Créer des fresques végétales sur les murs,"Équipement d’un bâtiment prioritaire avec protections physiques, capteurs de suivi et procédure de maintenance renforcée. Les usages essentiels sont mieux protégés lorsque les fortes chaleurs perturbent le site.",Chaleur extrême; Vague de chaleur,Fondées sur la nature,CAPEX majoritaire > court terme,80 000 €,3,Court terme,6
Capitaliser l’expérimentation de design urbain,"Équipement d’un bâtiment prioritaire avec protections physiques, capteurs de suivi et procédure de maintenance renforcée. Les usages essentiels sont mieux protégés lorsque les fortes chaleurs perturbent le site.",Chaleur extrême; Vague de chaleur,Organisationnelles,Section par défaut,250 000 €,10,Moyen terme,6
Ne pas obstruer les brèches de la digue initiale,"Équipement d’un bâtiment prioritaire avec protections physiques, capteurs de suivi et procédure de maintenance renforcée. Les usages essentiels sont mieux protégés lorsque les fortes chaleurs perturbent le site.",Tempêtes; Inondation fluviale,Fondées sur la nature,Section par défaut,250 000 €,10,Long terme,6
Mettre en place un plan de gestion du site,"Équipement d’un bâtiment prioritaire avec protections physiques, capteurs de suivi et procédure de maintenance renforcée. Les usages essentiels sont mieux protégés lorsque les fortes pluies et inondations perturbent le site.",Tempêtes; Inondation fluviale,Organisationnelles,OPEX main d’œuvre,50 000 €,2,Long terme,6
Utiliser le polder comme espace tampon littoral,"Création de noues, bassins d’infiltration et cuves de récupération au pied des bâtiments. Les pluies intenses sont absorbées progressivement, les abords restent praticables et une réserve d’eau peut servir à l’arrosage en période sèche.",Tempêtes; Inondation fluviale,Fondées sur la nature,CAPEX majoritaire > long terme,250 000 €,10,Long terme,6
Tenir un registre volontaire des personnes fragiles et isolées,"Tableau de bord mensuel avec jours de fermeture liés à la chaleur, dégâts après pluie intense, incidents fournisseurs et coûts de maintenance climatique. Les tendances repérées déclenchent des ajustements rapides avant que les fragilités ne s’aggravent.",Chaleur extrême; Vague de chaleur,Organisationnelles,OPEX main d’œuvre,15 000 €,1,Moyen terme,0
Former les bénévoles aux procédures d’intervention canicule,"Actualisation annuelle d’une cartographie des sites exposés, en intégrant les dernières projections climatiques et les incidents déjà observés. Les bâtiments, fournisseurs et équipements les plus vulnérables sont priorisés avant les prochaines fortes chaleurs ou inondations.",Chaleur extrême; Vague de chaleur,Ressources humaines,Capital humain,25 000 €,1,Long terme,0
Réaliser des visites à domicile pendant les canicules,"Équipement d’un bâtiment prioritaire avec protections physiques, capteurs de suivi et procédure de maintenance renforcée. Les usages essentiels sont mieux protégés lorsque les fortes chaleurs perturbent le site.",Chaleur extrême; Vague de chaleur,Ressources humaines,OPEX main d’œuvre,25 000 €,1,Long terme,0
Utiliser un logiciel de planification et de traçabilité,"Formation courte des équipes exposées, avec consignes opérationnelles et exercice pratique sur site. Les personnes savent adapter leurs horaires, leurs déplacements et leurs gestes lors des fortes chaleurs.",Chaleur extrême; Vague de chaleur,Organisationnelles,CAPEX majoritaire > court terme,50 000 €,2,Court terme,7
Mener une campagne annuelle de communication canicule,"Session annuelle pour les équipes, agents d’accueil et responsables de site, avec consignes canicule, conduite à tenir en cas d’inondation et exercices pratiques. Les personnes concernées reconnaissent les signaux d’alerte et réagissent plus vite.",Chaleur extrême; Vague de chaleur,Ressources humaines,Capital humain,25 000 €,1,Long terme,0
Optimiser les services d’eau et d’assainissement,"Actualisation annuelle d’une cartographie des sites exposés, en intégrant les dernières projections climatiques et les incidents déjà observés. Les bâtiments, fournisseurs et équipements les plus vulnérables sont priorisés avant les prochaines fortes chaleurs ou inondations.",Stress Hydrique,Technique,OPEX eau,50 000 €,2,Moyen terme,7
Améliorer les connaissances territoriales sur les ressources,"Réservation d’un budget annuel pour les diagnostics, travaux prioritaires et réparations préventives. Les investissements sont déclenchés avant les dégâts majeurs liés aux fortes chaleurs, ce qui réduit les interruptions et les surcoûts.",Stress Hydrique,Organisationnelles,CAPEX majoritaire > court terme,50 000 €,2,Court terme,4
Supprimer les points durs du littoral,"Sélection de deux fournisseurs alternatifs pour les achats stratégiques, avec vérification de leurs plans de continuité et de l’exposition de leurs sites. Les ruptures d’approvisionnement diminuent lorsqu’une inondation ou une canicule bloque un fournisseur principal.",Tempêtes,Fondées sur la nature,CAPEX majoritaire > long terme,250 000 €,10,Long terme,6
Élargir la plage par apports de sable,"Actualisation annuelle d’une cartographie des sites exposés, en intégrant les dernières projections climatiques et les incidents déjà observés. Les bâtiments, fournisseurs et équipements les plus vulnérables sont priorisés avant les prochaines fortes chaleurs ou inondations.",Tempêtes,Fondées sur la nature,CAPEX majoritaire > court terme,80 000 €,3,Court terme,6
Aider l’installation et la diversification des exploitations agricoles,"Déplacement des archives, serveurs et équipements coûteux hors des zones inondables, puis installation aux étages supérieurs avec accès sécurisé. Les pertes matérielles diminuent fortement en cas de crue ou de ruissellement intense.",Modif T° air; Stress Hydrique,Organisationnelles,Section par défaut,15 000 €,1,Moyen terme,0
Améliorer le lien ville-agriculture,"Tableau de bord mensuel avec jours de fermeture liés à la chaleur, dégâts après pluie intense, incidents fournisseurs et coûts de maintenance climatique. Les tendances repérées déclenchent des ajustements rapides avant que les fragilités ne s’aggravent.",Modif T° air,Ressources humaines,Capital humain,30 000 €,1,Court terme,7
Organiser un colloque au champ sur les innovations d’irrigation,"Formation courte des équipes exposées, avec consignes opérationnelles et exercice pratique sur site. Les personnes savent adapter leurs horaires, leurs déplacements et leurs gestes lors des fortes chaleurs.",Stress Hydrique,Ressources humaines,Capital humain,50 000 €,2,Moyen terme,7
Suivre scientifiquement les liens tourbières-climat,"Mise à jour d’une procédure interne avec responsables nommés, seuils d’alerte et test sur un site pilote. Les décisions sont plus rapides lorsque les fortes pluies et inondations menacent la continuité des activités.",Stress Hydrique; Modif T° air,Technique,OPEX main d’œuvre,250 000 €,10,Long terme,6
Conventionner les interventions sur terrains privés,"Actualisation annuelle d’une cartographie des sites exposés, en intégrant les dernières projections climatiques et les incidents déjà observés. Les bâtiments, fournisseurs et équipements les plus vulnérables sont priorisés avant les prochaines fortes chaleurs ou inondations.",Stress Hydrique,Organisationnelles,OPEX main d’œuvre,15 000 €,1,Moyen terme,0
Réaliser des tests poussés sur les sols karstiques,"Actualisation annuelle d’une cartographie des sites exposés, en intégrant les dernières projections climatiques et les incidents déjà observés. Les bâtiments, fournisseurs et équipements les plus vulnérables sont priorisés avant les prochaines fortes chaleurs ou inondations.",Stress Hydrique; Fortes pluies; Inondation nappe; Inondation pluie,Technique,OPEX main d’œuvre,50 000 €,2,Long terme,6
Organiser les réunions publiques et visites de chantier,"Équipement d’un bâtiment prioritaire avec protections physiques, capteurs de suivi et procédure de maintenance renforcée. Les usages essentiels sont mieux protégés lorsque les fortes chaleurs perturbent le site.",Stress Hydrique,Ressources humaines,Capital humain,15 000 €,1,Moyen terme,0
Concevoir un bâtiment compact sur pilotis avec enveloppe performante,"Actualisation annuelle d’une cartographie des sites exposés, en intégrant les dernières projections climatiques et les incidents déjà observés. Les bâtiments, fournisseurs et équipements les plus vulnérables sont priorisés avant les prochaines fortes chaleurs ou inondations.",Chaleur extrême; Vague de chaleur,Technique,CAPEX majoritaire > long terme,250 000 €,10,Long terme,0
Former les entreprises et usagers au bon usage du bâtiment,"Mise à jour d’une procédure interne avec responsables nommés, seuils d’alerte et test sur un site pilote. Les décisions sont plus rapides lorsque les fortes chaleurs menacent la continuité des activités.",Modif T° air; Chaleur extrême; Vague de chaleur,Ressources humaines,Capital humain,25 000 €,1,Long terme,5
Végétaliser la terrasse pour rafraîchir en été,"Formation courte des équipes exposées, avec consignes opérationnelles et exercice pratique sur site. Les personnes savent adapter leurs horaires, leurs déplacements et leurs gestes lors des fortes chaleurs.",Chaleur extrême; Vague de chaleur; Fortes pluies,Fondées sur la nature,CAPEX majoritaire > long terme,250 000 €,10,Long terme,6
"Renforcer isolation, étanchéité à l’air et récupération de chaleur","Mise à jour d’une procédure interne avec responsables nommés, seuils d’alerte et test sur un site pilote. Les décisions sont plus rapides lorsque les fortes chaleurs menacent la continuité des activités.",Vague de gel; Modif T° air; Chaleur extrême; Vague de chaleur,Technique,CAPEX majoritaire > long terme,250 000 €,10,Long terme,0
Utiliser matériaux biosourcés et recyclables,"Formation courte des équipes exposées, avec consignes opérationnelles et exercice pratique sur site. Les personnes savent adapter leurs horaires, leurs déplacements et leurs gestes lors des fortes chaleurs.",Modif T° air; Chaleur extrême,Technique,CAPEX majoritaire > long terme,250 000 €,10,Long terme,0
Préparer la ville aux sécheresses et à la raréfaction des ressources,"Mise à jour d’une procédure interne avec responsables nommés, seuils d’alerte et test sur un site pilote. Les décisions sont plus rapides lorsque les fortes chaleurs menacent la continuité des activités.",Chaleur extrême; Fortes pluies; Inondation fluviale; Stress Hydrique,Organisationnelles,OPEX main d’œuvre,50 000 €,2,Moyen terme,4
Co-construire une stratégie d’adaptation sur cinq ans,"Rénovation d’un bâtiment prioritaire avec isolation renforcée, protections solaires, ventilation nocturne et vérification des seuils d’inondation au rez-de-chaussée. Les occupants restent protégés et les activités essentielles peuvent continuer pendant les épisodes climatiques extrêmes.",Chaleur extrême; Fortes pluies; Stress Hydrique; Modif T° air,Organisationnelles,Capital humain,30 000 €,1,Moyen terme,1
Changer les représentations sur l’adaptation au climat futur,"Rénovation d’un bâtiment prioritaire avec isolation renforcée, protections solaires, ventilation nocturne et vérification des seuils d’inondation au rez-de-chaussée. Les occupants restent protégés et les activités essentielles peuvent continuer pendant les épisodes climatiques extrêmes.",Modif T° air; Chaleur extrême; Stress Hydrique; Fortes pluies,Organisationnelles,Capital humain,15 000 €,1,Moyen terme,0
Intégrer l’adaptation dans les opérations urbaines,"Installation d’un secours énergétique pour les équipements critiques, avec batteries, alimentation prioritaire et test semestriel. Les serveurs, laboratoires sensibles ou dispositifs de sécurité restent alimentés lors d’une coupure liée à une tempête ou une canicule.",Chaleur extrême; Fortes pluies; Inondation pluie,Organisationnelles,Section par défaut,250 000 €,10,Long terme,0
Créer une marque territoriale de tourisme durable,"Rénovation d’un bâtiment prioritaire avec isolation renforcée, protections solaires, ventilation nocturne et vérification des seuils d’inondation au rez-de-chaussée. Les occupants restent protégés et les activités essentielles peuvent continuer pendant les épisodes climatiques extrêmes.",Modif T° air,Organisationnelles,Capital humain,15 000 €,1,Moyen terme,0
Infléchir les pratiques territoriales agricoles et forestières,"Équipement de tous les bureaux en climatiseurs individuels, sans priorisation ni sobriété d’usage. Le confort immédiat augmente pendant les canicules, mais les consommations électriques et les rejets de chaleur renforcent la vulnérabilité du site.",Modif T° air; Stress Hydrique,Ressources humaines,Capital humain,50 000 €,2,Court terme,7
Créer un grand parc urbain îlot de fraîcheur,"Installation d’un secours énergétique pour les équipements critiques, avec batteries, alimentation prioritaire et test semestriel. Les serveurs, laboratoires sensibles ou dispositifs de sécurité restent alimentés lors d’une coupure liée à une tempête ou une canicule.",Chaleur extrême; Vague de chaleur,Fondées sur la nature,CAPEX majoritaire > long terme,250 000 €,10,Long terme,6
Sensibiliser et former aux risques climatiques,"Déplacement des archives, serveurs et équipements coûteux hors des zones inondables, puis installation aux étages supérieurs avec accès sécurisé. Les pertes matérielles diminuent fortement en cas de crue ou de ruissellement intense.",Chaleur extrême; Fortes pluies; Stress Hydrique; Inondation pluie; Modif T° air; Tempêtes; Vague de chaleur; RGA,Ressources humaines,Capital humain,30 000 €,1,Court terme,7
Adapter l’offre de produits aux nouvelles conditions climatiques,"Rénovation d’un bâtiment prioritaire avec isolation renforcée, protections solaires, ventilation nocturne et vérification des seuils d’inondation au rez-de-chaussée. Les occupants restent protégés et les activités essentielles peuvent continuer pendant les épisodes climatiques extrêmes.",Chaleur extrême; Fortes pluies; Modif T° air; Vague de chaleur; Vague de gel; Tempêtes,Technique,CAPEX majoritaire > long terme,250 000 €,10,Long terme,0
Concevoir un pôle d’échanges bioclimatique multimodal,"Rénovation d’un bâtiment prioritaire avec isolation renforcée, protections solaires, ventilation nocturne et vérification des seuils d’inondation au rez-de-chaussée. Les occupants restent protégés et les activités essentielles peuvent continuer pendant les épisodes climatiques extrêmes.",Chaleur extrême; Vague de chaleur; Vague de gel,Technique,CAPEX majoritaire > long terme,250 000 €,10,Long terme,5
Installer un dôme à double paroi ventilé,"Sélection de deux fournisseurs alternatifs pour les achats stratégiques, avec vérification de leurs plans de continuité et de l’exposition de leurs sites. Les ruptures d’approvisionnement diminuent lorsqu’une inondation ou une canicule bloque un fournisseur principal.",Chaleur extrême; Vague de gel,Technique,CAPEX majoritaire > long terme,250 000 €,10,Long terme,0
Utiliser une paroi extérieure translucide en ETFE,"Climatisation réservée aux salles serveurs, infirmeries, laboratoires sensibles et espaces d’accueil des publics fragiles. Les consignes de température sont encadrées et les autres espaces utilisent d’abord l’ombrage, la ventilation nocturne et les brasseurs d’air.",Chaleur extrême; Vague de gel,Technique,CAPEX majoritaire > long terme,250 000 €,10,Long terme,0
Mettre en place un puits canadien,"Installation d’un secours énergétique pour les équipements critiques, avec batteries, alimentation prioritaire et test semestriel. Les serveurs, laboratoires sensibles ou dispositifs de sécurité restent alimentés lors d’une coupure liée à une tempête ou une canicule.",Chaleur extrême; Vague de chaleur; Vague de gel,Technique,CAPEX majoritaire > long terme,250 000 €,10,Long terme,0
Installer clapets et tirage thermique pour évacuer l’air chaud,"Actualisation annuelle d’une cartographie des sites exposés, en intégrant les dernières projections climatiques et les incidents déjà observés. Les bâtiments, fournisseurs et équipements les plus vulnérables sont priorisés avant les prochaines fortes chaleurs ou inondations.",Chaleur extrême; Vague de chaleur,Technique,CAPEX majoritaire > court terme,50 000 €,2,Court terme,0
Modéliser thermiquement la gare avant construction,"Installation d’un secours énergétique pour les équipements critiques, avec batteries, alimentation prioritaire et test semestriel. Les serveurs, laboratoires sensibles ou dispositifs de sécurité restent alimentés lors d’une coupure liée à une tempête ou une canicule.",Chaleur extrême; Vague de gel,Technique,OPEX main d’œuvre,250 000 €,10,Long terme,0
Modeler l’espace public pour contenir les pluies rares,"Plantation d’arbres d’ombrage, création de massifs végétalisés et choix d’essences capables de supporter le climat futur local. Les cheminements et façades exposés restent plus frais, ce qui réduit l’inconfort pendant les fortes chaleurs.",Fortes pluies; Inondation pluie,Technique,CAPEX majoritaire > long terme,250 000 €,10,Long terme,1
Filtrer les eaux par infiltration lente dans sable,"Conservation d’une zone refuge non tondue, plantation de haies locales et liaison entre deux espaces verts par un corridor écologique. Les espèces trouvent des abris et peuvent se déplacer malgré la chaleur, la sécheresse ou les travaux sur le site.",Fortes pluies; Inondation pluie,Fondées sur la nature,CAPEX majoritaire > long terme,250 000 €,10,Long terme,6
Intégrer le risque climatique aux outils de planification financière,"Plantation d’arbres d’ombrage, création de massifs végétalisés et choix d’essences capables de supporter le climat futur local. Les cheminements et façades exposés restent plus frais, ce qui réduit l’inconfort pendant les fortes chaleurs.",Modif T° air; Fortes pluies; Stress Hydrique; Chaleur extrême; Tempêtes; Vague de chaleur; Vague de gel,Ressources humaines,Capital humain,50 000 €,2,Moyen terme,7
Analyser l’influence de l’ENSO sur la production de cacao,"Création de noues, bassins d’infiltration et cuves de récupération au pied des bâtiments. Les pluies intenses sont absorbées progressivement, les abords restent praticables et une réserve d’eau peut servir à l’arrosage en période sèche.",Modif T° air; Stress Hydrique; Chaleur extrême; Vague de chaleur,Technique,OPEX main d’œuvre,50 000 €,2,Moyen terme,0
Étudier l’effet de l’harmattan sur les cacaoyers,"Conservation d’une zone refuge non tondue, plantation de haies locales et liaison entre deux espaces verts par un corridor écologique. Les espèces trouvent des abris et peuvent se déplacer malgré la chaleur, la sécheresse ou les travaux sur le site.",Stress Hydrique; Chaleur extrême; Modif T° air,Technique,OPEX main d’œuvre,50 000 €,2,Moyen terme,0
Maintenir une implantation locale auprès des producteurs,"Création de noues, bassins d’infiltration et cuves de récupération au pied des bâtiments. Les pluies intenses sont absorbées progressivement, les abords restent praticables et une réserve d’eau peut servir à l’arrosage en période sèche.",Stress Hydrique; Chaleur extrême; Modif T° air,Ressources humaines,OPEX main d’œuvre,25 000 €,1,Long terme,6
Améliorer la prise de décision de l’équipe trading par l’information climatique,"Transformation d’un parking bitumé en revêtement perméable, avec noues végétalisées et fosses de plantation. L’eau s’infiltre directement sur site, les réseaux débordent moins lors des pluies intenses et le sol restitue moins de chaleur en été.",Modif T° air; Stress Hydrique; Chaleur extrême,Organisationnelles,OPEX main d’œuvre,30 000 €,1,Court terme,7
Intégrer le risque climatique dans l’analyse de matérialité RSE,"Création de noues, bassins d’infiltration et cuves de récupération au pied des bâtiments. Les pluies intenses sont absorbées progressivement, les abords restent praticables et une réserve d’eau peut servir à l’arrosage en période sèche.",Modif T° air; Stress Hydrique; Chaleur extrême; Vague de chaleur; Vague de gel,Organisationnelles,OPEX main d’œuvre,30 000 €,1,Moyen terme,0
Évaluer financièrement les effets des saisons raccourcies,"Plantation d’arbres d’ombrage, création de massifs végétalisés et choix d’essences capables de supporter le climat futur local. Les cheminements et façades exposés restent plus frais, ce qui réduit l’inconfort pendant les fortes chaleurs.",Modif T° air; Vague de gel,Financières,OPEX main d’œuvre,30 000 €,1,Moyen terme,7
Diversifier géographiquement les approvisionnements,"Remplacement de l’entretien intensif par une gestion différenciée : fauche tardive, paillage, compost local et réduction des produits chimiques. Les sols retiennent mieux l’eau, la végétation résiste davantage aux sécheresses et la biodiversité augmente.",Stress Hydrique; Fortes pluies; Inondation pluie,Organisationnelles,OPEX main d’œuvre,15 000 €,1,Moyen terme,5
Analyser l’exposition des sites et de la logistique interne aux événements extrêmes,"Remplacement de l’entretien intensif par une gestion différenciée : fauche tardive, paillage, compost local et réduction des produits chimiques. Les sols retiennent mieux l’eau, la végétation résiste davantage aux sécheresses et la biodiversité augmente.",Fortes pluies; Inondation pluie; Vague de gel; Tempêtes,Technique,OPEX main d’œuvre,50 000 €,2,Moyen terme,4
Relocaliser un centre logistique exposé à l’inondation,"Remplacement de l’entretien intensif par une gestion différenciée : fauche tardive, paillage, compost local et réduction des produits chimiques. Les sols retiennent mieux l’eau, la végétation résiste davantage aux sécheresses et la biodiversité augmente.",Inondation fluviale; Inondation pluie; Inondation nappe,Technique,CAPEX majoritaire > long terme,250 000 €,10,Long terme,0
"Créer des indicateurs transversaux entre finance, achats et logistique","Installation d’ouvrants sécurisés, de brasseurs d’air et de protections solaires extérieures dans les salles les plus exposées. Les locaux restent utilisables plus longtemps pendant les pics de chaleur, avec moins de dépendance à la climatisation.",Modif T° air; Stress Hydrique; Fortes pluies; Vague de chaleur; Vague de gel,Organisationnelles,OPEX main d’œuvre,50 000 €,2,Moyen terme,7
Développer une culture d’entreprise favorable à l’adaptation,"Installation d’un secours énergétique pour les équipements critiques, avec batteries, alimentation prioritaire et test semestriel. Les serveurs, laboratoires sensibles ou dispositifs de sécurité restent alimentés lors d’une coupure liée à une tempête ou une canicule.",Modif T° air; Stress Hydrique; Fortes pluies; Vague de chaleur,Ressources humaines,Capital humain,15 000 €,1,Moyen terme,0
Réaliser un retour d’expérience après une inondation,"Sélection de deux fournisseurs alternatifs pour les achats stratégiques, avec vérification de leurs plans de continuité et de l’exposition de leurs sites. Les ruptures d’approvisionnement diminuent lorsqu’une inondation ou une canicule bloque un fournisseur principal.",Inondation fluviale; Inondation pluie; Fortes pluies,Organisationnelles,OPEX main d’œuvre,15 000 €,1,Moyen terme,4
Mener une étude de vulnérabilité à l’inondation du réseau,"Sélection de deux fournisseurs alternatifs pour les achats stratégiques, avec vérification de leurs plans de continuité et de l’exposition de leurs sites. Les ruptures d’approvisionnement diminuent lorsqu’une inondation ou une canicule bloque un fournisseur principal.",Inondation fluviale; Inondation pluie; Inondation nappe; Fortes pluies,Technique,OPEX main d’œuvre,250 000 €,10,Long terme,4
Intégrer les risques naturels et climatiques dans l’analyse des réseaux,"Rénovation d’un bâtiment prioritaire avec isolation renforcée, protections solaires, ventilation nocturne et vérification des seuils d’inondation au rez-de-chaussée. Les occupants restent protégés et les activités essentielles peuvent continuer pendant les épisodes climatiques extrêmes.",Fortes pluies; Inondation fluviale; Inondation pluie; RGA; Chaleur extrême; Tempêtes,Organisationnelles,OPEX main d’œuvre,250 000 €,10,Long terme,7
Intégrer les SIG dès la conception des ouvrages,"Installation d’un secours énergétique pour les équipements critiques, avec batteries, alimentation prioritaire et test semestriel. Les serveurs, laboratoires sensibles ou dispositifs de sécurité restent alimentés lors d’une coupure liée à une tempête ou une canicule.",Inondation fluviale; Inondation pluie; RGA; Tempêtes; Chaleur extrême,Technique,CAPEX majoritaire > court terme,250 000 €,10,Court terme,7
Tester l’analyse de vulnérabilité climatique sur pilotes,"Actualisation annuelle d’une cartographie des sites exposés, en intégrant les dernières projections climatiques et les incidents déjà observés. Les bâtiments, fournisseurs et équipements les plus vulnérables sont priorisés avant les prochaines fortes chaleurs ou inondations.",RGA; Fortes pluies; Inondation pluie; Chaleur extrême; Tempêtes,Technique,OPEX main d’œuvre,50 000 €,2,Moyen terme,4
Développer une méthodologie de prise en compte du risque dans les cahiers des charges,"Actualisation annuelle d’une cartographie des sites exposés, en intégrant les dernières projections climatiques et les incidents déjà observés. Les bâtiments, fournisseurs et équipements les plus vulnérables sont priorisés avant les prochaines fortes chaleurs ou inondations.",Fortes pluies; Inondation pluie; RGA; Chaleur extrême; Tempêtes; Vague de chaleur; Stress Hydrique,Organisationnelles,OPEX main d’œuvre,15 000 €,1,Moyen terme,0
Sauvegarder l’expérience des agents opérationnels,"Scénario de crise testé avant l’été : bascule en télétravail, salles fraîches ouvertes, contact fournisseurs critiques et procédure de fermeture temporaire. Les équipes savent quoi faire lorsque chaleur, inondation ou tempête perturbent le fonctionnement normal.",Fortes pluies; Inondation pluie; Tempêtes; Chaleur extrême,Ressources humaines,Capital humain,50 000 €,2,Moyen terme,7
Développer une structure transverse d’expertise adaptation,"Sélection de deux fournisseurs alternatifs pour les achats stratégiques, avec vérification de leurs plans de continuité et de l’exposition de leurs sites. Les ruptures d’approvisionnement diminuent lorsqu’une inondation ou une canicule bloque un fournisseur principal.",Fortes pluies; Inondation pluie; RGA; Chaleur extrême; Tempêtes,Organisationnelles,OPEX main d’œuvre,15 000 €,1,Moyen terme,4
Améliorer la ventilation et le rafraîchissement passif,"Inscription d’un point adaptation climatique à chaque comité stratégique, avec arbitrage budgétaire et suivi des obligations réglementaires. Les décisions d’investissement tiennent compte des conditions climatiques futures plutôt que du climat passé.",Modif T° air; Chaleur extrême; Vague de chaleur; Fortes pluies; Inondation pluie; RGA; Stress Hydrique,Technique,OPEX main d’œuvre,50 000 €,2,Moyen terme,0
Accompagner les porteurs de projets par des pairs de la filière,"Adaptation des horaires pendant les canicules, bascule de certains cours ou réunions à distance et accès prioritaire aux espaces rafraîchis. Les salariés, prestataires et usagers restent protégés sans interrompre totalement les activités.",Chaleur extrême; Fortes pluies; RGA; Stress Hydrique,Ressources humaines,OPEX main d’œuvre,15 000 €,1,Moyen terme,0
Utiliser une labellisation par niveaux pour massifier l’adaptation,"Tableau de bord mensuel avec jours de fermeture liés à la chaleur, dégâts après pluie intense, incidents fournisseurs et coûts de maintenance climatique. Les tendances repérées déclenchent des ajustements rapides avant que les fragilités ne s’aggravent.",Modif T° air; Chaleur extrême; Fortes pluies; Stress Hydrique,Organisationnelles,Section par défaut,50 000 €,2,Moyen terme,7
Renforcer les compétences des professionnels du bâtiment,"Tableau de bord mensuel avec jours de fermeture liés à la chaleur, dégâts après pluie intense, incidents fournisseurs et coûts de maintenance climatique. Les tendances repérées déclenchent des ajustements rapides avant que les fragilités ne s’aggravent.",Chaleur extrême; Vague de chaleur; Fortes pluies; RGA; Stress Hydrique,Ressources humaines,Capital humain,25 000 €,1,Long terme,0
Essaimer les démarches de bâtiment durable adaptées localement,"Actualisation annuelle d’une cartographie des sites exposés, en intégrant les dernières projections climatiques et les incidents déjà observés. Les bâtiments, fournisseurs et équipements les plus vulnérables sont priorisés avant les prochaines fortes chaleurs ou inondations.",Modif T° air; Chaleur extrême; Fortes pluies; Stress Hydrique,Organisationnelles,Section par défaut,250 000 €,10,Long terme,0
Dispositifs énergétiques de secours pour assurer la continuité des activités,"Inscription d’un point adaptation climatique à chaque comité stratégique, avec arbitrage budgétaire et suivi des obligations réglementaires. Les décisions d’investissement tiennent compte des conditions climatiques futures plutôt que du climat passé.",Tempêtes; Fortes pluies; Inondation pluie; Vague de chaleur; Chaleur extrême,Ressources Techniques,CAPEX majoritaire > long terme,250 000 €,10,Long terme,0
Développer l'autoconsommation énergétique du campus et réduire la dépendance au réseau électrique,"Rénovation d’un bâtiment prioritaire avec isolation renforcée, protections solaires, ventilation nocturne et vérification des seuils d’inondation au rez-de-chaussée. Les occupants restent protégés et les activités essentielles peuvent continuer pendant les épisodes climatiques extrêmes.",Vague de chaleur; Chaleur extrême; Tempêtes; Risque sur l’approvisionnement énergétique,Ressources Techniques,CAPEX majoritaire > long terme,250 000 €,10,Long terme,0
Installation d'un système de climatisation généralisée,"Sélection de deux fournisseurs alternatifs pour les achats stratégiques, avec vérification de leurs plans de continuité et de l’exposition de leurs sites. Les ruptures d’approvisionnement diminuent lorsqu’une inondation ou une canicule bloque un fournisseur principal.",Vague de chaleur; Chaleur extrême; Modif T° air,Ressources Techniques,CAPEX majoritaire > long terme,250 000 €,10,Long terme,9
Réduction de la dépendance aux énergies fossiles,"Rénovation d’un bâtiment prioritaire avec isolation renforcée, protections solaires, ventilation nocturne et vérification des seuils d’inondation au rez-de-chaussée. Les occupants restent protégés et les activités essentielles peuvent continuer pendant les épisodes climatiques extrêmes.",Vague de chaleur; Chaleur extrême; Risque sur l’approvisionnement énergétique,Ressources Techniques,CAPEX majoritaire > long terme,250 000 €,10,Long terme,0
Déplacements des activités vers des zones plus sûres,"Rénovation d’un bâtiment prioritaire avec isolation renforcée, protections solaires, ventilation nocturne et vérification des seuils d’inondation au rez-de-chaussée. Les occupants restent protégés et les activités essentielles peuvent continuer pendant les épisodes climatiques extrêmes.",Inondation pluie; Inondation fluviale; Inondation nappe; Submersion; Retrait-gonflement des argiles,Ressources Techniques,CAPEX majoritaire > long terme,250 000 €,10,Long terme,9
Amélioration de la résilience des bâtiments du campus,"Création d’une ligne budgétaire dédiée à l’adaptation, couvrant diagnostics, travaux prioritaires et entretien renforcé. Les dépenses sont planifiées avant les dommages, ce qui évite des réparations urgentes plus coûteuses après un aléa climatique.",Vague de chaleur; Chaleur extrême; Fortes pluies; Inondation pluie; Tempêtes; Retrait-gonflement des argiles,Ressources Techniques,CAPEX majoritaire > long terme,250 000 €,10,Long terme,0
Raccordement des bâtiments au réseau de chaleur urbain,"Création d’une ligne budgétaire dédiée à l’adaptation, couvrant diagnostics, travaux prioritaires et entretien renforcé. Les dépenses sont planifiées avant les dommages, ce qui évite des réparations urgentes plus coûteuses après un aléa climatique.",Vague de chaleur; Chaleur extrême; Risque sur l’approvisionnement énergétique,Ressources Techniques,CAPEX majoritaire > long terme,250 000 €,10,Long terme,8
Les principaux fournisseurs ont mis en œuvre des solutions techniques visant l'amélioration de la robustesse de leurs sites,"Création d’une ligne budgétaire dédiée à l’adaptation, couvrant diagnostics, travaux prioritaires et entretien renforcé. Les dépenses sont planifiées avant les dommages, ce qui évite des réparations urgentes plus coûteuses après un aléa climatique.",Tous aléas climatiques; Fortes pluies; Inondation; Vague de chaleur; Tempêtes,Ressources Techniques,CAPEX majoritaire > long terme,250 000 €,10,Long terme,5
Utilisation raisonnée de la climatisation avec priorisation des espaces critiques,"Création d’une ligne budgétaire dédiée à l’adaptation, couvrant diagnostics, travaux prioritaires et entretien renforcé. Les dépenses sont planifiées avant les dommages, ce qui évite des réparations urgentes plus coûteuses après un aléa climatique.",Vague de chaleur; Chaleur extrême; Modif T° air,Ressources Techniques,OPEX énergie,50 000 €,2,Moyen terme,8
Mise en place de dispositifs de secours et d'urgence en cas d'aléas,"Lancement d’un programme pilote sur matériaux frais, sobriété hydrique et suivi des îlots de chaleur sur le campus. Les résultats orientent les futurs travaux et réduisent l’exposition des bâtiments et usagers aux aléas climatiques.",Tous aléas climatiques; Fortes pluies; Inondation; Vague de chaleur; Tempêtes,Ressources Techniques,CAPEX majoritaire > court terme,50 000 €,2,Court terme,0
Diagnostic des risques climatiques régulièrement actualisé avec une prise en compte des mises à jour scientifiques,"Session annuelle pour les équipes, agents d’accueil et responsables de site, avec consignes canicule, conduite à tenir en cas d’inondation et exercices pratiques. Les personnes concernées reconnaissent les signaux d’alerte et réagissent plus vite.",Tous aléas climatiques,Ressources Techniques,OPEX main d’œuvre,30 000 €,1,Moyen terme,4
Evaluation régulière des équipements critiques pour s'assurer qu'ils sont dimensionnés aux conditions climatiques,"Session annuelle pour les équipes, agents d’accueil et responsables de site, avec consignes canicule, conduite à tenir en cas d’inondation et exercices pratiques. Les personnes concernées reconnaissent les signaux d’alerte et réagissent plus vite.",Vague de chaleur; Chaleur extrême; Fortes pluies; Inondation; Tempêtes,Ressources Techniques,OPEX main d’œuvre,30 000 €,1,Moyen terme,1
Végétalisation du bâtiment,"Inscription d’un point adaptation climatique à chaque comité stratégique, avec arbitrage budgétaire et suivi des obligations réglementaires. Les décisions d’investissement tiennent compte des conditions climatiques futures plutôt que du climat passé.",Vague de chaleur; Chaleur extrême; Fortes pluies; Inondation pluie; Stress Hydrique,Ressources Solutions fondées sur la Nature,CAPEX majoritaire > long terme,250 000 €,10,Long terme,6
Création de nouveaux habitats naturels,"Session annuelle pour les équipes, agents d’accueil et responsables de site, avec consignes canicule, conduite à tenir en cas d’inondation et exercices pratiques. Les personnes concernées reconnaissent les signaux d’alerte et réagissent plus vite.",Vague de chaleur; Chaleur extrême; Fortes pluies; Stress Hydrique; Érosion de la biodiversité,Ressources Solutions fondées sur la Nature,CAPEX majoritaire > long terme,250 000 €,10,Long terme,6
Renforcement de la trame végétale du campus,"Tableau de bord mensuel avec jours de fermeture liés à la chaleur, dégâts après pluie intense, incidents fournisseurs et coûts de maintenance climatique. Les tendances repérées déclenchent des ajustements rapides avant que les fragilités ne s’aggravent.",Vague de chaleur; Chaleur extrême; Fortes pluies; Inondation pluie; Stress Hydrique,Ressources Solutions fondées sur la Nature,CAPEX majoritaire > long terme,250 000 €,10,Long terme,9
Gestion intégrée des eaux pluviales,"Rénovation d’un bâtiment prioritaire avec isolation renforcée, protections solaires, ventilation nocturne et vérification des seuils d’inondation au rez-de-chaussée. Les occupants restent protégés et les activités essentielles peuvent continuer pendant les épisodes climatiques extrêmes.",Fortes pluies; Inondation pluie; Inondation fluviale; Inondation nappe,Ressources Solutions fondées sur la Nature,CAPEX majoritaire > long terme,250 000 €,10,Long terme,6
Conservation des habitats existants pour la biodiversité,"Organisation d’un exercice commun avec la commune, les voisins, les services de secours et les gestionnaires de réseaux. Les informations, lieux refuges et moyens matériels sont partagés plus vite lors d’un épisode extrême.",Vague de chaleur; Chaleur extrême; Stress Hydrique; Tempêtes; Érosion de la biodiversité,Ressources Solutions fondées sur la Nature,OPEX majoritaire > main d’œuvre,250 000 €,10,Moyen terme,6
Création de corridors écologiques pour le déplacement des espèces,"Installation d’un secours énergétique pour les équipements critiques, avec batteries, alimentation prioritaire et test semestriel. Les serveurs, laboratoires sensibles ou dispositifs de sécurité restent alimentés lors d’une coupure liée à une tempête ou une canicule.",Vague de chaleur; Chaleur extrême; Stress Hydrique; Érosion de la biodiversité,Ressources Solutions fondées sur la Nature,CAPEX majoritaire > long terme,250 000 €,10,Long terme,6
Renaturation des circulations hydriques,"Inscription d’un point adaptation climatique à chaque comité stratégique, avec arbitrage budgétaire et suivi des obligations réglementaires. Les décisions d’investissement tiennent compte des conditions climatiques futures plutôt que du climat passé.",Fortes pluies; Inondation pluie; Inondation fluviale; Stress Hydrique,Ressources Solutions fondées sur la Nature,CAPEX majoritaire > long terme,250 000 €,10,Long terme,6
"Désimperméabilisation des parkings avec des parcelles ""éponge""",,Fortes pluies; Inondation pluie; Vague de chaleur; Chaleur extrême,Ressources Solutions fondées sur la Nature,CAPEX majoritaire > long terme,250 000 €,10,Long terme,6
Création de points d'eau permanents,,Vague de chaleur; Chaleur extrême; Stress Hydrique; Érosion de la biodiversité,Ressources Solutions fondées sur la Nature,CAPEX majoritaire > long terme,250 000 €,10,Long terme,6
Choix d'essences végétales adaptées au futur climat local,,Vague de chaleur; Chaleur extrême; Stress Hydrique; Modif T° air,Ressources Solutions fondées sur la Nature,OPEX main d’œuvre,30 000 €,1,Moyen terme,6
Restauration écologiques des sols dégradés,,Fortes pluies; Inondation pluie; Stress Hydrique; Vague de chaleur,Ressources Solutions fondées sur la Nature,CAPEX majoritaire > long terme,250 000 €,10,Long terme,6
Réduction des intrants chimiques dans la gestion,,Stress Hydrique; Fortes pluies; Érosion de la biodiversité,Ressources Solutions fondées sur la Nature,OPEX main d’œuvre,15 000 €,1,Moyen terme,6
Gestion différenciée et écologique des espaces verts,,Vague de chaleur; Chaleur extrême; Stress Hydrique; Érosion de la biodiversité,Ressources Solutions fondées sur la Nature,OPEX main d’œuvre,25 000 €,1,Long terme,6
Déploiement de solutions de ventilation naturelles dans les bâtiments,,Vague de chaleur; Chaleur extrême; Modif T° air,Ressources Solutions fondées sur la Nature,CAPEX majoritaire > long terme,250 000 €,10,Long terme,6
Mise en place de protocoles d'urgence et de gestion de crfise climatique,,Tous aléas climatiques; Vague de chaleur; Inondation; Tempêtes,Ressources Organisationnelles,OPEX main d’œuvre,15 000 €,1,Moyen terme,5
Diversification des fournisseurs stratégiques,,Tous aléas climatiques; Risques sur la chaîne d’approvisionnement,Ressources Organisationnelles,OPEX main d’œuvre,15 000 €,1,Moyen terme,5
Engager un dialogue avec ses principaux fournisseurs sur la résilience de leurs sites,,Tous aléas climatiques; Risques sur la chaîne d’approvisionnement,Ressources Organisationnelles,OPEX main d’œuvre,15 000 €,1,Moyen terme,5
Politique de maintenance des bâtiments intégrant les risques climatiques,,Vague de chaleur; Chaleur extrême; Fortes pluies; Inondation; Tempêtes,Ressources Organisationnelles,OPEX majoritaire - main d’œuvre,50 000 €,2,Long terme,1
Etablissement de règles de maintenance des équipements critique en prenant en compte les aléas,,Tous aléas climatiques; Vague de chaleur; Inondation; Tempêtes,Ressources Organisationnelles,OPEX main d’œuvre,30 000 €,1,Moyen terme,0
Politique de gestion des conditions de travail des employés prenant en compte les risques climatiques,,Vague de chaleur; Chaleur extrême; Tous aléas climatiques,Ressources Organisationnelles,Capital humain,25 000 €,1,Long terme,0
Politique de gestion des conditions de travail des prestataires prenant en compte les risques climatiques,,Vague de chaleur; Chaleur extrême; Tous aléas climatiques,Ressources Organisationnelles,Capital humain,25 000 €,1,Long terme,5
Analyse regulière et mise à jour des dépendances critiques et des risques climatiques associés,,Tous aléas climatiques; Risques sur la chaîne d’approvisionnement,Ressources Organisationnelles,OPEX main d’œuvre,30 000 €,1,Moyen terme,1
Plan de continuité pédagogique / scientifique et administrative,,Tous aléas climatiques; Inondation; Vague de chaleur; Tempêtes,Ressources Organisationnelles,OPEX majoritaire - main d’œuvre,50 000 €,2,Long terme,0
Dialogue avec les fournisseurs et distributeurs sur la résilience de l'approvisionnement face aux aléas,,Tous aléas climatiques; Risques sur la chaîne d’approvisionnement,Ressources Organisationnelles,OPEX main d’œuvre,15 000 €,1,Moyen terme,5
Collaboration avec les acteurs de territoire sur les stratégies et méthodes,,Tous aléas climatiques,Ressources Organisationnelles,OPEX main d’œuvre,15 000 €,1,Moyen terme,3
Relocalisation des équipements et activités essentiels aux étages supérieurs,,Inondation pluie; Inondation fluviale; Inondation nappe; Submersion,Ressources Organisationnelles,CAPEX majoritaire > long terme,250 000 €,10,Long terme,0
Flexibiliser les pratiques d’organisation d'enseignement,,Vague de chaleur; Chaleur extrême; Inondation; Tempêtes,Ressources Organisationnelles,OPEX main d’œuvre,15 000 €,1,Moyen terme,0
Apprentissage à partir des retours d’expérience des entreprises du secteur,,Tous aléas climatiques,Ressources Organisationnelles,Capital humain,15 000 €,1,Moyen terme,3
Mise en place d'indicateurs de suivi / d'outils et de méthodologies,,Tous aléas climatiques,Ressources Organisationnelles,Section par défaut,50 000 €,2,Long terme,7
Priorisation des risques climatiques selon les horizons temporels,,Tous aléas climatiques,Ressources Organisationnelles,OPEX main d’œuvre,30 000 €,1,Moyen terme,2
Alignement avec les normes et réglementation liées à l'adaptation climatique,,Tous aléas climatiques,Ressources Organisationnelles,OPEX main d’œuvre,30 000 €,1,Moyen terme,0
Alignement des investissements immobiliers et scientifiques avec les risques climatiques futurs,,Tous aléas climatiques; Vague de chaleur; Inondation; Tempêtes,Ressources Financières,CAPEX majoritaire > long terme,250 000 €,10,Long terme,8
Prise en comptes dans la gestion financière des surcoûts d'approvisionnement induits par des dommages sur les sites de ses principaux fournisseurs,,Tous aléas climatiques; Risques sur la chaîne d’approvisionnement,Ressources Financières,OPEX majoritaire – section par défaut,50 000 €,2,Long terme,0
Couverture assurantielle adaptée aux risques pesant sur les bâtiments / laboratoires et continuité d’activité,,Tous aléas climatiques; Inondation; Tempêtes; Vague de chaleur,Ressources Financières,OPEX majoritaire – section par défaut,50 000 €,2,Long terme,5
Plan de financement dédié à la résilience des infrastructures,,Tous aléas climatiques,Ressources Financières,CAPEX majoritaire > long terme,250 000 €,10,Long terme,0
Mobilisation des financements publics,,Tous aléas climatiques,Ressources Financières,OPEX main d’œuvre,30 000 €,6,Moyen terme,0
Évaluation économique des besoins d’adaptation et des coûts de l’inaction,,Tous aléas climatiques,Ressources Financières,OPEX main d’œuvre,50 000 €,10,Moyen terme,0
Recherche de financements pour maintenir et soutenir les activités très exposées,,Tous aléas climatiques; Inondation; Vague de chaleur; Tempêtes,Ressources Financières,OPEX main d’œuvre,30 000 €,6,Moyen terme,9
Quantité pertinente et suffisante de ressources financières,,Tous aléas climatiques,Ressources Financières,Section par défaut,50 000 €,10,Long terme,0
Programmes de recherche et d’innovation alignés avec les enjeux d’adaptation,,Tous aléas climatiques,Ressources Financières,OPEX main d’œuvre,50 000 €,10,Long terme,0
Promotion des comportements individuels adaptés face aux fortes chaleurs,,Vague de chaleur; Chaleur extrême,Ressources Humaines,Capital humain,15 000 €,5,Court terme,0
Sensibilisation et formation de collaborateurs continue avec une mise à jour des informations,,Tous aléas climatiques; Vague de chaleur; Inondation; Tempêtes,Ressources Humaines,Capital humain,25 000 €,8,Long terme,10
Inscription de l’adaptation climatique dans les instances et agendas stratégiques,,Tous aléas climatiques,Ressources Humaines,OPEX main d’œuvre,15 000 €,5,Moyen terme,2
Montée en compétences des équipes en interne sur les enjeux avec recours à une expertise externe si besoin,,Tous aléas climatiques,Ressources Humaines,Capital humain,30 000 €,10,Court terme,10
Les personnes responsables de la mise en place et du suivi du plan d'adaptation ont été identifiées,,Tous aléas climatiques,Ressources Humaines,OPEX main d’œuvre,15 000 €,6,Court terme,10
Communication aux usagers des bâtiments des risques et des conduites à tenir en cas d'aléa,,Tous aléas climatiques; Vague de chaleur; Inondation; Tempêtes,Ressources Humaines,Capital humain,15 000 €,6,Court terme,5
Renforcement des solidarités et des réseaux d’entraide,,Tous aléas climatiques; Vague de chaleur; Inondation; Tempêtes,Ressources Humaines,Capital humain,15 000 €,6,Moyen terme,3
Former aux dispositifs de secours mis en place et aux bons gestes du personnel et des usagers,,Tous aléas climatiques; Vague de chaleur; Inondation; Tempêtes,Ressources Humaines,Capital humain,25 000 €,10,Court terme,10
Le pilotage sur l'adaptation se fait à haut niveau avec une direction formée et les questions d'adaptation sont dans l'agenda stratégique,,Tous aléas climatiques,Ressources Humaines,OPEX main d’œuvre,15 000 €,10,Moyen terme,10