Titre de l’action d’adaptation,Exemple,Aléa climatique visé,Catégorie ressources,Catégorie entreprise,Prix,Prix crédit,Temps,Score
Concevoir les trames vertes et bleues comme infrastructures de rafraîchissement,"Plantation d’arbres d’ombrage, création de massifs végétalisés et choix d’essences capables de supporter le climat futur local. Les cheminements et façades exposés restent plus frais, ce qui réduit l’inconfort pendant les fortes chaleurs.",Vague de chaleur; Chaleur extrême; Modif T° air; Fortes pluies; Inondation pluie; Tempêtes; Stress Hydrique; Inondation fluviale,Solutions fondées sur la nature,CAPEX majoritaire > long terme,250 000 €,10,Long terme,6
Désimperméabiliser et renaturer les sols,"Transformation d’un parking bitumé en revêtement perméable, avec noues végétalisées et fosses de plantation. L’eau s’infiltre directement sur site, les réseaux débordent moins lors des pluies intenses et le sol restitue moins de chaleur en été.",Fortes pluies; Inondation pluie; Inondation fluviale; Inondation nappe; Vague de chaleur; Chaleur extrême; Stress Hydrique,Solutions fondées sur la nature,CAPEX majoritaire > long terme,250 000 €,10,Long terme,6
Gérer durablement les eaux pluviales,"Création de noues, bassins d’infiltration et cuves de récupération au pied des bâtiments. Les pluies intenses sont absorbées progressivement, les abords restent praticables et une réserve d’eau peut servir à l’arrosage en période sèche.",Fortes pluies; Inondation pluie; Inondation fluviale; Inondation nappe; Stress Hydrique; Vague de chaleur; Chaleur extrême; Non listé: feu,Technique,CAPEX majoritaire > long terme,250 000 €,10,Long terme,6
Préserver et restaurer les continuités écologiques,"Conservation d’une zone refuge non tondue, plantation de haies locales et liaison entre deux espaces verts par un corridor écologique. Les espèces trouvent des abris et peuvent se déplacer malgré la chaleur, la sécheresse ou les travaux sur le site.",Vague de chaleur; Chaleur extrême; Stress Hydrique; Fortes pluies; Inondation pluie; Inondation fluviale; Modif T° air; Biodiversité,Solutions fondées sur la nature,CAPEX majoritaire > long terme,250 000 €,10,Long terme,6
Libre évolution des friches en espaces boisés,"Conservation d’une zone refuge non tondue, plantation de haies locales et liaison entre deux espaces verts par un corridor écologique. Les espèces trouvent des abris et peuvent se déplacer malgré la chaleur, la sécheresse ou les travaux sur le site.",Vague de chaleur; Chaleur extrême; Fortes pluies; Inondation pluie; Stress Hydrique; Modif T° air,Solutions fondées sur la nature,CAPEX majoritaire > long terme,250 000 €,10,Long terme,6
Conservation des habitats existants pour la biodiversité,"Conservation d’une zone refuge non tondue, plantation de haies locales et liaison entre deux espaces verts par un corridor écologique. Les espèces trouvent des abris et peuvent se déplacer malgré la chaleur, la sécheresse ou les travaux sur le site.",Vague de chaleur; Chaleur extrême; Stress Hydrique; Tempêtes; Érosion de la biodiversité,Solutions fondées sur la nature,OPEX majoritaire > main d’œuvre,250 000 €,10,Moyen terme,6
Application de la séquence ERC,"Mise à jour d’une procédure interne avec responsables nommés, seuils d’alerte et test sur un site pilote. Les décisions sont plus rapides lorsque les fortes chaleurs menacent la continuité des activités.",Fortes pluies; Inondation fluviale; Inondation nappe; Inondation pluie; Modif T° air; RGA; Stress Hydrique; Chaleur extrême; Tempêtes; Vague de chaleur; Vague de gel,Organisationnelles,Section par défaut,50 000 €,2,Long terme,0
Diversification des espèces plantées,"Conservation d’une zone refuge non tondue, plantation de haies locales et liaison entre deux espaces verts par un corridor écologique. Les espèces trouvent des abris et peuvent se déplacer malgré la chaleur, la sécheresse ou les travaux sur le site.",Modif T° air; Vague de chaleur; Chaleur extrême; Stress Hydrique; Vague de gel; RGA,Solutions fondées sur la nature,CAPEX majoritaire > long terme,250 000 €,10,Long terme,6
Programmer un équipement sportif adapté au climat futur,"Rénovation d’un bâtiment prioritaire avec isolation renforcée, protections solaires, ventilation nocturne et vérification des seuils d’inondation au rez-de-chaussée. Les occupants restent protégés et les activités essentielles peuvent continuer pendant les épisodes climatiques extrêmes.",Modif T° air; Vague de chaleur; Chaleur extrême; Stress Hydrique; Vague de gel; RGA; Fortes pluies; Inondation pluie,Technique,CAPEX majoritaire > long terme,250 000 €,10,Long terme,0
Préservation des connectivités écologiques,"Aménagement d’un espace pilote avec végétation locale, sol perméable et suivi de l’eau disponible. Le site gagne en fraîcheur, absorbe mieux les pluies et devient plus résistant face aux fortes chaleurs.",Fortes pluies; Inondation pluie; Modif T° air; Stress Hydrique; Vague de chaleur; Tempêtes,Solutions fondées sur la nature,CAPEX majoritaire > long terme,250 000 €,10,Long terme,6
Diagnostic écologique quatre saisons,"Actualisation annuelle d’une cartographie des sites exposés, en intégrant les dernières projections climatiques et les incidents déjà observés. Les bâtiments, fournisseurs et équipements les plus vulnérables sont priorisés avant les prochaines fortes chaleurs ou inondations.",Fortes pluies; Inondation fluviale; Inondation nappe; Inondation pluie; Modif T° air; RGA; Stress Hydrique; Chaleur extrême; Tempêtes; Vague de chaleur; Vague de gel,Solutions fondées sur la nature,CAPEX majoritaire > court terme,80 000 €,3,Court terme,6
Mobilisation précoce d’un écologue,"Mise à jour d’une procédure interne avec responsables nommés, seuils d’alerte et test sur un site pilote. Les décisions sont plus rapides lorsque les fortes chaleurs menacent la continuité des activités.",Fortes pluies; Inondation pluie; Modif T° air; Stress Hydrique; Vague de chaleur; Tempêtes,Organisationnelles,OPEX majoritaire > main d’œuvre,15 000 €,1,Court terme,0
Mobilisation d’un paysagiste,"Formation courte des équipes exposées, avec consignes opérationnelles et exercice pratique sur site. Les personnes savent adapter leurs horaires, leurs déplacements et leurs gestes lors des fortes chaleurs.",Modif T° air; Vague de chaleur; Chaleur extrême; Stress Hydrique; Tempêtes,Humaines,OPEX majoritaire > main d’œuvre,15 000 €,1,Court terme,0
Création et diversification d’espaces naturels,"Aménagement d’un espace pilote avec végétation locale, sol perméable et suivi de l’eau disponible. Le site gagne en fraîcheur, absorbe mieux les pluies et devient plus résistant face aux fortes chaleurs.",Vague de chaleur; Chaleur extrême; Fortes pluies; Inondation pluie; Stress Hydrique; Biodiversité,Solutions fondées sur la nature,CAPEX majoritaire > long terme,250 000 €,10,Long terme,6
Choix d’essences locales et diversifiées,"Aménagement d’un espace pilote avec végétation locale, sol perméable et suivi de l’eau disponible. Le site gagne en fraîcheur, absorbe mieux les pluies et devient plus résistant face aux fortes chaleurs.",Modif T° air; Vague de chaleur; Chaleur extrême; Stress Hydrique; Vague de gel,Solutions fondées sur la nature,CAPEX majoritaire > long terme,250 000 €,10,Long terme,6
Adapter la végétation et les espaces verts,"Remplacement de l’entretien intensif par une gestion différenciée : fauche tardive, paillage, compost local et réduction des produits chimiques. Les sols retiennent mieux l’eau, la végétation résiste davantage aux sécheresses et la biodiversité augmente.",Vague de chaleur; Chaleur extrême; Modif T° air; Vague de gel; RGA; Stress Hydrique; Tempêtes; Inondation fluviale; Inondation pluie; Inondation nappe; Non listé: feu; Biodiversité,Solutions fondées sur la nature,CAPEX majoritaire > long terme,250 000 €,10,Long terme,6
Création de passages pour la faune,"Aménagement d’un espace pilote avec végétation locale, sol perméable et suivi de l’eau disponible. Le site gagne en fraîcheur, absorbe mieux les pluies et devient plus résistant face aux fortes chaleurs.",Modif T° air; Fortes pluies; Inondation pluie,Solutions fondées sur la nature,CAPEX majoritaire > long terme,250 000 €,10,Long terme,6
Développer des toitures végétalisées,"Aménagement d’un espace pilote avec végétation locale, sol perméable et suivi de l’eau disponible. Le site gagne en fraîcheur, absorbe mieux les pluies et devient plus résistant face aux fortes chaleurs.",Vague de chaleur; Chaleur extrême; Fortes pluies; Inondation pluie,Solutions fondées sur la nature,CAPEX majoritaire > long terme,250 000 €,10,Long terme,6
Organiser une plantation citoyenne d’arbres et d’arbustes locaux,"Plantation d’arbres d’ombrage, création de massifs végétalisés et choix d’essences capables de supporter le climat futur local. Les cheminements et façades exposés restent plus frais, ce qui réduit l’inconfort pendant les fortes chaleurs.",Vague de chaleur; Chaleur extrême; Modif T° air; Tempêtes; Stress Hydrique; Fortes pluies; Inondation pluie,Solutions fondées sur la nature,CAPEX majoritaire > long terme,250 000 €,10,Long terme,6
Orienter le bâtiment et les espaces,"Rénovation d’un bâtiment prioritaire avec isolation renforcée, protections solaires, ventilation nocturne et vérification des seuils d’inondation au rez-de-chaussée. Les occupants restent protégés et les activités essentielles peuvent continuer pendant les épisodes climatiques extrêmes.",Tempêtes; Vague de chaleur; Chaleur extrême; Modif T° air; RGA; Stress Hydrique; Inondation fluviale; Inondation pluie; Inondation nappe; Non listé: feu,Solutions fondées sur la nature,CAPEX majoritaire > long terme,250 000 €,10,Long terme,6
Végétaliser la façade,"Aménagement d’un espace pilote avec végétation locale, sol perméable et suivi de l’eau disponible. Le site gagne en fraîcheur, absorbe mieux les pluies et devient plus résistant face aux fortes chaleurs.",Vague de chaleur; Chaleur extrême; Modif T° air; Stress Hydrique; Inondation fluviale; Inondation pluie; Inondation nappe; Fortes pluies,Solutions fondées sur la nature,CAPEX majoritaire > long terme,250 000 €,10,Long terme,6
Jardins de pluie et parcelles éponges,"Transformation d’un parking bitumé en revêtement perméable, avec noues végétalisées et fosses de plantation. L’eau s’infiltre directement sur site, les réseaux débordent moins lors des pluies intenses et le sol restitue moins de chaleur en été.",Fortes pluies; Inondation pluie; Inondation fluviale; Inondation nappe; Stress Hydrique,Technique,CAPEX majoritaire > long terme,250 000 €,10,Long terme,6
Noues à biefs indépendants en pente,"Création de noues, bassins d’infiltration et cuves de récupération au pied des bâtiments. Les pluies intenses sont absorbées progressivement, les abords restent praticables et une réserve d’eau peut servir à l’arrosage en période sèche.",Fortes pluies; Inondation pluie; Inondation fluviale,Technique,CAPEX majoritaire > long terme,250 000 €,10,Long terme,0
Conservation des eaux en surface,"Équipement d’un bâtiment prioritaire avec protections physiques, capteurs de suivi et procédure de maintenance renforcée. Les usages essentiels sont mieux protégés lorsque les fortes pluies et inondations perturbent le site.",Fortes pluies; Inondation pluie; Inondation fluviale; Stress Hydrique,Technique,CAPEX majoritaire > long terme,250 000 €,10,Long terme,0
Restaurer le fonctionnement naturel des cours d’eau,"Aménagement d’un espace pilote avec végétation locale, sol perméable et suivi de l’eau disponible. Le site gagne en fraîcheur, absorbe mieux les pluies et devient plus résistant face aux fortes chaleurs.",Fortes pluies; Inondation fluviale; Inondation pluie; Inondation nappe; Stress Hydrique; Tempêtes; Submersion marine; Vague de chaleur; Chaleur extrême,Solutions fondées sur la nature,CAPEX majoritaire > long terme,250 000 €,10,Long terme,6
Réduire les consommations d’eau,"Équipement d’un bâtiment prioritaire avec protections physiques, capteurs de suivi et procédure de maintenance renforcée. Les usages essentiels sont mieux protégés lorsque les sécheresse perturbent le site.",Stress Hydrique; Biodiversité,Technique,CAPEX majoritaire > long terme,250 000 €,10,Long terme,6
Phasage du chantier selon les rythmes biologiques,"Aménagement d’un espace pilote avec végétation locale, sol perméable et suivi de l’eau disponible. Le site gagne en fraîcheur, absorbe mieux les pluies et devient plus résistant face aux fortes chaleurs.",Modif T° air; Fortes pluies; Vague de chaleur; Tempêtes; Biodiversité,Solutions fondées sur la nature,CAPEX majoritaire > court terme,80 000 €,3,Court terme,6
Désimperméabiliser des berges,"Transformation d’un parking bitumé en revêtement perméable, avec noues végétalisées et fosses de plantation. L’eau s’infiltre directement sur site, les réseaux débordent moins lors des pluies intenses et le sol restitue moins de chaleur en été.",Modif T° air; Vague de chaleur; Fortes pluies; Inondation pluie; Inondation fluviale; Inondation nappe,Solutions fondées sur la nature,CAPEX majoritaire > long terme,250 000 €,10,Long terme,6
Protection de la végétation et des arbres remarquables,"Plantation d’arbres d’ombrage, création de massifs végétalisés et choix d’essences capables de supporter le climat futur local. Les cheminements et façades exposés restent plus frais, ce qui réduit l’inconfort pendant les fortes chaleurs.",Tempêtes; Vague de chaleur; Stress Hydrique; Modif T° air,Technique,OPEX majoritaire > main d’œuvre,250 000 €,10,Moyen terme,0
Protection des sols pendant le chantier,"Équipement d’un bâtiment prioritaire avec protections physiques, capteurs de suivi et procédure de maintenance renforcée. Les usages essentiels sont mieux protégés lorsque les fortes pluies et inondations perturbent le site.",Fortes pluies; Inondation pluie; Inondation fluviale; Stress Hydrique,Technique,OPEX majoritaire > main d’œuvre,50 000 €,2,Long terme,0
Améliorer la ventilation et le rafraîchissement passif,"Installation d’ouvrants sécurisés, de brasseurs d’air et de protections solaires extérieures dans les salles les plus exposées. Les locaux restent utilisables plus longtemps pendant les pics de chaleur, avec moins de dépendance à la climatisation.",Stress Hydrique; Fortes pluies; Modif T° air; Submersion marine; Tempêtes; Inondation fluviale,Solutions fondées sur la nature,CAPEX majoritaire > long terme,250 000 €,10,Long terme,6
Conservation de la terre végétale excédentaire,"Aménagement d’un espace pilote avec végétation locale, sol perméable et suivi de l’eau disponible. Le site gagne en fraîcheur, absorbe mieux les pluies et devient plus résistant face aux fortes pluies et inondations.",Stress Hydrique; Fortes pluies; Inondation pluie,Solutions fondées sur la nature,OPEX majoritaire > main d’œuvre,80 000 €,3,Moyen terme,6
Analyser l’exposition climatique de la chaîne d’approvisionnement,"Actualisation annuelle d’une cartographie des sites exposés, en intégrant les dernières projections climatiques et les incidents déjà observés. Les bâtiments, fournisseurs et équipements les plus vulnérables sont priorisés avant les prochaines fortes chaleurs ou inondations.",Modif T° air; Stress Hydrique; Vague de chaleur; Fortes pluies; Inondation fluviale; Inondation nappe; Inondation pluie; RGA; Chaleur extrême; Tempêtes; Vague de gel,Solutions fondées sur la nature,OPEX majoritaire > main d’œuvre,80 000 €,3,Long terme,6
Développer la gestion naturaliste des espaces végétalisés,"Aménagement d’un espace pilote avec végétation locale, sol perméable et suivi de l’eau disponible. Le site gagne en fraîcheur, absorbe mieux les pluies et devient plus résistant face aux fortes chaleurs.",Vague de chaleur; Chaleur extrême; Modif T° air; Biodiversité; Stress Hydrique,Solutions fondées sur la nature,OPEX majoritaire > main d’œuvre,80 000 €,3,Long terme,6
Libre évolution et taille raisonnée,"Conservation d’une zone refuge non tondue, plantation de haies locales et liaison entre deux espaces verts par un corridor écologique. Les espèces trouvent des abris et peuvent se déplacer malgré la chaleur, la sécheresse ou les travaux sur le site.",Vague de chaleur; Chaleur extrême; Stress Hydrique; Modif T° air,Solutions fondées sur la nature,OPEX majoritaire > main d’œuvre,80 000 €,3,Moyen terme,6
Entretenir les espaces extérieurs de montagne,"Aménagement d’un espace pilote avec végétation locale, sol perméable et suivi de l’eau disponible. Le site gagne en fraîcheur, absorbe mieux les pluies et devient plus résistant face aux fortes chaleurs.",Vague de chaleur; Chaleur extrême; Stress Hydrique; Feux de forêt; Enneigement; Mouvements de terrain,Solutions fondées sur la nature,OPEX majoritaire > main d’œuvre,80 000 €,3,Long terme,6
Réduction des intrants d’entretien,"Mise à jour d’une procédure interne avec responsables nommés, seuils d’alerte et test sur un site pilote. Les décisions sont plus rapides lorsque les fortes chaleurs menacent la continuité des activités.",Stress Hydrique; Modif T° air; Vague de chaleur,Organisationnelles,OPEX majoritaire > main d’œuvre,15 000 €,1,Moyen terme,0
Renaturation par régénération spontanée,"Aménagement d’un espace pilote avec végétation locale, sol perméable et suivi de l’eau disponible. Le site gagne en fraîcheur, absorbe mieux les pluies et devient plus résistant face aux fortes chaleurs.",Vague de chaleur; Chaleur extrême; Stress Hydrique; Fortes pluies; Inondation pluie,Solutions fondées sur la nature,CAPEX majoritaire > long terme,250 000 €,10,Long terme,6
Phytomanagement des sites dégradés,"Aménagement d’un espace pilote avec végétation locale, sol perméable et suivi de l’eau disponible. Le site gagne en fraîcheur, absorbe mieux les pluies et devient plus résistant face aux fortes chaleurs.",Stress Hydrique; Fortes pluies; Inondation pluie; Modif T° air,Solutions fondées sur la nature,CAPEX majoritaire > long terme,250 000 €,10,Long terme,6
Génie pédologique,"Aménagement d’un espace pilote avec végétation locale, sol perméable et suivi de l’eau disponible. Le site gagne en fraîcheur, absorbe mieux les pluies et devient plus résistant face aux fortes pluies et inondations.",Stress Hydrique; Fortes pluies; Inondation pluie; Inondation nappe,Solutions fondées sur la nature,CAPEX majoritaire > long terme,250 000 €,10,Long terme,6
Installer un talus en enrochement atténuateur de houle,"Aménagement d’un espace pilote avec végétation locale, sol perméable et suivi de l’eau disponible. Le site gagne en fraîcheur, absorbe mieux les pluies et devient plus résistant face aux fortes pluies et inondations.",Fortes pluies; Inondation fluviale; Inondation pluie; Tempêtes,Solutions fondées sur la nature,CAPEX majoritaire > long terme,250 000 €,10,Long terme,6
Dépollution par phytotechnologies,"Aménagement d’un espace pilote avec végétation locale, sol perméable et suivi de l’eau disponible. Le site gagne en fraîcheur, absorbe mieux les pluies et devient plus résistant face aux fortes pluies et inondations.",Stress Hydrique; Fortes pluies; Inondation pluie,Solutions fondées sur la nature,CAPEX majoritaire > long terme,250 000 €,10,Long terme,6
Diagnostic local des impacts climatiques,"Actualisation annuelle d’une cartographie des sites exposés, en intégrant les dernières projections climatiques et les incidents déjà observés. Les bâtiments, fournisseurs et équipements les plus vulnérables sont priorisés avant les prochaines fortes chaleurs ou inondations.",Fortes pluies; Inondation fluviale; Inondation nappe; Inondation pluie; Modif T° air; RGA; Stress Hydrique; Chaleur extrême; Tempêtes; Vague de chaleur; Vague de gel,Organisationnelles,OPEX majoritaire > main d’œuvre,30 000 €,1,Moyen terme,7
Évaluation initiale des écosystèmes,"Mise à jour d’une procédure interne avec responsables nommés, seuils d’alerte et test sur un site pilote. Les décisions sont plus rapides lorsque les fortes chaleurs menacent la continuité des activités.",Fortes pluies; Inondation pluie; Modif T° air; Stress Hydrique; Vague de chaleur; Tempêtes; Chaleur extrême; RGA; Inondation fluviale; Inondation nappe; Non listé: feu,Organisationnelles,OPEX majoritaire > main d’œuvre,50 000 €,2,Moyen terme,0
Dimensionner les équipements pour les pics climatiques futurs,"Équipement d’un bâtiment prioritaire avec protections physiques, capteurs de suivi et procédure de maintenance renforcée. Les usages essentiels sont mieux protégés lorsque les fortes chaleurs perturbent le site.",Fortes pluies; Inondation fluviale; Inondation nappe; Inondation pluie; Modif T° air; RGA; Stress Hydrique; Chaleur extrême; Tempêtes; Vague de chaleur; Vague de gel,Technique,CAPEX majoritaire > long terme,250 000 €,10,Long terme,0
Diffuser des documents sectoriels de sensibilisation aux risques climatiques,"Actualisation annuelle d’une cartographie des sites exposés, en intégrant les dernières projections climatiques et les incidents déjà observés. Les bâtiments, fournisseurs et équipements les plus vulnérables sont priorisés avant les prochaines fortes chaleurs ou inondations.",Fortes pluies; Inondation fluviale; Inondation nappe; Inondation pluie; Modif T° air; RGA; Stress Hydrique; Chaleur extrême; Tempêtes; Vague de chaleur; Vague de gel,Humaines,Capital humain,30 000 €,1,Moyen terme,10
Structurer la stratégie d’adaptation climatique,"Inscription d’un point adaptation climatique à chaque comité stratégique, avec arbitrage budgétaire et suivi des obligations réglementaires. Les décisions d’investissement tiennent compte des conditions climatiques futures plutôt que du climat passé.",Fortes pluies; Inondation fluviale; Inondation nappe; Inondation pluie; Modif T° air; RGA; Stress Hydrique; Chaleur extrême; Tempêtes; Vague de chaleur; Vague de gel,Technique,CAPEX majoritaire > court terme,50 000 €,2,Court terme,10
Sensibiliser et former aux risques climatiques,"Actualisation annuelle d’une cartographie des sites exposés, en intégrant les dernières projections climatiques et les incidents déjà observés. Les bâtiments, fournisseurs et équipements les plus vulnérables sont priorisés avant les prochaines fortes chaleurs ou inondations.",Fortes pluies; Inondation fluviale; Inondation nappe; Inondation pluie; Modif T° air; RGA; Stress Hydrique; Chaleur extrême; Tempêtes; Vague de chaleur; Vague de gel; Tous aléas climatiques,Technique,Capital humain,250 000 €,10,Long terme,10
Utiliser un outil d’aide au choix des essences arborées,"Équipement d’un bâtiment prioritaire avec protections physiques, capteurs de suivi et procédure de maintenance renforcée. Les usages essentiels sont mieux protégés lorsque les fortes chaleurs perturbent le site.",Modif T° air; Vague de chaleur; Chaleur extrême; Stress Hydrique; Vague de gel,Technique,OPEX majoritaire > main d’œuvre,50 000 €,2,Long terme,7
Aménager un campus résilient et végétalisé,"Rénovation d’un bâtiment prioritaire avec isolation renforcée, protections solaires, ventilation nocturne et vérification des seuils d’inondation au rez-de-chaussée. Les occupants restent protégés et les activités essentielles peuvent continuer pendant les épisodes climatiques extrêmes.",Vague de chaleur; Chaleur extrême; Stress Hydrique; Modif T° air,Solutions fondées sur la nature,OPEX majoritaire > main d’œuvre,250 000 €,10,Long terme,6
Intégrer une stratégie de renaturation au PLUi,"Inscription d’un point adaptation climatique à chaque comité stratégique, avec arbitrage budgétaire et suivi des obligations réglementaires. Les décisions d’investissement tiennent compte des conditions climatiques futures plutôt que du climat passé.",Vague de chaleur; Chaleur extrême; Fortes pluies; Inondation pluie; Stress Hydrique; Modif T° air,Solutions fondées sur la nature,CAPEX majoritaire > long terme,250 000 €,10,Long terme,10
Transformer une cour d’école en îlot de fraîcheur,"Aménagement d’un espace pilote avec végétation locale, sol perméable et suivi de l’eau disponible. Le site gagne en fraîcheur, absorbe mieux les pluies et devient plus résistant face aux fortes chaleurs.",Vague de chaleur; Chaleur extrême; Modif T° air; Fortes pluies; Inondation pluie; Stress Hydrique,Solutions fondées sur la nature,CAPEX majoritaire > long terme,250 000 €,10,Long terme,10
Lancer la dynamique d’adaptation et gouverner le diagnostic,"Actualisation annuelle d’une cartographie des sites exposés, en intégrant les dernières projections climatiques et les incidents déjà observés. Les bâtiments, fournisseurs et équipements les plus vulnérables sont priorisés avant les prochaines fortes chaleurs ou inondations.",Tous aléas climatiques,Organisationnelles,Capital humain,30 000 €,1,Moyen terme,7
Définir le périmètre d’analyse du site commercial,"Actualisation annuelle d’une cartographie des sites exposés, en intégrant les dernières projections climatiques et les incidents déjà observés. Les bâtiments, fournisseurs et équipements les plus vulnérables sont priorisés avant les prochaines fortes chaleurs ou inondations.",Tous aléas climatiques,Organisationnelles,Capital humain,30 000 €,1,Moyen terme,0
Analyser l’historique des aléas et sinistres déjà subis,"Actualisation annuelle d’une cartographie des sites exposés, en intégrant les dernières projections climatiques et les incidents déjà observés. Les bâtiments, fournisseurs et équipements les plus vulnérables sont priorisés avant les prochaines fortes chaleurs ou inondations.",Tous aléas climatiques,Organisationnelles,Capital humain,30 000 €,1,Moyen terme,0
Analyser les facteurs de prédisposition du site,"Actualisation annuelle d’une cartographie des sites exposés, en intégrant les dernières projections climatiques et les incidents déjà observés. Les bâtiments, fournisseurs et équipements les plus vulnérables sont priorisés avant les prochaines fortes chaleurs ou inondations.",Inondation nappe; Inondation pluie; RGA; Chaleur extrême; Tempêtes,Technique,CAPEX majoritaire > long terme,250 000 €,10,Long terme,0
Évaluer régulièrement la vulnérabilité des équipements,"Actualisation annuelle d’une cartographie des sites exposés, en intégrant les dernières projections climatiques et les incidents déjà observés. Les bâtiments, fournisseurs et équipements les plus vulnérables sont priorisés avant les prochaines fortes chaleurs ou inondations.",Tous aléas climatiques; Modif T° air; Chaleur extrême; Stress Hydrique; Fortes pluies; Inondation fluviale; Inondation pluie; Inondation nappe; Tempêtes; Vague de gel; Vague de chaleur; RGA,Technique,CAPEX majoritaire > long terme,250 000 €,10,Long terme,7
Quantifier les coûts financiers des impacts climatiques,"Création d’une ligne budgétaire dédiée à l’adaptation, couvrant diagnostics, travaux prioritaires et entretien renforcé. Les dépenses sont planifiées avant les dommages, ce qui évite des réparations urgentes plus coûteuses après un aléa climatique.",Tous aléas climatiques; Fortes pluies; Inondation fluviale; Inondation pluie; Modif T° air; Stress Hydrique; Chaleur extrême; Tempêtes; Vague de chaleur,Financières,OPEX majoritaire > main d’œuvre,15 000 €,1,Moyen terme,0
Renforcer la continuité d’activité en situation de crise,"Scénario de crise testé avant l’été : bascule en télétravail, salles fraîches ouvertes, contact fournisseurs critiques et procédure de fermeture temporaire. Les équipes savent quoi faire lorsque chaleur, inondation ou tempête perturbent le fonctionnement normal.",Tous aléas climatiques; Tempêtes; Vague de chaleur; Fortes pluies; Inondation pluie; Vague de gel; Chaleur extrême; Modif T° air; Inondation fluviale; Inondation nappe; Stress Hydrique; Non listé: feu; Non listé: submersion marine,Organisationnelles,CAPEX majoritaire > long terme,250 000 €,10,Long terme,2
Prévenir la mal-adaptation dans le choix des solutions,"Mise à jour d’une procédure interne avec responsables nommés, seuils d’alerte et test sur un site pilote. Les décisions sont plus rapides lorsque les fortes chaleurs menacent la continuité des activités.",Tous aléas climatiques; Chaleur extrême; Vague de chaleur; Stress Hydrique; Modif T° air,Organisationnelles,Capital humain,30 000 €,1,Moyen terme,0
Choisir l’outil d’adaptation selon le niveau de maturité,"Mise à jour d’une procédure interne avec responsables nommés, seuils d’alerte et test sur un site pilote. Les décisions sont plus rapides lorsque les tous aléas climatiques menacent la continuité des activités.",Tous aléas climatiques,Organisationnelles,Capital humain,50 000 €,2,Moyen terme,7
Réaliser des visites terrain pour fiabiliser les préconisations,"Formation courte des équipes exposées, avec consignes opérationnelles et exercice pratique sur site. Les personnes savent adapter leurs horaires, leurs déplacements et leurs gestes lors des fortes chaleurs.",Tous aléas climatiques; Inondation fluviale; Inondation pluie; Tempêtes; Vague de chaleur,Humaines,OPEX majoritaire > main d’œuvre,30 000 €,1,Court terme,0
Établir un score brut et net de risque climatique,"Équipement d’un bâtiment prioritaire avec protections physiques, capteurs de suivi et procédure de maintenance renforcée. Les usages essentiels sont mieux protégés lorsque les tous aléas climatiques perturbent le site.",Tous aléas climatiques,Technique,Capital humain,50 000 €,2,Moyen terme,0
Chiffrer les CAPEX et OPEX d’adaptation,"Réservation d’un budget annuel pour les diagnostics, travaux prioritaires et réparations préventives. Les investissements sont déclenchés avant les dégâts majeurs liés aux tous aléas climatiques, ce qui réduit les interruptions et les surcoûts.",Tous aléas climatiques,Financières,Capital humain,30 000 €,1,Moyen terme,0
Mettre en place des outils de prévention et de surveillance,"Tableau de bord mensuel avec jours de fermeture liés à la chaleur, dégâts après pluie intense, incidents fournisseurs et coûts de maintenance climatique. Les tendances repérées déclenchent des ajustements rapides avant que les fragilités ne s’aggravent.",Inondation nappe; Inondation pluie; Fortes pluies; Inondation fluviale; RGA; Stress Hydrique; Chaleur extrême; Tempêtes; Vague de chaleur,Technique,CAPEX majoritaire > court terme,50 000 €,2,Court terme,7
Étendre les audits de vulnérabilité à des sites représentatifs,"Actualisation annuelle d’une cartographie des sites exposés, en intégrant les dernières projections climatiques et les incidents déjà observés. Les bâtiments, fournisseurs et équipements les plus vulnérables sont priorisés avant les prochaines fortes chaleurs ou inondations.",Tous aléas climatiques,Organisationnelles,Capital humain,50 000 €,2,Moyen terme,0
Structurer un référentiel interne d’actions d’adaptation,"Formation courte des équipes exposées, avec consignes opérationnelles et exercice pratique sur site. Les personnes savent adapter leurs horaires, leurs déplacements et leurs gestes lors des fortes chaleurs.",Tous aléas climatiques; Stress Hydrique; Vague de chaleur; Chaleur extrême,Humaines,Capital humain,250 000 €,10,Long terme,0
Outiller la prise de décision pour un plan d’investissement global,"Réservation d’un budget annuel pour les diagnostics, travaux prioritaires et réparations préventives. Les investissements sont déclenchés avant les dégâts majeurs liés aux tous aléas climatiques, ce qui réduit les interruptions et les surcoûts.",Tous aléas climatiques,Financières,Capital humain,50 000 €,2,Moyen terme,7
Intégrer l’adaptation dans la stratégie immobilière de long terme,"Rénovation d’un bâtiment prioritaire avec isolation renforcée, protections solaires, ventilation nocturne et vérification des seuils d’inondation au rez-de-chaussée. Les occupants restent protégés et les activités essentielles peuvent continuer pendant les épisodes climatiques extrêmes.",Tous aléas climatiques,Organisationnelles,Capital humain,30 000 €,1,Moyen terme,10
Utiliser l’évaluation du risque climatique en prospection foncière,"Réservation d’un budget annuel pour les diagnostics, travaux prioritaires et réparations préventives. Les investissements sont déclenchés avant les dégâts majeurs liés aux fortes chaleurs, ce qui réduit les interruptions et les surcoûts.",Inondation pluie; Fortes pluies; Chaleur extrême; Tempêtes; RGA; Tous aléas climatiques,Financières,CAPEX majoritaire > long terme,250 000 €,10,Long terme,0
Écarter les implantations trop vulnérables,"Réservation d’un budget annuel pour les diagnostics, travaux prioritaires et réparations préventives. Les investissements sont déclenchés avant les dégâts majeurs liés aux tous aléas climatiques, ce qui réduit les interruptions et les surcoûts.",Tous aléas climatiques,Financières,Capital humain,250 000 €,10,Long terme,0
Inscrire l’adaptation comme complément de la décarbonation,"Mise à jour d’une procédure interne avec responsables nommés, seuils d’alerte et test sur un site pilote. Les décisions sont plus rapides lorsque les fortes chaleurs menacent la continuité des activités.",Tous aléas climatiques; Fortes pluies; Inondation fluviale; Inondation nappe; Inondation pluie; Modif T° air; RGA; Stress Hydrique; Chaleur extrême; Tempêtes; Vague de chaleur; Vague de gel,Organisationnelles,Capital humain,15 000 €,1,Moyen terme,0
Corréler les résultats d’un diagnostic standard avec la vulnérabilité réelle du magasin,"Actualisation annuelle d’une cartographie des sites exposés, en intégrant les dernières projections climatiques et les incidents déjà observés. Les bâtiments, fournisseurs et équipements les plus vulnérables sont priorisés avant les prochaines fortes chaleurs ou inondations.",Tous aléas climatiques,Technique,Capital humain,50 000 €,2,Moyen terme,7
Identifier les sites les plus vulnérables à l’inondation,"Équipement d’un bâtiment prioritaire avec protections physiques, capteurs de suivi et procédure de maintenance renforcée. Les usages essentiels sont mieux protégés lorsque les fortes pluies et inondations perturbent le site.",Inondation fluviale; Inondation pluie; Inondation nappe; Fortes pluies,Technique,Capital humain,50 000 €,2,Moyen terme,0
Adapter les ouvrages aux mouvements de terrain,"Équipement d’un bâtiment prioritaire avec protections physiques, capteurs de suivi et procédure de maintenance renforcée. Les usages essentiels sont mieux protégés lorsque les fortes pluies et inondations perturbent le site.",Inondation fluviale; Inondation pluie; Inondation nappe; Non listé: submersion marine; Submersion marine,Technique,CAPEX majoritaire > long terme,250 000 €,10,Long terme,0
Créer un POMSE pour la gestion des risques climatiques,"Actualisation annuelle d’une cartographie des sites exposés, en intégrant les dernières projections climatiques et les incidents déjà observés. Les bâtiments, fournisseurs et équipements les plus vulnérables sont priorisés avant les prochaines fortes chaleurs ou inondations.",Tous aléas climatiques,Organisationnelles,OPEX majoritaire > main d’œuvre,30 000 €,1,Moyen terme,0
Organiser un exercice inondation annuel,"Formation courte des équipes exposées, avec consignes opérationnelles et exercice pratique sur site. Les personnes savent adapter leurs horaires, leurs déplacements et leurs gestes lors des fortes pluies et inondations.",Inondation fluviale; Inondation pluie; Inondation nappe,Humaines,OPEX majoritaire > main d’œuvre,15 000 €,1,Moyen terme,0
Installer des affiches de sensibilisation aux risques,"Session annuelle pour les équipes, agents d’accueil et responsables de site, avec consignes canicule, conduite à tenir en cas d’inondation et exercices pratiques. Les personnes concernées reconnaissent les signaux d’alerte et réagissent plus vite.",Tous aléas climatiques,Humaines,CAPEX majoritaire > court terme,50 000 €,2,Court terme,10
Entretenir les dispositifs d’évacuation des eaux pluviales,"Création de noues, bassins d’infiltration et cuves de récupération au pied des bâtiments. Les pluies intenses sont absorbées progressivement, les abords restent praticables et une réserve d’eau peut servir à l’arrosage en période sèche.",Fortes pluies; Inondation pluie; RGA,Technique,CAPEX majoritaire > long terme,250 000 €,10,Long terme,6
Redimensionner les réseaux d’eaux pluviales avec les acteurs publics,"Création de noues, bassins d’infiltration et cuves de récupération au pied des bâtiments. Les pluies intenses sont absorbées progressivement, les abords restent praticables et une réserve d’eau peut servir à l’arrosage en période sèche.",Fortes pluies; Inondation pluie,Organisationnelles,CAPEX majoritaire > long terme,250 000 €,10,Long terme,6
Intégrer les alternatives à la voiture dans les documents de planification,"Mise à jour d’une procédure interne avec responsables nommés, seuils d’alerte et test sur un site pilote. Les décisions sont plus rapides lorsque les fortes chaleurs menacent la continuité des activités.",Tous aléas climatiques; Modif T° air; Chaleur extrême,Organisationnelles,Capital humain,30 000 €,1,Moyen terme,0
Construire un dialogue régulier avec collectivités et services techniques,"Mise à jour d’une procédure interne avec responsables nommés, seuils d’alerte et test sur un site pilote. Les décisions sont plus rapides lorsque les fortes chaleurs menacent la continuité des activités.",Tous aléas climatiques; Chaleur extrême; Vague de chaleur; Inondation fluviale; Tempêtes; Vague de gel,Organisationnelles,Capital humain,15 000 €,1,Moyen terme,3
Mutualiser les solutions entre sites voisins,"Mise à jour d’une procédure interne avec responsables nommés, seuils d’alerte et test sur un site pilote. Les décisions sont plus rapides lorsque les fortes chaleurs menacent la continuité des activités.",Fortes pluies; Inondation pluie; Vague de chaleur; Chaleur extrême,Organisationnelles,CAPEX majoritaire > long terme,250 000 €,10,Long terme,0
Anticiper la gestion de crise et capitaliser sur les retours d’expérience,"Tableau de bord mensuel avec jours de fermeture liés à la chaleur, dégâts après pluie intense, incidents fournisseurs et coûts de maintenance climatique. Les tendances repérées déclenchent des ajustements rapides avant que les fragilités ne s’aggravent.",Tous aléas climatiques; Fortes pluies; Inondation fluviale; Inondation pluie; Tempêtes; Vague de chaleur,Organisationnelles,OPEX majoritaire > main d’œuvre,15 000 €,1,Moyen terme,0
Inclure copropriétaires et locataires dans la gouvernance du plan,"Mise à jour d’une procédure interne avec responsables nommés, seuils d’alerte et test sur un site pilote. Les décisions sont plus rapides lorsque les tous aléas climatiques menacent la continuité des activités.",Tous aléas climatiques,Organisationnelles,CAPEX majoritaire > long terme,250 000 €,10,Long terme,0
Analyser les dépendances logistiques critiques,"Actualisation annuelle d’une cartographie des sites exposés, en intégrant les dernières projections climatiques et les incidents déjà observés. Les bâtiments, fournisseurs et équipements les plus vulnérables sont priorisés avant les prochaines fortes chaleurs ou inondations.",Fortes pluies; Inondation pluie; Tempêtes; Vague de chaleur; Vague de gel; Inondation fluviale,Organisationnelles,Capital humain,30 000 €,1,Moyen terme,0
Relocaliser les activités économiques hors zones hydrauliquement contraintes,"Déplacement des archives, serveurs et équipements coûteux hors des zones inondables, puis installation aux étages supérieurs avec accès sécurisé. Les pertes matérielles diminuent fortement en cas de crue ou de ruissellement intense.",Inondation fluviale; Inondation pluie; Fortes pluies; Tempêtes; Submersion marine,Organisationnelles,CAPEX majoritaire > long terme,250 000 €,10,Long terme,0
Co-construire la réhabilitation d’une zone commerciale inondable,"Équipement d’un bâtiment prioritaire avec protections physiques, capteurs de suivi et procédure de maintenance renforcée. Les usages essentiels sont mieux protégés lorsque les fortes chaleurs perturbent le site.",Inondation fluviale; Inondation pluie; Fortes pluies; Chaleur extrême,Technique,CAPEX majoritaire > long terme,250 000 €,10,Long terme,0
Renaturer les zones commerciales exposées,"Aménagement d’un espace pilote avec végétation locale, sol perméable et suivi de l’eau disponible. Le site gagne en fraîcheur, absorbe mieux les pluies et devient plus résistant face aux fortes chaleurs.",Fortes pluies; Inondation pluie; Vague de chaleur; Stress Hydrique; Chaleur extrême,Solutions fondées sur la nature,CAPEX majoritaire > long terme,250 000 €,10,Long terme,6
Créer des conditions d’interconnaissance entre acteurs économiques,"Mise à jour d’une procédure interne avec responsables nommés, seuils d’alerte et test sur un site pilote. Les décisions sont plus rapides lorsque les tous aléas climatiques menacent la continuité des activités.",Tous aléas climatiques,Organisationnelles,OPEX majoritaire > main d’œuvre,30 000 €,1,Moyen terme,0
Raccorder certains équipements de preneurs aux installations collectives du centre,"Équipement d’un bâtiment prioritaire avec protections physiques, capteurs de suivi et procédure de maintenance renforcée. Les usages essentiels sont mieux protégés lorsque les fortes chaleurs perturbent le site.",Vague de chaleur; Chaleur extrême; Vague de gel,Technique,CAPEX majoritaire > long terme,250 000 €,10,Long terme,0
Évaluer la vulnérabilité des activités touristiques,"Actualisation annuelle d’une cartographie des sites exposés, en intégrant les dernières projections climatiques et les incidents déjà observés. Les bâtiments, fournisseurs et équipements les plus vulnérables sont priorisés avant les prochaines fortes chaleurs ou inondations.",Tous aléas climatiques,Organisationnelles,CAPEX majoritaire > long terme,250 000 €,10,Long terme,7
Récupérer et réutiliser les eaux non conventionnelles,"Équipement d’un bâtiment prioritaire avec protections physiques, capteurs de suivi et procédure de maintenance renforcée. Les usages essentiels sont mieux protégés lorsque les fortes chaleurs perturbent le site.",Stress Hydrique; Fortes pluies; Inondation pluie; Vague de chaleur; Chaleur extrême; Modif T° air; Inondation fluviale; Inondation nappe,Technique,CAPEX majoritaire > court terme,250 000 €,10,Long terme,0
Installer une géothermie basse température,"Équipement d’un bâtiment prioritaire avec protections physiques, capteurs de suivi et procédure de maintenance renforcée. Les usages essentiels sont mieux protégés lorsque les fortes chaleurs perturbent le site.",Vague de chaleur; Chaleur extrême; Vague de gel; Modif T° air,Technique,CAPEX majoritaire > long terme,250 000 €,10,Long terme,0
Végétaliser les toitures et façades des magasins,"Aménagement d’un espace pilote avec végétation locale, sol perméable et suivi de l’eau disponible. Le site gagne en fraîcheur, absorbe mieux les pluies et devient plus résistant face aux fortes chaleurs.",Vague de chaleur; Chaleur extrême; Fortes pluies; Inondation pluie,Solutions fondées sur la nature,CAPEX majoritaire > long terme,250 000 €,10,Long terme,6
Créer des parkings végétalisés et infiltrants,"Transformation d’un parking bitumé en revêtement perméable, avec noues végétalisées et fosses de plantation. L’eau s’infiltre directement sur site, les réseaux débordent moins lors des pluies intenses et le sol restitue moins de chaleur en été.",Vague de chaleur; Chaleur extrême; Fortes pluies; Inondation pluie; Inondation nappe,Solutions fondées sur la nature,CAPEX majoritaire > long terme,250 000 €,10,Long terme,6
Investir dans un groupe électrogène après un sinistre,"Équipement d’un bâtiment prioritaire avec protections physiques, capteurs de suivi et procédure de maintenance renforcée. Les usages essentiels sont mieux protégés lorsque les fortes chaleurs perturbent le site.",Tempêtes; Vague de chaleur; Fortes pluies; Inondation pluie; Chaleur extrême; Modif T° air; Inondation fluviale; Inondation nappe; Stress Hydrique; Non listé: feu; Non listé: submersion marine,Technique,CAPEX majoritaire > long terme,250 000 €,10,Long terme,0
Mettre en place un contrat d’entretien des onduleurs,"Équipement d’un bâtiment prioritaire avec protections physiques, capteurs de suivi et procédure de maintenance renforcée. Les usages essentiels sont mieux protégés lorsque les fortes chaleurs perturbent le site.",Tempêtes; Fortes pluies; Inondation pluie; Vague de chaleur,Technique,OPEX majoritaire > énergie,50 000 €,2,Court terme,0
Créer une procédure de crise multi-blocage,"Scénario de crise testé avant l’été : bascule en télétravail, salles fraîches ouvertes, contact fournisseurs critiques et procédure de fermeture temporaire. Les équipes savent quoi faire lorsque chaleur, inondation ou tempête perturbent le fonctionnement normal.",Tempêtes; Fortes pluies; Inondation pluie; Vague de gel,Organisationnelles,OPEX majoritaire > main d’œuvre,15 000 €,1,Moyen terme,0
Prévoir des moyens de téléphonie satellitaire,"Équipement d’un bâtiment prioritaire avec protections physiques, capteurs de suivi et procédure de maintenance renforcée. Les usages essentiels sont mieux protégés lorsque les fortes pluies et inondations perturbent le site.",Tempêtes; Inondation pluie; Inondation fluviale; Vague de gel,Technique,CAPEX majoritaire > court terme,50 000 €,2,Court terme,0
Renforcer la coordination avec les autorités locales en cas de circulation interdite,"Mise à jour d’une procédure interne avec responsables nommés, seuils d’alerte et test sur un site pilote. Les décisions sont plus rapides lorsque les fortes pluies et inondations menacent la continuité des activités.",Tempêtes; Inondation pluie; Inondation fluviale; Vague de gel,Organisationnelles,OPEX majoritaire > main d’œuvre,15 000 €,1,Moyen terme,0
Installer des bennes et organiser l’évacuation des denrées sinistrées,"Mise à jour d’une procédure interne avec responsables nommés, seuils d’alerte et test sur un site pilote. Les décisions sont plus rapides lorsque les fortes chaleurs menacent la continuité des activités.",Tempêtes; Vague de chaleur; Inondation pluie,Organisationnelles,CAPEX majoritaire > court terme,50 000 €,2,Court terme,0
Réviser les contrats d’assurance à l’aune des sinistres climatiques,"Création d’une ligne budgétaire dédiée à l’adaptation, couvrant diagnostics, travaux prioritaires et entretien renforcé. Les dépenses sont planifiées avant les dommages, ce qui évite des réparations urgentes plus coûteuses après un aléa climatique.",Tous aléas climatiques; RGA; Mouvements de terrain,Financières,Capital humain,25 000 €,1,Moyen terme,1
Reconnaître les investissements de prévention dans le dialogue assurantiel,"Création d’une ligne budgétaire dédiée à l’adaptation, couvrant diagnostics, travaux prioritaires et entretien renforcé. Les dépenses sont planifiées avant les dommages, ce qui évite des réparations urgentes plus coûteuses après un aléa climatique.",Tous aléas climatiques,Financières,Capital humain,25 000 €,1,Moyen terme,3
Créer une gouvernance climat transverse au niveau du groupe,"Mise à jour d’une procédure interne avec responsables nommés, seuils d’alerte et test sur un site pilote. Les décisions sont plus rapides lorsque les fortes chaleurs menacent la continuité des activités.",Tous aléas climatiques; Vague de chaleur; Chaleur extrême; RGA; Inondation pluie; Vague de gel,Organisationnelles,Capital humain,50 000 €,2,Moyen terme,0
Isoler les bâtis touristiques,"Équipement d’un bâtiment prioritaire avec protections physiques, capteurs de suivi et procédure de maintenance renforcée. Les usages essentiels sont mieux protégés lorsque les fortes chaleurs perturbent le site.",Vague de chaleur; Chaleur extrême; Modif T° air,Technique,CAPEX majoritaire > long terme,250 000 €,10,Long terme,0
Poser des membranes blanches ou toitures réfléchissantes,"Équipement d’un bâtiment prioritaire avec protections physiques, capteurs de suivi et procédure de maintenance renforcée. Les usages essentiels sont mieux protégés lorsque les fortes chaleurs perturbent le site.",Vague de chaleur; Chaleur extrême; Tempêtes,Technique,CAPEX majoritaire > long terme,250 000 €,10,Long terme,0
Poser des tôles anti-grêle sur les lanterneaux,"Équipement d’un bâtiment prioritaire avec protections physiques, capteurs de suivi et procédure de maintenance renforcée. Les usages essentiels sont mieux protégés lorsque les fortes pluies et inondations perturbent le site.",Tempêtes; Fortes pluies,Technique,CAPEX majoritaire > long terme,250 000 €,10,Long terme,0
Protéger les personnes face aux fortes chaleurs,"Formation courte des équipes exposées, avec consignes opérationnelles et exercice pratique sur site. Les personnes savent adapter leurs horaires, leurs déplacements et leurs gestes lors des fortes chaleurs.",Vague de chaleur; Chaleur extrême; Vague de gel,Humaines,CAPEX majoritaire > court terme,250 000 €,10,Court terme,0
Élaborer un cahier des charges de construction résilient,"Formation courte des équipes exposées, avec consignes opérationnelles et exercice pratique sur site. Les personnes savent adapter leurs horaires, leurs déplacements et leurs gestes lors des fortes chaleurs.",Tous aléas climatiques; Vague de chaleur; Chaleur extrême,Humaines,Capital humain,250 000 €,10,Long terme,0
Déployer une stratégie d’adaptation pays par pays,"Inscription d’un point adaptation climatique à chaque comité stratégique, avec arbitrage budgétaire et suivi des obligations réglementaires. Les décisions d’investissement tiennent compte des conditions climatiques futures plutôt que du climat passé.",Tous aléas climatiques,Financières,Capital humain,30 000 €,1,Moyen terme,10
Créer des îlots de fraîcheur par densification des espaces verts,"Plantation d’arbres d’ombrage, création de massifs végétalisés et choix d’essences capables de supporter le climat futur local. Les cheminements et façades exposés restent plus frais, ce qui réduit l’inconfort pendant les fortes chaleurs.",Vague de chaleur; Fortes pluies; Inondation pluie; Stress Hydrique; Chaleur extrême; Modif T° air,Solutions fondées sur la nature,Capital humain,250 000 €,10,Long terme,6
Fournir aux adhérents des référentiels et repères économiques communs,"Mise à jour d’une procédure interne avec responsables nommés, seuils d’alerte et test sur un site pilote. Les décisions sont plus rapides lorsque les tous aléas climatiques menacent la continuité des activités.",Tous aléas climatiques,Organisationnelles,Capital humain,50 000 €,2,Moyen terme,0
"Prioriser les actions selon efficacité, faisabilité et acceptabilité","Mise à jour d’une procédure interne avec responsables nommés, seuils d’alerte et test sur un site pilote. Les décisions sont plus rapides lorsque les tous aléas climatiques menacent la continuité des activités.",Tous aléas climatiques,Organisationnelles,Capital humain,15 000 €,1,Moyen terme,0
Mesurer l’efficacité par retours d’expérience et indicateurs,"Tableau de bord mensuel avec jours de fermeture liés à la chaleur, dégâts après pluie intense, incidents fournisseurs et coûts de maintenance climatique. Les tendances repérées déclenchent des ajustements rapides avant que les fragilités ne s’aggravent.",Tous aléas climatiques,Organisationnelles,OPEX majoritaire > énergie,30 000 €,1,Moyen terme,7
Limiter le recours unique à la climatisation,"Climatisation limitée aux espaces critiques, avec consignes de température, horaires d’usage et suivi des consommations. Les activités sensibles restent possibles pendant les canicules sans surcharger inutilement le réseau électrique.",Vague de chaleur; Chaleur extrême; Modif T° air,Solutions fondées sur la nature,CAPEX majoritaire > long terme,250 000 €,10,Long terme,6
Planter des arbres autour des magasins avec fosses de rétention,"Plantation d’arbres d’ombrage, création de massifs végétalisés et choix d’essences capables de supporter le climat futur local. Les cheminements et façades exposés restent plus frais, ce qui réduit l’inconfort pendant les fortes chaleurs.",Vague de chaleur; Chaleur extrême; Fortes pluies; Inondation pluie; Stress Hydrique; Modif T° air; Tempêtes; Inondation fluviale; Inondation nappe,Solutions fondées sur la nature,CAPEX majoritaire > long terme,250 000 €,10,Long terme,6
Dimensionner la gestion des eaux pluviales sur la parcelle,"Création de noues, bassins d’infiltration et cuves de récupération au pied des bâtiments. Les pluies intenses sont absorbées progressivement, les abords restent praticables et une réserve d’eau peut servir à l’arrosage en période sèche.",Fortes pluies; Inondation pluie; Inondation nappe; Inondation fluviale,Technique,CAPEX majoritaire > long terme,250 000 €,10,Long terme,6
Créer des ombrages et noues sur les parkings,"Transformation d’un parking bitumé en revêtement perméable, avec noues végétalisées et fosses de plantation. L’eau s’infiltre directement sur site, les réseaux débordent moins lors des pluies intenses et le sol restitue moins de chaleur en été.",Vague de chaleur; Chaleur extrême; Fortes pluies; Inondation pluie,Solutions fondées sur la nature,CAPEX majoritaire > long terme,250 000 €,10,Long terme,6
Suivre la variabilité météo pour piloter les ventes et les stocks,"Mise à jour d’une procédure interne avec responsables nommés, seuils d’alerte et test sur un site pilote. Les décisions sont plus rapides lorsque les fortes chaleurs menacent la continuité des activités.",Tempêtes; Inondation pluie; Inondation fluviale; Fortes pluies; Modif T° air; Vague de chaleur; Vague de gel,Organisationnelles,CAPEX majoritaire > court terme,50 000 €,2,Court terme,0
Remplacer temporairement les productions en laboratoire par des produits prêts à l’emploi,"Rénovation d’un bâtiment prioritaire avec isolation renforcée, protections solaires, ventilation nocturne et vérification des seuils d’inondation au rez-de-chaussée. Les occupants restent protégés et les activités essentielles peuvent continuer pendant les épisodes climatiques extrêmes.",Vague de chaleur; Tempêtes; Fortes pluies; Chaleur extrême,Organisationnelles,OPEX majoritaire > main d’œuvre,15 000 €,1,Moyen terme,0
Installer des dispositifs de brumisation et d’arrosage par eau de pluie en toiture,"Équipement d’un bâtiment prioritaire avec protections physiques, capteurs de suivi et procédure de maintenance renforcée. Les usages essentiels sont mieux protégés lorsque les fortes chaleurs perturbent le site.",Vague de chaleur; Chaleur extrême; Stress Hydrique,Technique,CAPEX majoritaire > court terme,250 000 €,10,Court terme,0
Aérer la nuit et brasser l’air via les ventelles de désenfumage,"Mise à jour d’une procédure interne avec responsables nommés, seuils d’alerte et test sur un site pilote. Les décisions sont plus rapides lorsque les fortes chaleurs menacent la continuité des activités.",Vague de chaleur; Chaleur extrême,Organisationnelles,OPEX majoritaire > énergie,15 000 €,1,Moyen terme,0
Sensibiliser les salariés au risque de déshydratation,"Formation courte des équipes exposées, avec consignes opérationnelles et exercice pratique sur site. Les personnes savent adapter leurs horaires, leurs déplacements et leurs gestes lors des fortes chaleurs.",Vague de chaleur; Chaleur extrême,Humaines,Capital humain,25 000 €,1,Long terme,0
Installer un film réfléchissant sur verrière,"Équipement d’un bâtiment prioritaire avec protections physiques, capteurs de suivi et procédure de maintenance renforcée. Les usages essentiels sont mieux protégés lorsque les fortes chaleurs perturbent le site.",Vague de chaleur; Chaleur extrême,Technique,CAPEX majoritaire > court terme,250 000 €,10,Long terme,0
Renouveler les centrales de traitement d’air,"Équipement d’un bâtiment prioritaire avec protections physiques, capteurs de suivi et procédure de maintenance renforcée. Les usages essentiels sont mieux protégés lorsque les fortes chaleurs perturbent le site.",Vague de chaleur; Chaleur extrême; Modif T° air,Technique,CAPEX majoritaire > long terme,250 000 €,10,Long terme,0
Améliorer l’isolation des entrepôts et remplacer les sas de quais,"Équipement d’un bâtiment prioritaire avec protections physiques, capteurs de suivi et procédure de maintenance renforcée. Les usages essentiels sont mieux protégés lorsque les fortes chaleurs perturbent le site.",Vague de chaleur; Chaleur extrême; Vague de gel; Tempêtes; Submersion marine,Technique,CAPEX majoritaire > long terme,250 000 €,10,Long terme,0
Utiliser des pompes à chaleur à faibles émissions,"Équipement d’un bâtiment prioritaire avec protections physiques, capteurs de suivi et procédure de maintenance renforcée. Les usages essentiels sont mieux protégés lorsque les fortes chaleurs perturbent le site.",Modif T° air; Vague de chaleur; Vague de gel; Chaleur extrême,Technique,CAPEX majoritaire > long terme,250 000 €,10,Long terme,0
Reprendre les pentes de voirie vers les noues et places drainantes,"Création de noues, bassins d’infiltration et cuves de récupération au pied des bâtiments. Les pluies intenses sont absorbées progressivement, les abords restent praticables et une réserve d’eau peut servir à l’arrosage en période sèche.",Fortes pluies; Inondation pluie,Technique,CAPEX majoritaire > long terme,250 000 €,10,Long terme,0
Élaborer un plan ORSEC marchandises,"Mise à jour d’une procédure interne avec responsables nommés, seuils d’alerte et test sur un site pilote. Les décisions sont plus rapides lorsque les fortes chaleurs menacent la continuité des activités.",Tempêtes; Inondation pluie; Vague de chaleur,Organisationnelles,OPEX majoritaire > main d’œuvre,30 000 €,1,Moyen terme,0
Renforcer la redondance des approvisionnements,"Sélection de deux fournisseurs alternatifs pour les achats stratégiques, avec vérification de leurs plans de continuité et de l’exposition de leurs sites. Les ruptures d’approvisionnement diminuent lorsqu’une inondation ou une canicule bloque un fournisseur principal.",Tempêtes; Inondation pluie; Vague de chaleur; Vague de gel,Organisationnelles,OPEX majoritaire > main d’œuvre,15 000 €,1,Moyen terme,5
Mobiliser des formations et ressources documentaires spécialisées,"Session annuelle pour les équipes, agents d’accueil et responsables de site, avec consignes canicule, conduite à tenir en cas d’inondation et exercices pratiques. Les personnes concernées reconnaissent les signaux d’alerte et réagissent plus vite.",Tous aléas climatiques; Fortes pluies; Inondation fluviale; Inondation pluie; Modif T° air; RGA; Stress Hydrique; Chaleur extrême; Tempêtes; Vague de chaleur; Vague de gel,Humaines,Capital humain,15 000 €,1,Court terme,10
Modifier les horaires de travail et normes d’habillement en milieu professionnel,"Inscription d’un point adaptation climatique à chaque comité stratégique, avec arbitrage budgétaire et suivi des obligations réglementaires. Les décisions d’investissement tiennent compte des conditions climatiques futures plutôt que du climat passé.",Vague de chaleur; Chaleur extrême,Organisationnelles,OPEX majoritaire > main d’œuvre,15 000 €,1,Moyen terme,7
Mettre en place des systèmes d’alerte pour les visiteurs,"Équipement d’un bâtiment prioritaire avec protections physiques, capteurs de suivi et procédure de maintenance renforcée. Les usages essentiels sont mieux protégés lorsque les fortes chaleurs perturbent le site.",Vague de chaleur; Chaleur extrême; Fortes pluies; Inondation fluviale; Inondation pluie; Tempêtes; Vents violents,Technique,CAPEX majoritaire > court terme,250 000 €,10,Court terme,0
Inscrire progressivement les actions d’adaptation dans les budgets,"Réservation d’un budget annuel pour les diagnostics, travaux prioritaires et réparations préventives. Les investissements sont déclenchés avant les dégâts majeurs liés aux fortes chaleurs, ce qui réduit les interruptions et les surcoûts.",Tous aléas climatiques; Modif T° air; Chaleur extrême,Financières,CAPEX majoritaire > long terme,250 000 €,10,Long terme,0
Surveiller l’état physique des bâtiments et zones de rétention,"Rénovation d’un bâtiment prioritaire avec isolation renforcée, protections solaires, ventilation nocturne et vérification des seuils d’inondation au rez-de-chaussée. Les occupants restent protégés et les activités essentielles peuvent continuer pendant les épisodes climatiques extrêmes.",RGA; Fortes pluies; Inondation pluie; Inondation nappe; Modif T° air,Technique,CAPEX majoritaire > long terme,250 000 €,10,Long terme,0
Installer un système de détection incendie en extérieur,"Équipement d’un bâtiment prioritaire avec protections physiques, capteurs de suivi et procédure de maintenance renforcée. Les usages essentiels sont mieux protégés lorsque les fortes chaleurs perturbent le site.",Chaleur extrême; Vague de chaleur; Stress Hydrique; Feux de forêt,Technique,Capital humain,50 000 €,2,Court terme,0
Créer une bande coupe-feu désherbée et débroussaillée autour du site,"Mise à jour d’une procédure interne avec responsables nommés, seuils d’alerte et test sur un site pilote. Les décisions sont plus rapides lorsque les fortes chaleurs menacent la continuité des activités.",Chaleur extrême; Vague de chaleur; Stress Hydrique,Organisationnelles,OPEX majoritaire > main d’œuvre,250 000 €,10,Long terme,0
Installer des capteurs intelligents dans les zones de stockage,"Équipement d’un bâtiment prioritaire avec protections physiques, capteurs de suivi et procédure de maintenance renforcée. Les usages essentiels sont mieux protégés lorsque les fortes chaleurs perturbent le site.",Chaleur extrême; Vague de chaleur; Fortes pluies; Inondation pluie; Inondation nappe; Stress Hydrique,Technique,CAPEX majoritaire > long terme,250 000 €,10,Long terme,0
Élaborer des protocoles flexibles de stockage selon les prévisions climatiques,"Scénario de crise testé avant l’été : bascule en télétravail, salles fraîches ouvertes, contact fournisseurs critiques et procédure de fermeture temporaire. Les équipes savent quoi faire lorsque chaleur, inondation ou tempête perturbent le fonctionnement normal.",Tempêtes; Chaleur extrême; Vague de chaleur; Fortes pluies,Organisationnelles,OPEX majoritaire > main d’œuvre,50 000 €,2,Moyen terme,1
Utiliser des contenants pour réactifs chimiques adaptés aux fortes chaleurs,"Équipement d’un bâtiment prioritaire avec protections physiques, capteurs de suivi et procédure de maintenance renforcée. Les usages essentiels sont mieux protégés lorsque les fortes chaleurs perturbent le site.",Chaleur extrême; Vague de chaleur; Modif T° air; Fortes pluies; Inondation pluie; Inondation fluviale; Inondation nappe; Tempêtes,Technique,CAPEX majoritaire > court terme,250 000 €,10,Court terme,0
Mettre en place des réserves d’eau de pluie,"Équipement d’un bâtiment prioritaire avec protections physiques, capteurs de suivi et procédure de maintenance renforcée. Les usages essentiels sont mieux protégés lorsque les fortes chaleurs perturbent le site.",Chaleur extrême; Vague de chaleur; Stress Hydrique; Feux de forêt,Technique,CAPEX majoritaire > court terme,250 000 €,10,Long terme,0
Réviser les plans de contingence logistique et traitement,"Mise à jour d’une procédure interne avec responsables nommés, seuils d’alerte et test sur un site pilote. Les décisions sont plus rapides lorsque les fortes chaleurs menacent la continuité des activités.",Tous risques climatiques extrêmes; Fortes pluies; Inondation fluviale; Inondation pluie; Inondation nappe; Tempêtes; Chaleur extrême; Vague de gel,Organisationnelles,OPEX majoritaire > main d’œuvre,250 000 €,10,Long terme,1
Connecter les capteurs d’émissions gazeuses à un système centralisé,"Équipement d’un bâtiment prioritaire avec protections physiques, capteurs de suivi et procédure de maintenance renforcée. Les usages essentiels sont mieux protégés lorsque les fortes chaleurs perturbent le site.",Chaleur extrême; Vague de chaleur; Fortes pluies; Inondation pluie,Technique,CAPEX majoritaire > court terme,250 000 €,10,Court terme,0
Mettre en place un plan de sécurité et de continuité d’activité pour toute la chaîne,"Scénario de crise testé avant l’été : bascule en télétravail, salles fraîches ouvertes, contact fournisseurs critiques et procédure de fermeture temporaire. Les équipes savent quoi faire lorsque chaleur, inondation ou tempête perturbent le fonctionnement normal.",Tous risques climatiques extrêmes; Fortes pluies; Inondation fluviale; Inondation pluie; Tempêtes; Chaleur extrême; Vague de gel,Organisationnelles,OPEX majoritaire > main d’œuvre,250 000 €,10,Long terme,2
Assurer la continuité des collectes et du transport des déchets,"Scénario de crise testé avant l’été : bascule en télétravail, salles fraîches ouvertes, contact fournisseurs critiques et procédure de fermeture temporaire. Les équipes savent quoi faire lorsque chaleur, inondation ou tempête perturbent le fonctionnement normal.",Fortes pluies; Inondation fluviale; Inondation pluie; Inondation nappe; Tempêtes; Chaleur extrême; Vague de gel; Vague de chaleur; Modif T° air; RGA; Stress Hydrique; Non listé: feu; Non listé: submersion marine,Organisationnelles,CAPEX majoritaire > long terme,250 000 €,10,Long terme,2
"Maintenir un stock stratégique de pneus, filtres et pièces essentielles","Équipement d’un bâtiment prioritaire avec protections physiques, capteurs de suivi et procédure de maintenance renforcée. Les usages essentiels sont mieux protégés lorsque les fortes chaleurs perturbent le site.",Chaleur extrême; Vague de chaleur; Tempêtes; Vague de gel,Technique,Section par défaut,250 000 €,10,Court terme,10
Optimiser les itinéraires pour éviter les zones à risque,"Mise à jour d’une procédure interne avec responsables nommés, seuils d’alerte et test sur un site pilote. Les décisions sont plus rapides lorsque les fortes pluies et inondations menacent la continuité des activités.",Inondation fluviale; Inondation pluie; Inondation nappe; Fortes pluies; RGA; Tempêtes,Organisationnelles,OPEX majoritaire > main d’œuvre,15 000 €,1,Moyen terme,0
Renforcer les effectifs lors des périodes de forte vulnérabilité,"Actualisation annuelle d’une cartographie des sites exposés, en intégrant les dernières projections climatiques et les incidents déjà observés. Les bâtiments, fournisseurs et équipements les plus vulnérables sont priorisés avant les prochaines fortes chaleurs ou inondations.",Vague de chaleur; Chaleur extrême; Vague de gel; Tempêtes,Humaines,OPEX majoritaire > main d’œuvre,30 000 €,1,Moyen terme,0
Organiser les tâches les plus pénibles aux heures les plus fraîches,"Mise à jour d’une procédure interne avec responsables nommés, seuils d’alerte et test sur un site pilote. Les décisions sont plus rapides lorsque les fortes chaleurs menacent la continuité des activités.",Vague de chaleur; Chaleur extrême; Modif T° air,Organisationnelles,OPEX majoritaire > main d’œuvre,250 000 €,10,Long terme,0
Encourager l’utilisation de matériaux alternatifs ou recyclés,"Mise à jour d’une procédure interne avec responsables nommés, seuils d’alerte et test sur un site pilote. Les décisions sont plus rapides lorsque les fortes chaleurs menacent la continuité des activités.",Stress Hydrique; Fortes pluies; Tempêtes; Chaleur extrême; Modif T° air,Organisationnelles,OPEX majoritaire > main d’œuvre,15 000 €,1,Moyen terme,0
Maintenir des stocks de matériaux essentiels et de ressources énergétiques,"Équipement d’un bâtiment prioritaire avec protections physiques, capteurs de suivi et procédure de maintenance renforcée. Les usages essentiels sont mieux protégés lorsque les fortes chaleurs perturbent le site.",Tous risques climatiques extrêmes; Tempêtes; Fortes pluies; Inondation fluviale; Inondation pluie; Chaleur extrême; Vague de gel,Technique,OPEX majoritaire > énergie,50 000 €,2,Moyen terme,0
Ajuster les quantités produites aux contextes locaux,"Mise à jour d’une procédure interne avec responsables nommés, seuils d’alerte et test sur un site pilote. Les décisions sont plus rapides lorsque les fortes chaleurs menacent la continuité des activités.",Modif T° air; Stress Hydrique; Chaleur extrême; Fortes pluies,Organisationnelles,Section par défaut,15 000 €,1,Moyen terme,0
Adapter les circuits de distribution selon saisons et territoires,"Mise à jour d’une procédure interne avec responsables nommés, seuils d’alerte et test sur un site pilote. Les décisions sont plus rapides lorsque les fortes chaleurs menacent la continuité des activités.",Modif T° air; Stress Hydrique; Fortes pluies; Chaleur extrême,Organisationnelles,Section par défaut,15 000 €,1,Moyen terme,0
Développer de nouvelles filières de traitement des déchets ultimes,"Équipement d’un bâtiment prioritaire avec protections physiques, capteurs de suivi et procédure de maintenance renforcée. Les usages essentiels sont mieux protégés lorsque les fortes chaleurs perturbent le site.",Tous risques climatiques extrêmes; Fortes pluies; Inondation pluie; Stress Hydrique; Chaleur extrême; Tempêtes,Technique,CAPEX majoritaire > long terme,250 000 €,10,Long terme,0
Construire des digues pour protéger les infrastructures côtières ultramarines,"Rénovation d’un bâtiment prioritaire avec isolation renforcée, protections solaires, ventilation nocturne et vérification des seuils d’inondation au rez-de-chaussée. Les occupants restent protégés et les activités essentielles peuvent continuer pendant les épisodes climatiques extrêmes.",Tempêtes; Fortes pluies; Inondation pluie,Technique,CAPEX majoritaire > long terme,250 000 €,10,Long terme,0
Restaurer les écosystèmes côtiers protecteurs,"Aménagement d’un espace pilote avec végétation locale, sol perméable et suivi de l’eau disponible. Le site gagne en fraîcheur, absorbe mieux les pluies et devient plus résistant face aux fortes pluies et inondations.",Tempêtes; Fortes pluies; Inondation pluie; Submersion marine; Biodiversité,Solutions fondées sur la nature,CAPEX majoritaire > long terme,250 000 €,10,Long terme,6
Développer une capacité d’adaptation proactive,"Mise à jour d’une procédure interne avec responsables nommés, seuils d’alerte et test sur un site pilote. Les décisions sont plus rapides lorsque les fortes chaleurs menacent la continuité des activités.",Tous risques climatiques extrêmes; Modif T° air; Fortes pluies; Stress Hydrique; Chaleur extrême; Tempêtes; Vague de chaleur,Organisationnelles,Section par défaut,15 000 €,1,Moyen terme,0
Renforcer la coopération et expérimenter des solutions innovantes,"Mise à jour d’une procédure interne avec responsables nommés, seuils d’alerte et test sur un site pilote. Les décisions sont plus rapides lorsque les fortes pluies et inondations menacent la continuité des activités.",Tous risques climatiques extrêmes; Fortes pluies; Inondation fluviale; Inondation pluie; Tempêtes,Organisationnelles,OPEX majoritaire > main d’œuvre,15 000 €,1,Moyen terme,0
Rattacher l’adaptation aux politiques existantes de l’entreprise,"Mise à jour d’une procédure interne avec responsables nommés, seuils d’alerte et test sur un site pilote. Les décisions sont plus rapides lorsque les fortes chaleurs menacent la continuité des activités.",Tous risques climatiques extrêmes; Modif T° air; Fortes pluies; Stress Hydrique; Chaleur extrême; Tempêtes; Vague de chaleur,Organisationnelles,Section par défaut,30 000 €,1,Moyen terme,0
Diagnostiquer les besoins de gestion de l’eau des sites,"Mise à jour d’une procédure interne avec responsables nommés, seuils d’alerte et test sur un site pilote. Les décisions sont plus rapides lorsque les fortes pluies et inondations menacent la continuité des activités.",Stress Hydrique; Fortes pluies; Inondation pluie,Organisationnelles,Capital humain,15 000 €,1,Moyen terme,0
Installer des sous-compteurs communicants,"Équipement d’un bâtiment prioritaire avec protections physiques, capteurs de suivi et procédure de maintenance renforcée. Les usages essentiels sont mieux protégés lorsque les fortes chaleurs perturbent le site.",Stress Hydrique; Modif T° air,Technique,CAPEX majoritaire > court terme,50 000 €,2,Court terme,0
Former les responsables techniques à la gestion de l’eau,"Session annuelle pour les équipes, agents d’accueil et responsables de site, avec consignes canicule, conduite à tenir en cas d’inondation et exercices pratiques. Les personnes concernées reconnaissent les signaux d’alerte et réagissent plus vite.",Stress Hydrique; Fortes pluies; Inondation pluie,Humaines,Capital humain,30 000 €,1,Court terme,10
Réduire les rejets de polluants,"Équipement d’un bâtiment prioritaire avec protections physiques, capteurs de suivi et procédure de maintenance renforcée. Les usages essentiels sont mieux protégés lorsque les fortes pluies et inondations perturbent le site.",Stress Hydrique; Fortes pluies; Inondation pluie,Technique,OPEX majoritaire > eau,50 000 €,2,Moyen terme,0
Rénover des bâtiments industriels sans climatisation,"Climatisation limitée aux espaces critiques, avec consignes de température, horaires d’usage et suivi des consommations. Les activités sensibles restent possibles pendant les canicules sans surcharger inutilement le réseau électrique.",Vague de chaleur; Chaleur extrême; Modif T° air; Vague de gel,Technique,CAPEX majoritaire > long terme,250 000 €,10,Long terme,0
Récupérer la chaleur et flécher les flux d’air,"Équipement d’un bâtiment prioritaire avec protections physiques, capteurs de suivi et procédure de maintenance renforcée. Les usages essentiels sont mieux protégés lorsque les fortes chaleurs perturbent le site.",Vague de chaleur; Chaleur extrême; Vague de gel; Tous aléas climatiques,Technique,Capital humain,25 000 €,1,Long terme,0
Réutiliser l’eau dans plusieurs process,"Équipement d’un bâtiment prioritaire avec protections physiques, capteurs de suivi et procédure de maintenance renforcée. Les usages essentiels sont mieux protégés lorsque les sécheresse perturbent le site.",Stress Hydrique,Technique,OPEX majoritaire > eau,50 000 €,2,Moyen terme,0
Déployer des tours adiabatiques en circuit fermé,"Équipement d’un bâtiment prioritaire avec protections physiques, capteurs de suivi et procédure de maintenance renforcée. Les usages essentiels sont mieux protégés lorsque les fortes chaleurs perturbent le site.",Stress Hydrique; Chaleur extrême,Technique,CAPEX majoritaire > long terme,250 000 €,10,Long terme,0
Recourir à la géothermie sur eau de nappe,"Équipement d’un bâtiment prioritaire avec protections physiques, capteurs de suivi et procédure de maintenance renforcée. Les usages essentiels sont mieux protégés lorsque les fortes chaleurs perturbent le site.",Vague de chaleur; Chaleur extrême; Vague de gel; Modif T° air; Stress Hydrique,Technique,CAPEX majoritaire > long terme,250 000 €,10,Long terme,0
Mobiliser un réseau de proximité pour les personnes vulnérables,"Formation courte des équipes exposées, avec consignes opérationnelles et exercice pratique sur site. Les personnes savent adapter leurs horaires, leurs déplacements et leurs gestes lors des fortes chaleurs.",Vague de chaleur; Chaleur extrême; Fortes pluies; Inondation pluie; Tempêtes,Humaines,OPEX majoritaire > main d’œuvre,25 000 €,1,Long terme,0
Restaurer des annexes fluviales et réouvrir des bras de rivière,"Aménagement d’un espace pilote avec végétation locale, sol perméable et suivi de l’eau disponible. Le site gagne en fraîcheur, absorbe mieux les pluies et devient plus résistant face aux fortes pluies et inondations.",Inondation fluviale; Fortes pluies; Stress Hydrique,Solutions fondées sur la nature,CAPEX majoritaire > long terme,250 000 €,10,Long terme,6
Construire un schéma directeur de renaturation,"Aménagement d’un espace pilote avec végétation locale, sol perméable et suivi de l’eau disponible. Le site gagne en fraîcheur, absorbe mieux les pluies et devient plus résistant face aux fortes chaleurs.",Inondation fluviale; Fortes pluies; Stress Hydrique; Modif T° air; Chaleur extrême,Solutions fondées sur la nature,Capital humain,250 000 €,10,Long terme,6
Déployer des solutions fondées sur la nature,"Aménagement d’un espace pilote avec végétation locale, sol perméable et suivi de l’eau disponible. Le site gagne en fraîcheur, absorbe mieux les pluies et devient plus résistant face aux fortes chaleurs.",Stress Hydrique; Modif T° air; Fortes pluies; Inondation pluie; Inondation fluviale; Chaleur extrême; Vague de chaleur; RGA,Solutions fondées sur la nature,CAPEX majoritaire > long terme,250 000 €,10,Long terme,6
Mettre en place un Plan d’Utilisation Rationnelle de l’Eau,"Formation courte des équipes exposées, avec consignes opérationnelles et exercice pratique sur site. Les personnes savent adapter leurs horaires, leurs déplacements et leurs gestes lors des sécheresse.",Stress Hydrique,Humaines,OPEX majoritaire > main d’œuvre,50 000 €,2,Moyen terme,0
Réduire les prélèvements par des mesures graduées,"Équipement d’un bâtiment prioritaire avec protections physiques, capteurs de suivi et procédure de maintenance renforcée. Les usages essentiels sont mieux protégés lorsque les sécheresse perturbent le site.",Stress Hydrique,Technique,CAPEX majoritaire > long terme,250 000 €,10,Long terme,0
Remplacer les tours aéroréfrigérantes par du refroidissement sec,"Équipement d’un bâtiment prioritaire avec protections physiques, capteurs de suivi et procédure de maintenance renforcée. Les usages essentiels sont mieux protégés lorsque les fortes chaleurs perturbent le site.",Stress Hydrique; Chaleur extrême,Technique,CAPEX majoritaire > long terme,250 000 €,10,Long terme,0
Optimiser les produits lessiviels avec les fournisseurs,"Sélection de deux fournisseurs alternatifs pour les achats stratégiques, avec vérification de leurs plans de continuité et de l’exposition de leurs sites. Les ruptures d’approvisionnement diminuent lorsqu’une inondation ou une canicule bloque un fournisseur principal.",Stress Hydrique,Technique,OPEX majoritaire > eau,50 000 €,2,Moyen terme,5
Surveiller la chaleur corporelle des salariés,"Équipement d’un bâtiment prioritaire avec protections physiques, capteurs de suivi et procédure de maintenance renforcée. Les usages essentiels sont mieux protégés lorsque les fortes chaleurs perturbent le site.",Vague de chaleur; Chaleur extrême,Technique,CAPEX majoritaire > court terme,250 000 €,10,Court terme,0
Planter des haies et palisses agroforestières,"Aménagement d’un espace pilote avec végétation locale, sol perméable et suivi de l’eau disponible. Le site gagne en fraîcheur, absorbe mieux les pluies et devient plus résistant face aux fortes chaleurs.",Vague de chaleur; Chaleur extrême; Tempêtes; Stress Hydrique; Inondation fluviale; Fortes pluies,Solutions fondées sur la nature,CAPEX majoritaire > long terme,250 000 €,10,Long terme,6
Créer un guichet unique pour financer les haies,"Réservation d’un budget annuel pour les diagnostics, travaux prioritaires et réparations préventives. Les investissements sont déclenchés avant les dégâts majeurs liés aux fortes chaleurs, ce qui réduit les interruptions et les surcoûts.",Vague de chaleur; Tempêtes; Stress Hydrique; Fortes pluies; Inondation fluviale; Inondation nappe; Inondation pluie; Modif T° air; RGA; Chaleur extrême; Vague de gel,Financières,Capital humain,30 000 €,1,Moyen terme,0
Expérimenter la migration assistée d’essences végétales,"Plantation d’arbres d’ombrage, création de massifs végétalisés et choix d’essences capables de supporter le climat futur local. Les cheminements et façades exposés restent plus frais, ce qui réduit l’inconfort pendant les fortes chaleurs.",Modif T° air; Stress Hydrique; Chaleur extrême,Solutions fondées sur la nature,CAPEX majoritaire > long terme,250 000 €,10,Long terme,6
Déconnecter les réseaux publics et traiter les eaux à la parcelle,"Organisation d’un exercice commun avec la commune, les voisins, les services de secours et les gestionnaires de réseaux. Les informations, lieux refuges et moyens matériels sont partagés plus vite lors d’un épisode extrême.",Fortes pluies; Inondation pluie; Inondation nappe; Stress Hydrique,Technique,CAPEX majoritaire > long terme,250 000 €,10,Long terme,0
Installer des cuves de récupération d’eau de pluie,"Création de noues, bassins d’infiltration et cuves de récupération au pied des bâtiments. Les pluies intenses sont absorbées progressivement, les abords restent praticables et une réserve d’eau peut servir à l’arrosage en période sèche.",Stress Hydrique; Fortes pluies; Inondation pluie,Technique,CAPEX majoritaire > court terme,50 000 €,2,Court terme,0
"Végétaliser murs, toitures et voiries","Aménagement d’un espace pilote avec végétation locale, sol perméable et suivi de l’eau disponible. Le site gagne en fraîcheur, absorbe mieux les pluies et devient plus résistant face aux fortes chaleurs.",Vague de chaleur; Chaleur extrême; Fortes pluies; Inondation pluie; Tempêtes,Solutions fondées sur la nature,CAPEX majoritaire > long terme,250 000 €,10,Long terme,6
Sécuriser l’eau potable par surpresseurs et vannes motorisées,"Équipement d’un bâtiment prioritaire avec protections physiques, capteurs de suivi et procédure de maintenance renforcée. Les usages essentiels sont mieux protégés lorsque les sécheresse perturbent le site.",Stress Hydrique; Biodiversité,Technique,CAPEX majoritaire > long terme,250 000 €,10,Long terme,6
Rechercher et réparer les fuites dans les réseaux,"Organisation d’un exercice commun avec la commune, les voisins, les services de secours et les gestionnaires de réseaux. Les informations, lieux refuges et moyens matériels sont partagés plus vite lors d’un épisode extrême.",Stress Hydrique,Technique,CAPEX majoritaire > long terme,250 000 €,10,Long terme,0
Informer les usagers en temps réel sur l’eau,"Session annuelle pour les équipes, agents d’accueil et responsables de site, avec consignes canicule, conduite à tenir en cas d’inondation et exercices pratiques. Les personnes concernées reconnaissent les signaux d’alerte et réagissent plus vite.",Stress Hydrique,Humaines,Capital humain,50 000 €,2,Court terme,10
Utiliser la récupération d’eau comme clause d’éco-conditionnalité,"Création de noues, bassins d’infiltration et cuves de récupération au pied des bâtiments. Les pluies intenses sont absorbées progressivement, les abords restent praticables et une réserve d’eau peut servir à l’arrosage en période sèche.",Stress Hydrique; Fortes pluies,Technique,CAPEX majoritaire > court terme,50 000 €,2,Court terme,0
Cartographier les risques physiques,"Actualisation annuelle d’une cartographie des sites exposés, en intégrant les dernières projections climatiques et les incidents déjà observés. Les bâtiments, fournisseurs et équipements les plus vulnérables sont priorisés avant les prochaines fortes chaleurs ou inondations.",Fortes pluies; Inondation fluviale; Inondation pluie; Modif T° air; Stress Hydrique; Chaleur extrême; Tempêtes; Vague de chaleur; Vague de gel; Biodiversité,Technique,OPEX majoritaire > main d’œuvre,50 000 €,2,Long terme,6
Mettre en place des prix internes de l’eau,"Mise à jour d’une procédure interne avec responsables nommés, seuils d’alerte et test sur un site pilote. Les décisions sont plus rapides lorsque les sécheresse menacent la continuité des activités.",Stress Hydrique,Organisationnelles,OPEX majoritaire > eau,50 000 €,2,Moyen terme,0
Réaliser une pré-étude bibliographique sur le changement climatique local,"Aménagement d’un espace pilote avec végétation locale, sol perméable et suivi de l’eau disponible. Le site gagne en fraîcheur, absorbe mieux les pluies et devient plus résistant face aux fortes chaleurs.",Fortes pluies; Inondation pluie; Stress Hydrique; Modif T° air,Solutions fondées sur la nature,CAPEX majoritaire > long terme,250 000 €,10,Long terme,6
Mettre en place des stations de lavage en boucle fermée,"Équipement d’un bâtiment prioritaire avec protections physiques, capteurs de suivi et procédure de maintenance renforcée. Les usages essentiels sont mieux protégés lorsque les sécheresse perturbent le site.",Stress Hydrique,Technique,CAPEX majoritaire > court terme,50 000 €,2,Court terme,0
Créer une Toile de l’eau industrielle,"Équipement d’un bâtiment prioritaire avec protections physiques, capteurs de suivi et procédure de maintenance renforcée. Les usages essentiels sont mieux protégés lorsque les sécheresse perturbent le site.",Stress Hydrique; Tempêtes,Technique,Capital humain,50 000 €,2,Moyen terme,0
Réaliser un diagnostic global des risques climatiques,"Actualisation annuelle d’une cartographie des sites exposés, en intégrant les dernières projections climatiques et les incidents déjà observés. Les bâtiments, fournisseurs et équipements les plus vulnérables sont priorisés avant les prochaines fortes chaleurs ou inondations.",Fortes pluies; Inondation fluviale; Inondation nappe; Inondation pluie; Modif T° air; RGA; Stress Hydrique; Chaleur extrême; Tempêtes; Vague de chaleur; Vague de gel,Organisationnelles,Section par défaut,30 000 €,1,Moyen terme,7
Mobiliser l’intelligence collective dans le diagnostic,"Actualisation annuelle d’une cartographie des sites exposés, en intégrant les dernières projections climatiques et les incidents déjà observés. Les bâtiments, fournisseurs et équipements les plus vulnérables sont priorisés avant les prochaines fortes chaleurs ou inondations.",Tous aléas climatiques étudiés; Modif T° air; Chaleur extrême; Fortes pluies; Stress Hydrique,Organisationnelles,Capital humain,30 000 €,1,Moyen terme,7
Intégrer la robustesse climatique dans les investissements,"Création d’une ligne budgétaire dédiée à l’adaptation, couvrant diagnostics, travaux prioritaires et entretien renforcé. Les dépenses sont planifiées avant les dommages, ce qui évite des réparations urgentes plus coûteuses après un aléa climatique.",Inondation fluviale; Inondation pluie; Vague de chaleur; Chaleur extrême; Vague de gel,Organisationnelles,CAPEX majoritaire > long terme,250 000 €,10,Long terme,0
Créer un outil interne de diagnostic de résilience des bâtiments,"Rénovation d’un bâtiment prioritaire avec isolation renforcée, protections solaires, ventilation nocturne et vérification des seuils d’inondation au rez-de-chaussée. Les occupants restent protégés et les activités essentielles peuvent continuer pendant les épisodes climatiques extrêmes.",Inondation fluviale; Inondation pluie; RGA; Vague de chaleur; Chaleur extrême; Vague de gel; Fortes pluies; Inondation nappe; Modif T° air; Stress Hydrique; Tempêtes,Technique,Section par défaut,250 000 €,10,Long terme,7
Analyser systématiquement l’exposition des actifs immobiliers,"Rénovation d’un bâtiment prioritaire avec isolation renforcée, protections solaires, ventilation nocturne et vérification des seuils d’inondation au rez-de-chaussée. Les occupants restent protégés et les activités essentielles peuvent continuer pendant les épisodes climatiques extrêmes.",Inondation fluviale; Inondation pluie; Fortes pluies; Tempêtes; Vague de chaleur; Chaleur extrême; RGA,Technique,CAPEX majoritaire > long terme,250 000 €,10,Long terme,0
Rénover et isoler thermiquement les écoles et EHPAD,"Équipement d’un bâtiment prioritaire avec protections physiques, capteurs de suivi et procédure de maintenance renforcée. Les usages essentiels sont mieux protégés lorsque les fortes chaleurs perturbent le site.",Vague de chaleur; Chaleur extrême; Modif T° air,Technique,CAPEX majoritaire > long terme,250 000 €,10,Long terme,0
Développer filières et achats responsables,"Session annuelle pour les équipes, agents d’accueil et responsables de site, avec consignes canicule, conduite à tenir en cas d’inondation et exercices pratiques. Les personnes concernées reconnaissent les signaux d’alerte et réagissent plus vite.",Stress Hydrique; Vague de chaleur; Chaleur extrême; Modif T° air; Fortes pluies; Tempêtes,Organisationnelles,OPEX majoritaire > main d’œuvre,50 000 €,2,Moyen terme,10
Intégrer l’adaptation dans une démarche ISO 14001,"Mise à jour d’une procédure interne avec responsables nommés, seuils d’alerte et test sur un site pilote. Les décisions sont plus rapides lorsque les fortes chaleurs menacent la continuité des activités.",Fortes pluies; Inondation pluie; Vague de chaleur; Chaleur extrême; Tempêtes; Stress Hydrique; Modif T° air,Organisationnelles,Section par défaut,30 000 €,1,Moyen terme,0
Concevoir des parcs immobiliers résilients,"Rénovation d’un bâtiment prioritaire avec isolation renforcée, protections solaires, ventilation nocturne et vérification des seuils d’inondation au rez-de-chaussée. Les occupants restent protégés et les activités essentielles peuvent continuer pendant les épisodes climatiques extrêmes.",Fortes pluies; Inondation pluie; Vague de chaleur; Chaleur extrême; Tempêtes; Modif T° air,Technique,CAPEX majoritaire > long terme,250 000 €,10,Long terme,0
Cartographier et prioriser les risques climatiques par branche d’activité,"Actualisation annuelle d’une cartographie des sites exposés, en intégrant les dernières projections climatiques et les incidents déjà observés. Les bâtiments, fournisseurs et équipements les plus vulnérables sont priorisés avant les prochaines fortes chaleurs ou inondations.",Fortes pluies; Inondation pluie; Modif T° air; Stress Hydrique; Chaleur extrême; Tempêtes; Vague de chaleur; Vague de gel; Tous aléas climatiques,Organisationnelles,OPEX majoritaire > main d’œuvre,50 000 €,2,Moyen terme,0
Formaliser une stratégie globale d’adaptation,"Inscription d’un point adaptation climatique à chaque comité stratégique, avec arbitrage budgétaire et suivi des obligations réglementaires. Les décisions d’investissement tiennent compte des conditions climatiques futures plutôt que du climat passé.",Tous aléas climatiques étudiés,Organisationnelles,Section par défaut,30 000 €,1,Moyen terme,10
Mettre en place une cartographie permanente des risques climatiques,"Actualisation annuelle d’une cartographie des sites exposés, en intégrant les dernières projections climatiques et les incidents déjà observés. Les bâtiments, fournisseurs et équipements les plus vulnérables sont priorisés avant les prochaines fortes chaleurs ou inondations.",Vague de chaleur; Chaleur extrême; Inondation fluviale; Inondation pluie; Fortes pluies; Stress Hydrique; Tempêtes; Modif T° air; Vague de gel,Organisationnelles,CAPEX majoritaire > court terme,50 000 €,2,Court terme,0
Mettre en œuvre des actions sans regret pour la santé et la qualité produit,"Aménagement d’un espace pilote avec végétation locale, sol perméable et suivi de l’eau disponible. Le site gagne en fraîcheur, absorbe mieux les pluies et devient plus résistant face aux fortes chaleurs.",Vague de chaleur; Chaleur extrême; Tempêtes; Modif T° air; Tous aléas climatiques,Solutions fondées sur la nature,CAPEX majoritaire > court terme,250 000 €,10,Court terme,6
Créer une équipe dédiée à l’adaptation,"Formation courte des équipes exposées, avec consignes opérationnelles et exercice pratique sur site. Les personnes savent adapter leurs horaires, leurs déplacements et leurs gestes lors des tous aléas climatiques étudiés.",Tous aléas climatiques étudiés; Tous aléas climatiques,Humaines,OPEX majoritaire > main d’œuvre,15 000 €,1,Moyen terme,0
Évaluer la stratégie avec une méthodologie dédiée,"Inscription d’un point adaptation climatique à chaque comité stratégique, avec arbitrage budgétaire et suivi des obligations réglementaires. Les décisions d’investissement tiennent compte des conditions climatiques futures plutôt que du climat passé.",Tous aléas climatiques étudiés,Organisationnelles,Section par défaut,30 000 €,1,Moyen terme,10
Adapter les sites vulnérables avec brumisateurs et filets UV,"Équipement d’un bâtiment prioritaire avec protections physiques, capteurs de suivi et procédure de maintenance renforcée. Les usages essentiels sont mieux protégés lorsque les fortes chaleurs perturbent le site.",Vague de chaleur; Chaleur extrême; RGA; Mouvements de terrain; Fortes pluies,Technique,CAPEX majoritaire > long terme,250 000 €,10,Long terme,0
Mettre en œuvre une politique sécheresse,"Mise à jour d’une procédure interne avec responsables nommés, seuils d’alerte et test sur un site pilote. Les décisions sont plus rapides lorsque les sécheresse menacent la continuité des activités.",Stress Hydrique,Organisationnelles,OPEX majoritaire > eau,50 000 €,2,Moyen terme,0
Créer un comité stratégique d’adaptation,"Mise à jour d’une procédure interne avec responsables nommés, seuils d’alerte et test sur un site pilote. Les décisions sont plus rapides lorsque les tous aléas climatiques étudiés menacent la continuité des activités.",Tous aléas climatiques étudiés,Organisationnelles,Capital humain,30 000 €,1,Moyen terme,10
Dimensionner les moyens humains et financiers de l’adaptation,"Réservation d’un budget annuel pour les diagnostics, travaux prioritaires et réparations préventives. Les investissements sont déclenchés avant les dégâts majeurs liés aux fortes chaleurs, ce qui réduit les interruptions et les surcoûts.",Tous aléas climatiques étudiés; Fortes pluies; Inondation fluviale; Inondation nappe; Inondation pluie; Modif T° air; RGA; Stress Hydrique; Chaleur extrême; Tempêtes; Vague de chaleur; Vague de gel,Financières,Capital humain,15 000 €,1,Moyen terme,0
Créer des îlots de fraîcheur modulaires,"Plantation d’arbres d’ombrage, création de massifs végétalisés et choix d’essences capables de supporter le climat futur local. Les cheminements et façades exposés restent plus frais, ce qui réduit l’inconfort pendant les fortes chaleurs.",Chaleur extrême; Vague de chaleur; Modif T° air,Technique,CAPEX majoritaire > long terme,250 000 €,10,Long terme,0
Communiquer sur les nouveaux risques climatiques et les gestes préventifs,"Actualisation annuelle d’une cartographie des sites exposés, en intégrant les dernières projections climatiques et les incidents déjà observés. Les bâtiments, fournisseurs et équipements les plus vulnérables sont priorisés avant les prochaines fortes chaleurs ou inondations.",Chaleur extrême; Vague de chaleur; Fortes pluies; Inondation pluie; RGA; Stress Hydrique; Tempêtes; Vague de gel; Feux de forêt,Humaines,Capital humain,50 000 €,2,Moyen terme,0
Promouvoir l’agroforesterie dans le monde agricole,"Aménagement d’un espace pilote avec végétation locale, sol perméable et suivi de l’eau disponible. Le site gagne en fraîcheur, absorbe mieux les pluies et devient plus résistant face aux fortes chaleurs.",Stress Hydrique; Chaleur extrême; Vague de chaleur; Modif T° air,Solutions fondées sur la nature,CAPEX majoritaire > long terme,250 000 €,10,Long terme,6
Intégrer le risque climatique dans le plan communal de sauvegarde et les PCA des entreprises,"Mise à jour d’une procédure interne avec responsables nommés, seuils d’alerte et test sur un site pilote. Les décisions sont plus rapides lorsque les fortes pluies et inondations menacent la continuité des activités.",Inondation fluviale; Inondation pluie; Inondation nappe; Fortes pluies; Tempêtes; RGA,Organisationnelles,Capital humain,30 000 €,1,Moyen terme,0
Végétaliser les espaces publics,"Aménagement d’un espace pilote avec végétation locale, sol perméable et suivi de l’eau disponible. Le site gagne en fraîcheur, absorbe mieux les pluies et devient plus résistant face aux fortes chaleurs.",Chaleur extrême; Vague de chaleur; Fortes pluies; Inondation pluie; Stress Hydrique; Modif T° air,Solutions fondées sur la nature,CAPEX majoritaire > long terme,250 000 €,10,Long terme,6
Végétaliser les cours d’école et adopter des réflexes forte chaleur,"Aménagement d’un espace pilote avec végétation locale, sol perméable et suivi de l’eau disponible. Le site gagne en fraîcheur, absorbe mieux les pluies et devient plus résistant face aux fortes chaleurs.",Chaleur extrême; Vague de chaleur; Modif T° air; Fortes pluies; Inondation pluie,Solutions fondées sur la nature,CAPEX majoritaire > long terme,250 000 €,10,Long terme,6
Aménager les horaires d’ouverture des lieux de fraîcheur en canicule,"Adaptation des horaires pendant les canicules, bascule de certains cours ou réunions à distance et accès prioritaire aux espaces rafraîchis. Les salariés, prestataires et usagers restent protégés sans interrompre totalement les activités.",Chaleur extrême; Vague de chaleur,Humaines,OPEX majoritaire > main d’œuvre,250 000 €,10,Long terme,0
Requalifier une rue minéralisée en espace végétalisé et multimodal,"Aménagement d’un espace pilote avec végétation locale, sol perméable et suivi de l’eau disponible. Le site gagne en fraîcheur, absorbe mieux les pluies et devient plus résistant face aux fortes chaleurs.",Chaleur extrême; Vague de chaleur; Modif T° air; Fortes pluies; Inondation pluie,Solutions fondées sur la nature,CAPEX majoritaire > long terme,250 000 €,10,Long terme,6
Mobiliser la mémoire collective des catastrophes,"Mise à jour d’une procédure interne avec responsables nommés, seuils d’alerte et test sur un site pilote. Les décisions sont plus rapides lorsque les fortes chaleurs menacent la continuité des activités.",Fortes pluies; Inondation fluviale; Inondation pluie; Chaleur extrême; Vague de chaleur; RGA; Tempêtes,Organisationnelles,Capital humain,30 000 €,1,Moyen terme,0
Mobiliser les aides et subventions pour financer l’adaptation,"Réservation d’un budget annuel pour les diagnostics, travaux prioritaires et réparations préventives. Les investissements sont déclenchés avant les dégâts majeurs liés aux fortes chaleurs, ce qui réduit les interruptions et les surcoûts.",Fortes pluies; Inondation pluie; Inondation fluviale; Stress Hydrique; Chaleur extrême; Vague de chaleur; RGA; Tempêtes; Modif T° air,Financières,Capital humain,50 000 €,2,Court terme,0
Cartographier les îlots de chaleur et les secteurs de ruissellement,"Création de noues, bassins d’infiltration et cuves de récupération au pied des bâtiments. Les pluies intenses sont absorbées progressivement, les abords restent praticables et une réserve d’eau peut servir à l’arrosage en période sèche.",Chaleur extrême; Vague de chaleur; Fortes pluies; Inondation fluviale; Inondation pluie; RGA; Stress Hydrique; Modif T° air,Technique,Capital humain,250 000 €,10,Long terme,0
Mobiliser les financements et accompagnements disponibles,"Création d’une ligne budgétaire dédiée à l’adaptation, couvrant diagnostics, travaux prioritaires et entretien renforcé. Les dépenses sont planifiées avant les dommages, ce qui évite des réparations urgentes plus coûteuses après un aléa climatique.",Fortes pluies; Inondation fluviale; Inondation nappe; Inondation pluie; Modif T° air; RGA; Stress Hydrique; Chaleur extrême; Tempêtes; Vague de chaleur; Vague de gel; Tous aléas climatiques,Financières,Capital humain,15 000 €,1,Moyen terme,0
Investir dans un serveur de traitement de données climatiques,"Équipement d’un bâtiment prioritaire avec protections physiques, capteurs de suivi et procédure de maintenance renforcée. Les usages essentiels sont mieux protégés lorsque les fortes chaleurs perturbent le site.",Fortes pluies; Inondation fluviale; Inondation nappe; Inondation pluie; Modif T° air; RGA; Stress Hydrique; Chaleur extrême; Tempêtes; Vague de chaleur; Vague de gel,Technique,Capital humain,250 000 €,10,Court terme,0
Construire un plan d’action d’adaptation sans regret,"Mise à jour d’une procédure interne avec responsables nommés, seuils d’alerte et test sur un site pilote. Les décisions sont plus rapides lorsque les fortes chaleurs menacent la continuité des activités.",Fortes pluies; Inondation fluviale; Inondation pluie; Modif T° air; RGA; Stress Hydrique; Chaleur extrême; Tempêtes; Vague de chaleur; Vague de gel,Organisationnelles,Capital humain,50 000 €,2,Long terme,0
Mettre en place ou renforcer les plans canicule,"Formation courte des équipes exposées, avec consignes opérationnelles et exercice pratique sur site. Les personnes savent adapter leurs horaires, leurs déplacements et leurs gestes lors des fortes chaleurs.",Chaleur extrême; Vague de chaleur,Humaines,OPEX majoritaire > main d’œuvre,250 000 €,10,Long terme,0
Créer des retenues d’eau adaptées,"Équipement d’un bâtiment prioritaire avec protections physiques, capteurs de suivi et procédure de maintenance renforcée. Les usages essentiels sont mieux protégés lorsque les fortes chaleurs perturbent le site.",Stress Hydrique; Chaleur extrême; Vague de chaleur,Technique,CAPEX majoritaire > long terme,250 000 €,10,Long terme,0
Tester l’irrigation goutte-à-goutte enterrée et de surface,"Équipement d’un bâtiment prioritaire avec protections physiques, capteurs de suivi et procédure de maintenance renforcée. Les usages essentiels sont mieux protégés lorsque les fortes chaleurs perturbent le site.",Stress Hydrique; Chaleur extrême; Modif T° air,Technique,CAPEX majoritaire > court terme,50 000 €,2,Court terme,0
"Modifier les normes thermiques, de ventilation, d’urbanisme et de bâtiment","Installation d’ouvrants sécurisés, de brasseurs d’air et de protections solaires extérieures dans les salles les plus exposées. Les locaux restent utilisables plus longtemps pendant les pics de chaleur, avec moins de dépendance à la climatisation.",Chaleur extrême; Vague de chaleur; Modif T° air; Fortes pluies; Inondation pluie; RGA,Technique,Capital humain,250 000 €,10,Long terme,7
Adapter les cultures et les régimes alimentaires,"Aménagement d’un espace pilote avec végétation locale, sol perméable et suivi de l’eau disponible. Le site gagne en fraîcheur, absorbe mieux les pluies et devient plus résistant face aux fortes chaleurs.",Stress Hydrique; Chaleur extrême; Modif T° air,Solutions fondées sur la nature,Capital humain,80 000 €,3,Moyen terme,6
Traduire le volet adaptation du plan climat dans le PLU-H,"Mise à jour d’une procédure interne avec responsables nommés, seuils d’alerte et test sur un site pilote. Les décisions sont plus rapides lorsque les fortes chaleurs menacent la continuité des activités.",Chaleur extrême; Vague de chaleur; Fortes pluies; Inondation pluie; Inondation fluviale; RGA; Stress Hydrique; Modif T° air,Organisationnelles,OPEX majoritaire > main d’œuvre,50 000 €,2,Moyen terme,0
Créer une coulée verte ou un corridor écologique urbain,"Aménagement d’un espace pilote avec végétation locale, sol perméable et suivi de l’eau disponible. Le site gagne en fraîcheur, absorbe mieux les pluies et devient plus résistant face aux fortes chaleurs.",Chaleur extrême; Vague de chaleur; Modif T° air; Stress Hydrique; Fortes pluies; Inondation pluie,Solutions fondées sur la nature,CAPEX majoritaire > long terme,250 000 €,10,Long terme,6
"Réaliser un état des lieux du foncier mobilisable, recyclable ou à densifier","Aménagement d’un espace pilote avec végétation locale, sol perméable et suivi de l’eau disponible. Le site gagne en fraîcheur, absorbe mieux les pluies et devient plus résistant face aux fortes chaleurs.",Chaleur extrême; Vague de chaleur; Modif T° air; Fortes pluies; Inondation pluie; Stress Hydrique,Solutions fondées sur la nature,Capital humain,80 000 €,3,Moyen terme,6
Créer une plateforme territorialisée des risques climatiques,"Actualisation annuelle d’une cartographie des sites exposés, en intégrant les dernières projections climatiques et les incidents déjà observés. Les bâtiments, fournisseurs et équipements les plus vulnérables sont priorisés avant les prochaines fortes chaleurs ou inondations.",Fortes pluies; Inondation fluviale; Inondation nappe; Inondation pluie; Modif T° air; RGA; Stress Hydrique; Chaleur extrême; Tempêtes; Vague de chaleur; Vague de gel,Technique,Capital humain,50 000 €,2,Court terme,0
Mettre en place une information climatique en mode push,"Session annuelle pour les équipes, agents d’accueil et responsables de site, avec consignes canicule, conduite à tenir en cas d’inondation et exercices pratiques. Les personnes concernées reconnaissent les signaux d’alerte et réagissent plus vite.",Fortes pluies; Inondation fluviale; Inondation nappe; Inondation pluie; Modif T° air; RGA; Stress Hydrique; Chaleur extrême; Tempêtes; Vague de chaleur; Vague de gel,Organisationnelles,Capital humain,30 000 €,1,Court terme,10
Conditionner les nouvelles implantations industrielles à des projections climatiques,"Mise à jour d’une procédure interne avec responsables nommés, seuils d’alerte et test sur un site pilote. Les décisions sont plus rapides lorsque les fortes pluies et inondations menacent la continuité des activités.",Fortes pluies; Inondation fluviale; Inondation nappe; Inondation pluie; RGA; Stress Hydrique,Organisationnelles,CAPEX majoritaire > long terme,250 000 €,10,Long terme,0
Analyser les événements passés pour éviter la répétition des erreurs,"Actualisation annuelle d’une cartographie des sites exposés, en intégrant les dernières projections climatiques et les incidents déjà observés. Les bâtiments, fournisseurs et équipements les plus vulnérables sont priorisés avant les prochaines fortes chaleurs ou inondations.",Fortes pluies; Inondation fluviale; Inondation nappe; Inondation pluie; Modif T° air; RGA; Stress Hydrique; Chaleur extrême; Tempêtes; Vague de chaleur; Vague de gel,Organisationnelles,Capital humain,250 000 €,10,Moyen terme,0
Capitaliser sur les réalisations performantes de territoires comparables,"Mise à jour d’une procédure interne avec responsables nommés, seuils d’alerte et test sur un site pilote. Les décisions sont plus rapides lorsque les fortes chaleurs menacent la continuité des activités.",Fortes pluies; Inondation fluviale; Inondation nappe; Inondation pluie; Modif T° air; RGA; Stress Hydrique; Chaleur extrême; Tempêtes; Vague de chaleur; Vague de gel,Organisationnelles,Capital humain,15 000 €,1,Moyen terme,0
Promouvoir les outils d’évaluation de vulnérabilité,"Actualisation annuelle d’une cartographie des sites exposés, en intégrant les dernières projections climatiques et les incidents déjà observés. Les bâtiments, fournisseurs et équipements les plus vulnérables sont priorisés avant les prochaines fortes chaleurs ou inondations.",Fortes pluies; Inondation fluviale; Inondation nappe; Inondation pluie; Modif T° air; RGA; Stress Hydrique; Chaleur extrême; Tempêtes; Vague de chaleur; Vague de gel,Technique,CAPEX majoritaire > court terme,50 000 €,2,Court terme,7
Faciliter l’accès aux dispositifs d’accompagnement au diagnostic,"Actualisation annuelle d’une cartographie des sites exposés, en intégrant les dernières projections climatiques et les incidents déjà observés. Les bâtiments, fournisseurs et équipements les plus vulnérables sont priorisés avant les prochaines fortes chaleurs ou inondations.",Fortes pluies; Inondation fluviale; Inondation nappe; Inondation pluie; Modif T° air; RGA; Stress Hydrique; Chaleur extrême; Tempêtes; Vague de chaleur; Vague de gel,Organisationnelles,Capital humain,30 000 €,1,Moyen terme,7
Reconduire les petites subventions vertes pour les diagnostics de vulnérabilité,"Actualisation annuelle d’une cartographie des sites exposés, en intégrant les dernières projections climatiques et les incidents déjà observés. Les bâtiments, fournisseurs et équipements les plus vulnérables sont priorisés avant les prochaines fortes chaleurs ou inondations.",Fortes pluies; Inondation fluviale; Inondation nappe; Inondation pluie; Modif T° air; RGA; Stress Hydrique; Chaleur extrême; Tempêtes; Vague de chaleur; Vague de gel,Financières,Section par défaut,30 000 €,1,Moyen terme,7
Élaborer des plans d’urgence pour la santé et la productivité des travailleurs,"Installation d’un secours énergétique pour les équipements critiques, avec batteries, alimentation prioritaire et test semestriel. Les serveurs, laboratoires sensibles ou dispositifs de sécurité restent alimentés lors d’une coupure liée à une tempête ou une canicule.",Chaleur extrême; Vague de chaleur; Tempêtes; Fortes pluies; Inondation pluie; Vague de gel; Modif T° air; RGA; Stress Hydrique; Inondation fluviale; Inondation nappe; Non listé: feu; Non listé: submersion marine,Organisationnelles,OPEX majoritaire > main d’œuvre,30 000 €,1,Moyen terme,0
Développer un écosystème local de partenaires pour l’exposition aux aléas,"Actualisation annuelle d’une cartographie des sites exposés, en intégrant les dernières projections climatiques et les incidents déjà observés. Les bâtiments, fournisseurs et équipements les plus vulnérables sont priorisés avant les prochaines fortes chaleurs ou inondations.",Fortes pluies; Inondation fluviale; Inondation nappe; Inondation pluie; Modif T° air; RGA; Stress Hydrique; Chaleur extrême; Tempêtes; Vague de chaleur; Vague de gel; Biodiversité,Organisationnelles,OPEX majoritaire > main d’œuvre,50 000 €,2,Moyen terme,6
Élargir le C3IV aux projets d’IA dédiés à l’adaptation,"Équipement d’un bâtiment prioritaire avec protections physiques, capteurs de suivi et procédure de maintenance renforcée. Les usages essentiels sont mieux protégés lorsque les fortes chaleurs perturbent le site.",Fortes pluies; Inondation fluviale; Inondation nappe; Inondation pluie; Modif T° air; RGA; Stress Hydrique; Chaleur extrême; Tempêtes; Vague de chaleur; Vague de gel,Technique,CAPEX majoritaire > court terme,50 000 €,2,Court terme,0
Organiser un dialogue direct avec les salariés dans les entreprises sans CSE,"Mise à jour d’une procédure interne avec responsables nommés, seuils d’alerte et test sur un site pilote. Les décisions sont plus rapides lorsque les fortes chaleurs menacent la continuité des activités.",Fortes pluies; Inondation fluviale; Inondation nappe; Inondation pluie; Modif T° air; RGA; Stress Hydrique; Chaleur extrême; Tempêtes; Vague de chaleur; Vague de gel,Organisationnelles,OPEX majoritaire > main d’œuvre,15 000 €,1,Moyen terme,3
Prolonger le financement FNE-formation pour l’adaptation,"Création d’une ligne budgétaire dédiée à l’adaptation, couvrant diagnostics, travaux prioritaires et entretien renforcé. Les dépenses sont planifiées avant les dommages, ce qui évite des réparations urgentes plus coûteuses après un aléa climatique.",Fortes pluies; Inondation fluviale; Inondation nappe; Inondation pluie; Modif T° air; RGA; Stress Hydrique; Chaleur extrême; Tempêtes; Vague de chaleur; Vague de gel,Financières,OPEX majoritaire > main d’œuvre,30 000 €,1,Court terme,10
Utiliser le CPF pour les salariés concernés par une réorientation stratégique,"Formation courte des équipes exposées, avec consignes opérationnelles et exercice pratique sur site. Les personnes savent adapter leurs horaires, leurs déplacements et leurs gestes lors des fortes chaleurs.",Fortes pluies; Inondation fluviale; Inondation nappe; Inondation pluie; Modif T° air; RGA; Stress Hydrique; Chaleur extrême; Tempêtes; Vague de chaleur; Vague de gel,Humaines,OPEX majoritaire > main d’œuvre,30 000 €,1,Court terme,10
Créer des communautés de recherche de solutions d’adaptation,"Lancement d’un programme pilote sur matériaux frais, sobriété hydrique et suivi des îlots de chaleur sur le campus. Les résultats orientent les futurs travaux et réduisent l’exposition des bâtiments et usagers aux aléas climatiques.",Fortes pluies; Inondation fluviale; Inondation nappe; Inondation pluie; Modif T° air; RGA; Stress Hydrique; Chaleur extrême; Tempêtes; Vague de chaleur; Vague de gel,Organisationnelles,Capital humain,15 000 €,1,Court terme,0
Créer des groupes de travail transversaux sur la résilience des infrastructures,"Rénovation d’un bâtiment prioritaire avec isolation renforcée, protections solaires, ventilation nocturne et vérification des seuils d’inondation au rez-de-chaussée. Les occupants restent protégés et les activités essentielles peuvent continuer pendant les épisodes climatiques extrêmes.",Fortes pluies; Inondation fluviale; Inondation nappe; Inondation pluie; Modif T° air; RGA; Stress Hydrique; Chaleur extrême; Tempêtes; Vague de chaleur; Vague de gel,Organisationnelles,OPEX majoritaire > main d’œuvre,15 000 €,1,Moyen terme,0
Développer des accompagnements multi-enjeux de transition,"Mise à jour d’une procédure interne avec responsables nommés, seuils d’alerte et test sur un site pilote. Les décisions sont plus rapides lorsque les fortes chaleurs menacent la continuité des activités.",Fortes pluies; Inondation fluviale; Inondation nappe; Inondation pluie; Modif T° air; RGA; Stress Hydrique; Chaleur extrême; Tempêtes; Vague de chaleur; Vague de gel,Organisationnelles,Capital humain,15 000 €,1,Moyen terme,0
Créer un parcours d’audit d’éveil et d’audits de contrôle pour les PME,"Mise à jour d’une procédure interne avec responsables nommés, seuils d’alerte et test sur un site pilote. Les décisions sont plus rapides lorsque les fortes chaleurs menacent la continuité des activités.",Fortes pluies; Inondation fluviale; Inondation nappe; Inondation pluie; Modif T° air; RGA; Stress Hydrique; Chaleur extrême; Tempêtes; Vague de chaleur; Vague de gel,Organisationnelles,Capital humain,50 000 €,2,Moyen terme,0
Intégrer l’adaptation dans le questionnaire de cotation Banque de France,"Mise à jour d’une procédure interne avec responsables nommés, seuils d’alerte et test sur un site pilote. Les décisions sont plus rapides lorsque les fortes chaleurs menacent la continuité des activités.",Fortes pluies; Inondation fluviale; Inondation nappe; Inondation pluie; Modif T° air; RGA; Stress Hydrique; Chaleur extrême; Tempêtes; Vague de chaleur; Vague de gel; Tous aléas climatiques,Organisationnelles,OPEX majoritaire > main d’œuvre,15 000 €,1,Moyen terme,0
Accélérer les autorisations nécessaires aux nouvelles technologies d’adaptation,"Formation courte des équipes exposées, avec consignes opérationnelles et exercice pratique sur site. Les personnes savent adapter leurs horaires, leurs déplacements et leurs gestes lors des fortes chaleurs.",Fortes pluies; Inondation fluviale; Inondation nappe; Inondation pluie; Modif T° air; RGA; Stress Hydrique; Chaleur extrême; Tempêtes; Vague de chaleur; Vague de gel,Humaines,Section par défaut,15 000 €,1,Moyen terme,0
Soutenir la recherche sur les matériaux et procédés sobres en ressources,"Lancement d’un programme pilote sur matériaux frais, sobriété hydrique et suivi des îlots de chaleur sur le campus. Les résultats orientent les futurs travaux et réduisent l’exposition des bâtiments et usagers aux aléas climatiques.",Stress Hydrique; Modif T° air; Chaleur extrême,Technique,CAPEX majoritaire > long terme,250 000 €,10,Long terme,0
Favoriser les approches pluridisciplinaires,"Mise à jour d’une procédure interne avec responsables nommés, seuils d’alerte et test sur un site pilote. Les décisions sont plus rapides lorsque les fortes chaleurs menacent la continuité des activités.",Fortes pluies; Inondation fluviale; Inondation nappe; Inondation pluie; Modif T° air; RGA; Stress Hydrique; Chaleur extrême; Tempêtes; Vague de chaleur; Vague de gel; Tous aléas climatiques,Organisationnelles,OPEX majoritaire > main d’œuvre,15 000 €,1,Moyen terme,0
Sensibiliser les jeunes générations dès le collège,"Formation courte des équipes exposées, avec consignes opérationnelles et exercice pratique sur site. Les personnes savent adapter leurs horaires, leurs déplacements et leurs gestes lors des fortes chaleurs.",Fortes pluies; Inondation fluviale; Inondation nappe; Inondation pluie; Modif T° air; RGA; Stress Hydrique; Chaleur extrême; Tempêtes; Vague de chaleur; Vague de gel,Humaines,Capital humain,30 000 €,1,Court terme,0
Fluidifier la collaboration entre acteurs de la chaîne d’adaptation,"Organisation d’un exercice commun avec la commune, les voisins, les services de secours et les gestionnaires de réseaux. Les informations, lieux refuges et moyens matériels sont partagés plus vite lors d’un épisode extrême.",Fortes pluies; Inondation fluviale; Inondation nappe; Inondation pluie; Modif T° air; RGA; Stress Hydrique; Chaleur extrême; Tempêtes; Vague de chaleur; Vague de gel,Technique,Capital humain,50 000 €,2,Moyen terme,3
Inciter les secteurs exposés à repenser leur modèle d’affaires,"Mise à jour d’une procédure interne avec responsables nommés, seuils d’alerte et test sur un site pilote. Les décisions sont plus rapides lorsque les fortes chaleurs menacent la continuité des activités.",Fortes pluies; Inondation fluviale; Inondation nappe; Inondation pluie; Modif T° air; RGA; Stress Hydrique; Chaleur extrême; Tempêtes; Vague de chaleur; Vague de gel,Organisationnelles,OPEX majoritaire > main d’œuvre,15 000 €,1,Moyen terme,0
Garantir par l’État les prêts verts adaptation,"Réservation d’un budget annuel pour les diagnostics, travaux prioritaires et réparations préventives. Les investissements sont déclenchés avant les dégâts majeurs liés aux fortes chaleurs, ce qui réduit les interruptions et les surcoûts.",Fortes pluies; Inondation fluviale; Inondation nappe; Inondation pluie; Modif T° air; RGA; Stress Hydrique; Chaleur extrême; Tempêtes; Vague de chaleur; Vague de gel,Financières,Section par défaut,25 000 €,1,Moyen terme,0
Former les acteurs à la gouvernance partagée,"Formation courte des équipes exposées, avec consignes opérationnelles et exercice pratique sur site. Les personnes savent adapter leurs horaires, leurs déplacements et leurs gestes lors des fortes chaleurs.",Tous aléas climatiques; Modif T° air,Humaines,Capital humain,30 000 €,1,Court terme,10
Organiser une concertation citoyenne dédiée à la résilience,"Formation courte des équipes exposées, avec consignes opérationnelles et exercice pratique sur site. Les personnes savent adapter leurs horaires, leurs déplacements et leurs gestes lors des tous aléas climatiques.",Tous aléas climatiques,Humaines,Capital humain,30 000 €,1,Court terme,0
Garantir la transparence des informations de résilience,"Session annuelle pour les équipes, agents d’accueil et responsables de site, avec consignes canicule, conduite à tenir en cas d’inondation et exercices pratiques. Les personnes concernées reconnaissent les signaux d’alerte et réagissent plus vite.",Tous aléas climatiques; Modif T° air; Vague de chaleur; Fortes pluies; Inondation pluie; Stress Hydrique,Humaines,Capital humain,30 000 €,1,Court terme,10
Faire adopter politiquement la stratégie d’adaptation,"Inscription d’un point adaptation climatique à chaque comité stratégique, avec arbitrage budgétaire et suivi des obligations réglementaires. Les décisions d’investissement tiennent compte des conditions climatiques futures plutôt que du climat passé.",Tous aléas climatiques; Modif T° air; Chaleur extrême; Fortes pluies,Organisationnelles,OPEX majoritaire > main d’œuvre,30 000 €,1,Moyen terme,10
Renforcer la biodiversité et les habitats naturels,"Conservation d’une zone refuge non tondue, plantation de haies locales et liaison entre deux espaces verts par un corridor écologique. Les espèces trouvent des abris et peuvent se déplacer malgré la chaleur, la sécheresse ou les travaux sur le site.",Tous aléas climatiques; Biodiversité; Modif T° air,Technique,OPEX majoritaire > main d’œuvre,50 000 €,2,Long terme,6
Créer un réseau supra-communal de référents résilience,"Formation courte des équipes exposées, avec consignes opérationnelles et exercice pratique sur site. Les personnes savent adapter leurs horaires, leurs déplacements et leurs gestes lors des fortes chaleurs.",Tous aléas climatiques; Chaleur extrême,Humaines,OPEX majoritaire > main d’œuvre,25 000 €,1,Long terme,0
Prendre en compte les inégalités dans chaque projet,"Mise à jour d’une procédure interne avec responsables nommés, seuils d’alerte et test sur un site pilote. Les décisions sont plus rapides lorsque les tous aléas climatiques menacent la continuité des activités.",Tous aléas climatiques,Organisationnelles,CAPEX majoritaire > long terme,250 000 €,10,Long terme,0
Privilégier les actions multi-bénéfices,"Aménagement d’un espace pilote avec végétation locale, sol perméable et suivi de l’eau disponible. Le site gagne en fraîcheur, absorbe mieux les pluies et devient plus résistant face aux tous aléas climatiques.",Tous aléas climatiques,Solutions fondées sur la nature,CAPEX majoritaire > long terme,250 000 €,10,Long terme,6
Évaluer ex post les actions de résilience,"Mise à jour d’une procédure interne avec responsables nommés, seuils d’alerte et test sur un site pilote. Les décisions sont plus rapides lorsque les tous aléas climatiques menacent la continuité des activités.",Tous aléas climatiques,Organisationnelles,OPEX majoritaire > main d’œuvre,30 000 €,1,Moyen terme,7
Identifier les ressources et forces vives,"Mise à jour d’une procédure interne avec responsables nommés, seuils d’alerte et test sur un site pilote. Les décisions sont plus rapides lorsque les tous aléas climatiques menacent la continuité des activités.",Tous aléas climatiques,Organisationnelles,OPEX majoritaire > main d’œuvre,15 000 €,1,Moyen terme,0
Valoriser les savoir-faire et l’histoire locale,"Mise à jour d’une procédure interne avec responsables nommés, seuils d’alerte et test sur un site pilote. Les décisions sont plus rapides lorsque les tous aléas climatiques menacent la continuité des activités.",Tous aléas climatiques,Organisationnelles,Capital humain,15 000 €,1,Moyen terme,0
Développer les réseaux d’entraide de proximité,"Organisation d’un exercice commun avec la commune, les voisins, les services de secours et les gestionnaires de réseaux. Les informations, lieux refuges et moyens matériels sont partagés plus vite lors d’un épisode extrême.",Tous aléas climatiques; Vague de chaleur; Chaleur extrême; Modif T° air; RGA; Stress Hydrique; Tempêtes; Inondation fluviale; Inondation pluie; Inondation nappe; Non listé: feu,Humaines,Capital humain,25 000 €,1,Long terme,0
Soutenir les initiatives citoyennes de résilience,"Réservation d’un budget annuel pour les diagnostics, travaux prioritaires et réparations préventives. Les investissements sont déclenchés avant les dégâts majeurs liés aux tous aléas climatiques, ce qui réduit les interruptions et les surcoûts.",Tous aléas climatiques,Financières,OPEX majoritaire > main d’œuvre,15 000 €,1,Moyen terme,0
Réaliser un diagnostic partagé des aléas,"Actualisation annuelle d’une cartographie des sites exposés, en intégrant les dernières projections climatiques et les incidents déjà observés. Les bâtiments, fournisseurs et équipements les plus vulnérables sont priorisés avant les prochaines fortes chaleurs ou inondations.",Fortes pluies; Inondation fluviale; Inondation pluie; RGA; Stress Hydrique; Chaleur extrême; Tempêtes; Vague de chaleur; Vague de gel; Tous aléas climatiques,Organisationnelles,OPEX majoritaire > main d’œuvre,50 000 €,2,Moyen terme,7
Réaliser des diagnostics réguliers de vulnérabilité,"Actualisation annuelle d’une cartographie des sites exposés, en intégrant les dernières projections climatiques et les incidents déjà observés. Les bâtiments, fournisseurs et équipements les plus vulnérables sont priorisés avant les prochaines fortes chaleurs ou inondations.",Tous aléas climatiques; Fortes pluies; Inondation fluviale; Inondation nappe; Inondation pluie; RGA; Tempêtes,Organisationnelles,OPEX majoritaire > main d’œuvre,50 000 €,2,Moyen terme,7
Analyser les phénomènes concomitants,"Actualisation annuelle d’une cartographie des sites exposés, en intégrant les dernières projections climatiques et les incidents déjà observés. Les bâtiments, fournisseurs et équipements les plus vulnérables sont priorisés avant les prochaines fortes chaleurs ou inondations.",Fortes pluies; Inondation fluviale; Stress Hydrique; Chaleur extrême; Tempêtes; Inondation pluie,Technique,OPEX majoritaire > main d’œuvre,250 000 €,10,Moyen terme,0
Mettre en place une comitologie d’adaptation,"Équipement d’un bâtiment prioritaire avec protections physiques, capteurs de suivi et procédure de maintenance renforcée. Les usages essentiels sont mieux protégés lorsque les tous aléas climatiques perturbent le site.",Tous aléas climatiques,Technique,OPEX majoritaire > main d’œuvre,50 000 €,2,Moyen terme,0
Mettre en place un observatoire partenarial des vulnérabilités,"Actualisation annuelle d’une cartographie des sites exposés, en intégrant les dernières projections climatiques et les incidents déjà observés. Les bâtiments, fournisseurs et équipements les plus vulnérables sont priorisés avant les prochaines fortes chaleurs ou inondations.",Tous aléas climatiques,Organisationnelles,CAPEX majoritaire > court terme,50 000 €,2,Court terme,0
Traduire localement les limites planétaires,"Mise à jour d’une procédure interne avec responsables nommés, seuils d’alerte et test sur un site pilote. Les décisions sont plus rapides lorsque les fortes chaleurs menacent la continuité des activités.",Tous aléas climatiques; Modif T° air; Stress Hydrique; Chaleur extrême,Organisationnelles,OPEX majoritaire > main d’œuvre,50 000 €,2,Moyen terme,0
Organiser des chantiers collectifs d’intérêt général,"Formation courte des équipes exposées, avec consignes opérationnelles et exercice pratique sur site. Les personnes savent adapter leurs horaires, leurs déplacements et leurs gestes lors des tous aléas climatiques.",Tous aléas climatiques,Humaines,Capital humain,30 000 €,1,Court terme,0
Créer un réseau de bénévoles et d’ambassadeurs de la résilience,"Formation courte des équipes exposées, avec consignes opérationnelles et exercice pratique sur site. Les personnes savent adapter leurs horaires, leurs déplacements et leurs gestes lors des fortes chaleurs.",Tous aléas climatiques; Chaleur extrême; Vague de chaleur,Humaines,Capital humain,25 000 €,1,Long terme,0
Mobiliser les arts et la culture pour sensibiliser,"Formation courte des équipes exposées, avec consignes opérationnelles et exercice pratique sur site. Les personnes savent adapter leurs horaires, leurs déplacements et leurs gestes lors des tous aléas climatiques.",Tous aléas climatiques,Humaines,Capital humain,30 000 €,1,Court terme,0
Assurer la cohérence entre les plans de crise,"Scénario de crise testé avant l’été : bascule en télétravail, salles fraîches ouvertes, contact fournisseurs critiques et procédure de fermeture temporaire. Les équipes savent quoi faire lorsque chaleur, inondation ou tempête perturbent le fonctionnement normal.",Tous aléas climatiques; Fortes pluies; Inondation fluviale; Inondation pluie; Stress Hydrique; Chaleur extrême; Tempêtes,Organisationnelles,OPEX majoritaire > main d’œuvre,30 000 €,1,Moyen terme,0
Généraliser les démarches de relèvement post-choc,"Mise à jour d’une procédure interne avec responsables nommés, seuils d’alerte et test sur un site pilote. Les décisions sont plus rapides lorsque les tous aléas climatiques menacent la continuité des activités.",Tous aléas climatiques,Organisationnelles,CAPEX majoritaire > long terme,250 000 €,10,Long terme,0
Réaliser des exercices fictifs d’urgence,"Installation d’un secours énergétique pour les équipements critiques, avec batteries, alimentation prioritaire et test semestriel. Les serveurs, laboratoires sensibles ou dispositifs de sécurité restent alimentés lors d’une coupure liée à une tempête ou une canicule.",Inondation fluviale; Inondation pluie; Tempêtes; Chaleur extrême; Vague de chaleur; Vague de gel; Tous aléas climatiques,Organisationnelles,Capital humain,15 000 €,1,Moyen terme,0
Développer des exercices de prospective participative,"Mise à jour d’une procédure interne avec responsables nommés, seuils d’alerte et test sur un site pilote. Les décisions sont plus rapides lorsque les tous aléas climatiques menacent la continuité des activités.",Tous aléas climatiques; Enneigement; Retrait glaciaire,Organisationnelles,OPEX majoritaire > main d’œuvre,15 000 €,1,Moyen terme,0
Surveiller les crues via des plateformes d’alerte,"Mise à jour d’une procédure interne avec responsables nommés, seuils d’alerte et test sur un site pilote. Les décisions sont plus rapides lorsque les fortes chaleurs menacent la continuité des activités.",Fortes pluies; Inondation fluviale; Inondation pluie; Tempêtes; Chaleur extrême; Vague de chaleur; Vague de gel,Organisationnelles,CAPEX majoritaire > court terme,50 000 €,2,Court terme,0
Identifier les canaux de diffusion de l’alerte,"Équipement d’un bâtiment prioritaire avec protections physiques, capteurs de suivi et procédure de maintenance renforcée. Les usages essentiels sont mieux protégés lorsque les fortes chaleurs perturbent le site.",Inondation fluviale; Inondation pluie; Tempêtes; Chaleur extrême; Vague de chaleur; Vague de gel,Technique,OPEX majoritaire > main d’œuvre,250 000 €,10,Long terme,0
Mettre en place des réponses low-tech et réversibles,"Mise à jour d’une procédure interne avec responsables nommés, seuils d’alerte et test sur un site pilote. Les décisions sont plus rapides lorsque les tous aléas climatiques menacent la continuité des activités.",Tous aléas climatiques,Organisationnelles,CAPEX majoritaire > court terme,50 000 €,2,Court terme,0
Soutenir les expérimentations et innovations frugales,"Lancement d’un programme pilote sur matériaux frais, sobriété hydrique et suivi des îlots de chaleur sur le campus. Les résultats orientent les futurs travaux et réduisent l’exposition des bâtiments et usagers aux aléas climatiques.",Tous aléas climatiques; Vague de chaleur; Chaleur extrême; Fortes pluies,Financières,CAPEX majoritaire > court terme,15 000 €,1,Court terme,0
Construire de nouveaux récits inspirants et mobilisateurs,"Formation courte des équipes exposées, avec consignes opérationnelles et exercice pratique sur site. Les personnes savent adapter leurs horaires, leurs déplacements et leurs gestes lors des tous aléas climatiques.",Tous aléas climatiques,Humaines,Capital humain,50 000 €,2,Moyen terme,0
Identifier collectivement les besoins vitaux,"Mise à jour d’une procédure interne avec responsables nommés, seuils d’alerte et test sur un site pilote. Les décisions sont plus rapides lorsque les fortes chaleurs menacent la continuité des activités.",Tous aléas climatiques; Fortes pluies; Inondation fluviale; Inondation pluie; Tempêtes; Chaleur extrême; Vague de gel,Organisationnelles,CAPEX majoritaire > long terme,250 000 €,10,Long terme,0
Accompagner la transition vers une économie sobre et résiliente,"Mise à jour d’une procédure interne avec responsables nommés, seuils d’alerte et test sur un site pilote. Les décisions sont plus rapides lorsque les fortes chaleurs menacent la continuité des activités.",Stress Hydrique; Modif T° air; Tous aléas climatiques,Organisationnelles,CAPEX majoritaire > long terme,250 000 €,10,Long terme,0
Développer les circuits courts et activités stratégiques locales,"Aménagement d’un espace pilote avec végétation locale, sol perméable et suivi de l’eau disponible. Le site gagne en fraîcheur, absorbe mieux les pluies et devient plus résistant face aux fortes chaleurs.",Stress Hydrique; Tempêtes; Tous aléas climatiques; Chaleur extrême; Modif T° air; Fortes pluies,Solutions fondées sur la nature,CAPEX majoritaire > long terme,250 000 €,10,Long terme,10
Conditionner les investissements à la soutenabilité long terme,"Création d’une ligne budgétaire dédiée à l’adaptation, couvrant diagnostics, travaux prioritaires et entretien renforcé. Les dépenses sont planifiées avant les dommages, ce qui évite des réparations urgentes plus coûteuses après un aléa climatique.",Tous aléas climatiques,Financières,CAPEX majoritaire > long terme,250 000 €,10,Long terme,0
Élaborer une gouvernance des communs,"Mise à jour d’une procédure interne avec responsables nommés, seuils d’alerte et test sur un site pilote. Les décisions sont plus rapides lorsque les fortes chaleurs menacent la continuité des activités.",Tous aléas climatiques; Vague de chaleur; Chaleur extrême; Tempêtes; Fortes pluies,Organisationnelles,OPEX majoritaire > main d’œuvre,15 000 €,1,Moyen terme,0
Éviter les constructions dans les zones exposées,"Équipement d’un bâtiment prioritaire avec protections physiques, capteurs de suivi et procédure de maintenance renforcée. Les usages essentiels sont mieux protégés lorsque les fortes pluies et inondations perturbent le site.",Inondation fluviale; Inondation nappe; Inondation pluie; RGA; Tempêtes,Technique,OPEX majoritaire > main d’œuvre,250 000 €,10,Long terme,0
Intégrer la recomposition spatiale dans le projet de territoire,"Équipement d’un bâtiment prioritaire avec protections physiques, capteurs de suivi et procédure de maintenance renforcée. Les usages essentiels sont mieux protégés lorsque les fortes pluies et inondations perturbent le site.",Inondation fluviale; Inondation pluie; RGA; Tempêtes; Stress Hydrique,Technique,CAPEX majoritaire > long terme,250 000 €,10,Long terme,0
Intégrer le risque dans le dimensionnement des systèmes,"Équipement d’un bâtiment prioritaire avec protections physiques, capteurs de suivi et procédure de maintenance renforcée. Les usages essentiels sont mieux protégés lorsque les fortes chaleurs perturbent le site.",Fortes pluies; Inondation fluviale; Inondation pluie; RGA; Chaleur extrême; Tempêtes; Vague de gel; Enneigement; Biodiversité,Technique,CAPEX majoritaire > long terme,250 000 €,10,Long terme,6
Gérer le patrimoine existant de façon intégrée,"Équipement d’un bâtiment prioritaire avec protections physiques, capteurs de suivi et procédure de maintenance renforcée. Les usages essentiels sont mieux protégés lorsque les tous aléas climatiques perturbent le site.",Tous aléas climatiques,Technique,OPEX majoritaire > main d’œuvre,50 000 €,2,Moyen terme,0
Renforcer la solidité des infrastructures critiques,"Rénovation d’un bâtiment prioritaire avec isolation renforcée, protections solaires, ventilation nocturne et vérification des seuils d’inondation au rez-de-chaussée. Les occupants restent protégés et les activités essentielles peuvent continuer pendant les épisodes climatiques extrêmes.",Fortes pluies; Inondation fluviale; Inondation pluie; RGA; Tempêtes; Vague de gel; Chaleur extrême,Technique,CAPEX majoritaire > long terme,250 000 €,10,Long terme,0
Anticiper l’adaptabilité et la réversibilité des systèmes,"Équipement d’un bâtiment prioritaire avec protections physiques, capteurs de suivi et procédure de maintenance renforcée. Les usages essentiels sont mieux protégés lorsque les tous aléas climatiques perturbent le site.",Tous aléas climatiques; Enneigement; Mouvements de terrain,Technique,CAPEX majoritaire > long terme,250 000 €,10,Long terme,0
Assurer les capacités de réserve et la redondance,"Mise à jour d’une procédure interne avec responsables nommés, seuils d’alerte et test sur un site pilote. Les décisions sont plus rapides lorsque les fortes chaleurs menacent la continuité des activités.",Inondation fluviale; Inondation pluie; Tempêtes; Chaleur extrême; Vague de chaleur; Vague de gel,Organisationnelles,CAPEX majoritaire > long terme,250 000 €,10,Long terme,0
Diversifier les viviers de ressources,"Mise à jour d’une procédure interne avec responsables nommés, seuils d’alerte et test sur un site pilote. Les décisions sont plus rapides lorsque les fortes chaleurs menacent la continuité des activités.",Tous aléas climatiques; Modif T° air; Fortes pluies; Stress Hydrique; Chaleur extrême; Tempêtes; Vague de chaleur,Organisationnelles,OPEX majoritaire > main d’œuvre,30 000 €,1,Moyen terme,0
Choisir des revêtements de murs et de toits à fort albédo,"Équipement d’un bâtiment prioritaire avec protections physiques, capteurs de suivi et procédure de maintenance renforcée. Les usages essentiels sont mieux protégés lorsque les fortes chaleurs perturbent le site.",Vague de chaleur; Chaleur extrême; Modif T° air,Technique,CAPEX majoritaire > long terme,250 000 €,10,Long terme,0
Mettre en place une procédure tempête,"Mise à jour d’une procédure interne avec responsables nommés, seuils d’alerte et test sur un site pilote. Les décisions sont plus rapides lorsque les tempêtes menacent la continuité des activités.",Tempêtes; Vents violents,Organisationnelles,OPEX majoritaire > main d’œuvre,50 000 €,2,Court terme,0
Améliorer l’isolation et l’inertie des parois opaques,"Équipement d’un bâtiment prioritaire avec protections physiques, capteurs de suivi et procédure de maintenance renforcée. Les usages essentiels sont mieux protégés lorsque les fortes chaleurs perturbent le site.",Vague de chaleur; Chaleur extrême; Modif T° air,Technique,CAPEX majoritaire > long terme,250 000 €,10,Long terme,0
Rigidifier la structure du bâtiment,"Rénovation d’un bâtiment prioritaire avec isolation renforcée, protections solaires, ventilation nocturne et vérification des seuils d’inondation au rez-de-chaussée. Les occupants restent protégés et les activités essentielles peuvent continuer pendant les épisodes climatiques extrêmes.",RGA; Stress Hydrique; Inondation fluviale; Inondation pluie; Inondation nappe; Mouvements de terrain,Technique,CAPEX majoritaire > long terme,250 000 €,10,Long terme,0
Utiliser des matériaux résistants à l’eau,"Équipement d’un bâtiment prioritaire avec protections physiques, capteurs de suivi et procédure de maintenance renforcée. Les usages essentiels sont mieux protégés lorsque les fortes pluies et inondations perturbent le site.",Inondation fluviale; Inondation pluie; Inondation nappe; Non listé: submersion marine; Submersion marine,Technique,CAPEX majoritaire > long terme,250 000 €,10,Long terme,0
Optimiser lumière naturelle par vitrages et puits de jour,"Équipement d’un bâtiment prioritaire avec protections physiques, capteurs de suivi et procédure de maintenance renforcée. Les usages essentiels sont mieux protégés lorsque les fortes chaleurs perturbent le site.",Vague de chaleur; Chaleur extrême; Modif T° air,Technique,CAPEX majoritaire > long terme,250 000 €,10,Long terme,0
Rafraîchir les espaces intérieurs par le sol,"Équipement d’un bâtiment prioritaire avec protections physiques, capteurs de suivi et procédure de maintenance renforcée. Les usages essentiels sont mieux protégés lorsque les fortes chaleurs perturbent le site.",Vague de chaleur; Chaleur extrême; Modif T° air; Stress Hydrique,Technique,CAPEX majoritaire > long terme,250 000 €,10,Long terme,0
Limiter les variations du taux d’humidité du sol,"Équipement d’un bâtiment prioritaire avec protections physiques, capteurs de suivi et procédure de maintenance renforcée. Les usages essentiels sont mieux protégés lorsque les sécheresse perturbent le site.",RGA; Stress Hydrique,Technique,CAPEX majoritaire > long terme,250 000 €,10,Long terme,0
Choisir des équipements à faible émission de chaleur,"Équipement d’un bâtiment prioritaire avec protections physiques, capteurs de suivi et procédure de maintenance renforcée. Les usages essentiels sont mieux protégés lorsque les fortes chaleurs perturbent le site.",Vague de chaleur; Chaleur extrême; Modif T° air,Technique,CAPEX majoritaire > court terme,250 000 €,10,Court terme,0
Communiquer sur les risques aux occupants,"Mise à jour d’une procédure interne avec responsables nommés, seuils d’alerte et test sur un site pilote. Les décisions sont plus rapides lorsque les fortes chaleurs menacent la continuité des activités.",Vague de chaleur; Chaleur extrême; Modif T° air; RGA; Stress Hydrique; Tempêtes; Inondation fluviale; Inondation pluie; Inondation nappe; Non listé: feu; Fortes pluies,Organisationnelles,Capital humain,15 000 €,1,Moyen terme,0
Concentrer les équipements et activités essentiels aux étages supérieurs,"Déplacement des archives, serveurs et équipements coûteux hors des zones inondables, puis installation aux étages supérieurs avec accès sécurisé. Les pertes matérielles diminuent fortement en cas de crue ou de ruissellement intense.",Inondation fluviale; Inondation pluie; Inondation nappe; Non listé: submersion marine; Submersion marine,Technique,CAPEX majoritaire > court terme,50 000 €,2,Court terme,0
Définir une stratégie face au risque d’inondation,"Inscription d’un point adaptation climatique à chaque comité stratégique, avec arbitrage budgétaire et suivi des obligations réglementaires. Les décisions d’investissement tiennent compte des conditions climatiques futures plutôt que du climat passé.",Inondation fluviale; Inondation pluie; Inondation nappe; Non listé: submersion marine,Organisationnelles,OPEX majoritaire > main d’œuvre,30 000 €,1,Moyen terme,10
Ancrer au sol les hébergements,"Équipement d’un bâtiment prioritaire avec protections physiques, capteurs de suivi et procédure de maintenance renforcée. Les usages essentiels sont mieux protégés lorsque les fortes pluies et inondations perturbent le site.",Tempêtes; Inondation fluviale; Inondation pluie; Inondation nappe; Non listé: submersion marine; Submersion marine,Technique,CAPEX majoritaire > court terme,50 000 €,2,Court terme,0
Protéger les réseaux,"Organisation d’un exercice commun avec la commune, les voisins, les services de secours et les gestionnaires de réseaux. Les informations, lieux refuges et moyens matériels sont partagés plus vite lors d’un épisode extrême.",Vague de chaleur; Chaleur extrême; Modif T° air; RGA; Stress Hydrique; Tempêtes; Inondation fluviale; Inondation pluie; Inondation nappe; Non listé: feu; Non listé: submersion marine; Fortes pluies,Technique,CAPEX majoritaire > long terme,250 000 €,10,Long terme,0
Se raccorder au réseau de froid urbain,"Équipement d’un bâtiment prioritaire avec protections physiques, capteurs de suivi et procédure de maintenance renforcée. Les usages essentiels sont mieux protégés lorsque les fortes chaleurs perturbent le site.",Vague de chaleur; Chaleur extrême; Modif T° air,Technique,CAPEX majoritaire > long terme,250 000 €,10,Long terme,0
"Combiner transports collectifs, modes actifs et transport à la demande","Mise à jour d’une procédure interne avec responsables nommés, seuils d’alerte et test sur un site pilote. Les décisions sont plus rapides lorsque les fortes chaleurs menacent la continuité des activités.",Modif T° air; Chaleur extrême,Organisationnelles,CAPEX majoritaire > long terme,250 000 €,10,Long terme,0
Élaborer un plan d’actions opérationnel modes actifs,"Mise à jour d’une procédure interne avec responsables nommés, seuils d’alerte et test sur un site pilote. Les décisions sont plus rapides lorsque les fortes chaleurs menacent la continuité des activités.",Modif T° air; Chaleur extrême,Organisationnelles,Capital humain,30 000 €,1,Moyen terme,0
Former les élus et techniciens aux enjeux de mobilité,"Formation courte des équipes exposées, avec consignes opérationnelles et exercice pratique sur site. Les personnes savent adapter leurs horaires, leurs déplacements et leurs gestes lors des fortes chaleurs.",Modif T° air; Chaleur extrême; Stress Hydrique,Humaines,Capital humain,30 000 €,1,Court terme,10
Choisir des solutions de prévention des risques adaptées localement,"Mise à jour d’une procédure interne avec responsables nommés, seuils d’alerte et test sur un site pilote. Les décisions sont plus rapides lorsque les fortes pluies et inondations menacent la continuité des activités.",Fortes pluies; Inondation fluviale; Inondation pluie; RGA; Tempêtes,Organisationnelles,CAPEX majoritaire > long terme,250 000 €,10,Long terme,0
Diagnostiquer les routes inondables,"Équipement d’un bâtiment prioritaire avec protections physiques, capteurs de suivi et procédure de maintenance renforcée. Les usages essentiels sont mieux protégés lorsque les fortes pluies et inondations perturbent le site.",Fortes pluies; Inondation fluviale; Inondation pluie,Technique,OPEX majoritaire > main d’œuvre,250 000 €,10,Long terme,0
Cartographier les points vulnérables du réseau routier,"Actualisation annuelle d’une cartographie des sites exposés, en intégrant les dernières projections climatiques et les incidents déjà observés. Les bâtiments, fournisseurs et équipements les plus vulnérables sont priorisés avant les prochaines fortes chaleurs ou inondations.",Fortes pluies; Inondation fluviale; Inondation pluie,Technique,OPEX majoritaire > main d’œuvre,250 000 €,10,Long terme,0
Hiérarchiser les bâtiments publics par niveaux de risque,"Rénovation d’un bâtiment prioritaire avec isolation renforcée, protections solaires, ventilation nocturne et vérification des seuils d’inondation au rez-de-chaussée. Les occupants restent protégés et les activités essentielles peuvent continuer pendant les épisodes climatiques extrêmes.",Vague de chaleur; Chaleur extrême; Fortes pluies; Tempêtes; RGA,Technique,CAPEX majoritaire > long terme,250 000 €,10,Long terme,0
Intégrer l’adaptation aux constructions neuves et rénovations lourdes,"Équipement d’un bâtiment prioritaire avec protections physiques, capteurs de suivi et procédure de maintenance renforcée. Les usages essentiels sont mieux protégés lorsque les fortes chaleurs perturbent le site.",Vague de chaleur; Chaleur extrême; Fortes pluies; Tempêtes; RGA,Technique,CAPEX majoritaire > long terme,250 000 €,10,Long terme,0
Mener des actions d’opportunisme lors de travaux ponctuels,"Mise à jour d’une procédure interne avec responsables nommés, seuils d’alerte et test sur un site pilote. Les décisions sont plus rapides lorsque les fortes chaleurs menacent la continuité des activités.",Vague de chaleur; Chaleur extrême; Fortes pluies; Tempêtes; RGA,Organisationnelles,OPEX majoritaire > main d’œuvre,30 000 €,1,Court terme,0
Programmer des interventions reproductibles à grande échelle,"Équipement d’un bâtiment prioritaire avec protections physiques, capteurs de suivi et procédure de maintenance renforcée. Les usages essentiels sont mieux protégés lorsque les fortes chaleurs perturbent le site.",Vague de chaleur; Chaleur extrême,Technique,CAPEX majoritaire > court terme,50 000 €,2,Court terme,0
Engager une Stratégie d’Optimisation Foncière Territoriale,"Inscription d’un point adaptation climatique à chaque comité stratégique, avec arbitrage budgétaire et suivi des obligations réglementaires. Les décisions d’investissement tiennent compte des conditions climatiques futures plutôt que du climat passé.",Modif T° air; Stress Hydrique; Fortes pluies; Chaleur extrême,Organisationnelles,Capital humain,30 000 €,1,Long terme,10
Mettre en place un observatoire foncier,"Équipement d’un bâtiment prioritaire avec protections physiques, capteurs de suivi et procédure de maintenance renforcée. Les usages essentiels sont mieux protégés lorsque les fortes chaleurs perturbent le site.",Modif T° air; Stress Hydrique,Technique,OPEX majoritaire > main d’œuvre,50 000 €,2,Moyen terme,0
Intégrer les données foncières dans le PLUi et les outils de suivi,"Tableau de bord mensuel avec jours de fermeture liés à la chaleur, dégâts après pluie intense, incidents fournisseurs et coûts de maintenance climatique. Les tendances repérées déclenchent des ajustements rapides avant que les fragilités ne s’aggravent.",Modif T° air; Stress Hydrique; Fortes pluies,Organisationnelles,CAPEX majoritaire > court terme,50 000 €,2,Court terme,7
"Inventorier les friches par photo-interprétation, terrain et échanges élus","Conservation d’une zone refuge non tondue, plantation de haies locales et liaison entre deux espaces verts par un corridor écologique. Les espèces trouvent des abris et peuvent se déplacer malgré la chaleur, la sécheresse ou les travaux sur le site.",Modif T° air; Stress Hydrique,Humaines,OPEX majoritaire > main d’œuvre,15 000 €,1,Moyen terme,0
Étudier plusieurs destinations possibles pour les friches,"Conservation d’une zone refuge non tondue, plantation de haies locales et liaison entre deux espaces verts par un corridor écologique. Les espèces trouvent des abris et peuvent se déplacer malgré la chaleur, la sécheresse ou les travaux sur le site.",Modif T° air; Stress Hydrique; Fortes pluies; Chaleur extrême,Organisationnelles,Capital humain,15 000 €,1,Moyen terme,0
Réaliser une cartographie des enjeux de renaturation,"Actualisation annuelle d’une cartographie des sites exposés, en intégrant les dernières projections climatiques et les incidents déjà observés. Les bâtiments, fournisseurs et équipements les plus vulnérables sont priorisés avant les prochaines fortes chaleurs ou inondations.",Vague de chaleur; Chaleur extrême; Fortes pluies; Inondation pluie; Stress Hydrique,Technique,OPEX majoritaire > main d’œuvre,250 000 €,10,Long terme,6
Identifier les sites prioritaires de renaturation avec les habitants,"Formation courte des équipes exposées, avec consignes opérationnelles et exercice pratique sur site. Les personnes savent adapter leurs horaires, leurs déplacements et leurs gestes lors des fortes chaleurs.",Vague de chaleur; Chaleur extrême; Fortes pluies; Stress Hydrique; Inondation pluie; Tempêtes,Humaines,Capital humain,25 000 €,1,Long terme,6
Délimiter les périmètres PENAP de protection agricole et naturelle,"Mise à jour d’une procédure interne avec responsables nommés, seuils d’alerte et test sur un site pilote. Les décisions sont plus rapides lorsque les fortes chaleurs menacent la continuité des activités.",Vague de chaleur; Chaleur extrême; Stress Hydrique; Fortes pluies; Modif T° air,Organisationnelles,Capital humain,50 000 €,2,Long terme,0
Évaluer l’exposition aux aléas climatiques,"Actualisation annuelle d’une cartographie des sites exposés, en intégrant les dernières projections climatiques et les incidents déjà observés. Les bâtiments, fournisseurs et équipements les plus vulnérables sont priorisés avant les prochaines fortes chaleurs ou inondations.",Tous aléas climatiques,Organisationnelles,OPEX majoritaire > main d’œuvre,15 000 €,1,Moyen terme,7
Désigner un pilote Adaptation,"Formation courte des équipes exposées, avec consignes opérationnelles et exercice pratique sur site. Les personnes savent adapter leurs horaires, leurs déplacements et leurs gestes lors des fortes chaleurs.",Tous aléas climatiques; Fortes pluies; Inondation pluie; RGA; Chaleur extrême; Tempêtes,Humaines,OPEX majoritaire > main d’œuvre,15 000 €,1,Moyen terme,0
Développer des services touristiques sur de nouvelles saisonnalités,"Formation courte des équipes exposées, avec consignes opérationnelles et exercice pratique sur site. Les personnes savent adapter leurs horaires, leurs déplacements et leurs gestes lors des fortes chaleurs.",Vague de chaleur; Enneigement; Stress Hydrique; Chaleur extrême,Humaines,Capital humain,25 000 €,1,Long terme,0
Diversifier l’économie touristique par des modèles hybrides,"Mise à jour d’une procédure interne avec responsables nommés, seuils d’alerte et test sur un site pilote. Les décisions sont plus rapides lorsque les tous aléas climatiques menacent la continuité des activités.",Tous aléas climatiques,Organisationnelles,CAPEX majoritaire > long terme,250 000 €,10,Long terme,0
Réguler les flux touristiques selon la capacité de charge et l’eau disponible,"Mise à jour d’une procédure interne avec responsables nommés, seuils d’alerte et test sur un site pilote. Les décisions sont plus rapides lorsque les fortes chaleurs menacent la continuité des activités.",Vague de chaleur; Stress Hydrique; Biodiversité,Organisationnelles,OPEX majoritaire > main d’œuvre,50 000 €,2,Moyen terme,6
Aménager des zones d’expansion des crues,"Aménagement d’un espace pilote avec végétation locale, sol perméable et suivi de l’eau disponible. Le site gagne en fraîcheur, absorbe mieux les pluies et devient plus résistant face aux fortes pluies et inondations.",Fortes pluies; Inondation fluviale; Inondation pluie,Solutions fondées sur la nature,CAPEX majoritaire > long terme,250 000 €,10,Long terme,6
Concevoir des véloroutes ombragées,"Plantation d’arbres d’ombrage, création de massifs végétalisés et choix d’essences capables de supporter le climat futur local. Les cheminements et façades exposés restent plus frais, ce qui réduit l’inconfort pendant les fortes chaleurs.",Vague de chaleur; Chaleur extrême,Solutions fondées sur la nature,CAPEX majoritaire > long terme,250 000 €,10,Long terme,6
Concevoir des circuits touristiques fraîcheur,"Aménagement d’un espace pilote avec végétation locale, sol perméable et suivi de l’eau disponible. Le site gagne en fraîcheur, absorbe mieux les pluies et devient plus résistant face aux fortes chaleurs.",Vague de chaleur; Chaleur extrême,Solutions fondées sur la nature,CAPEX majoritaire > court terme,250 000 €,10,Court terme,6
Mettre en place un plan Canicule intégrant les flux touristiques,"Équipement d’un bâtiment prioritaire avec protections physiques, capteurs de suivi et procédure de maintenance renforcée. Les usages essentiels sont mieux protégés lorsque les fortes chaleurs perturbent le site.",Vague de chaleur; Chaleur extrême; Feux de forêt; Stress Hydrique,Technique,OPEX majoritaire > main d’œuvre,250 000 €,10,Long terme,0
Restreindre la circulation automobile en milieu urbain dense,"Mise à jour d’une procédure interne avec responsables nommés, seuils d’alerte et test sur un site pilote. Les décisions sont plus rapides lorsque les fortes chaleurs menacent la continuité des activités.",Vague de chaleur; Chaleur extrême,Organisationnelles,OPEX majoritaire > main d’œuvre,250 000 €,10,Long terme,0
Renforcer l’isolation estivale et l’aération du bâti touristique,"Équipement d’un bâtiment prioritaire avec protections physiques, capteurs de suivi et procédure de maintenance renforcée. Les usages essentiels sont mieux protégés lorsque les fortes chaleurs perturbent le site.",Vague de chaleur; Chaleur extrême,Technique,CAPEX majoritaire > long terme,250 000 €,10,Long terme,0
Informer sur le maintien de la fraîcheur en chambres non climatisées,"Formation courte des équipes exposées, avec consignes opérationnelles et exercice pratique sur site. Les personnes savent adapter leurs horaires, leurs déplacements et leurs gestes lors des fortes chaleurs.",Vague de chaleur; Chaleur extrême,Humaines,Capital humain,25 000 €,1,Long terme,10
Adapter les plages horaires des services,"Adaptation des horaires pendant les canicules, bascule de certains cours ou réunions à distance et accès prioritaire aux espaces rafraîchis. Les salariés, prestataires et usagers restent protégés sans interrompre totalement les activités.",Vague de chaleur; Chaleur extrême,Organisationnelles,OPEX majoritaire > main d’œuvre,15 000 €,1,Moyen terme,0
Adapter les menus en période chaude,"Mise à jour d’une procédure interne avec responsables nommés, seuils d’alerte et test sur un site pilote. Les décisions sont plus rapides lorsque les fortes chaleurs menacent la continuité des activités.",Vague de chaleur; Chaleur extrême,Organisationnelles,OPEX majoritaire > main d’œuvre,250 000 €,10,Long terme,0
Former aux bons usages des bâtiments en période chaude,"Rénovation d’un bâtiment prioritaire avec isolation renforcée, protections solaires, ventilation nocturne et vérification des seuils d’inondation au rez-de-chaussée. Les occupants restent protégés et les activités essentielles peuvent continuer pendant les épisodes climatiques extrêmes.",Vague de chaleur; Chaleur extrême,Humaines,Capital humain,25 000 €,1,Long terme,10
Mettre en place une gestion technique de la chaleur,"Équipement d’un bâtiment prioritaire avec protections physiques, capteurs de suivi et procédure de maintenance renforcée. Les usages essentiels sont mieux protégés lorsque les fortes chaleurs perturbent le site.",Vague de chaleur; Chaleur extrême,Technique,CAPEX majoritaire > court terme,250 000 €,10,Court terme,0
Développer les usages rafraîchissants de l’eau,"Équipement d’un bâtiment prioritaire avec protections physiques, capteurs de suivi et procédure de maintenance renforcée. Les usages essentiels sont mieux protégés lorsque les fortes chaleurs perturbent le site.",Vague de chaleur; Stress Hydrique; Chaleur extrême,Technique,CAPEX majoritaire > long terme,250 000 €,10,Long terme,0
Utiliser des mobile-homes surélevés ou flottants,"Équipement d’un bâtiment prioritaire avec protections physiques, capteurs de suivi et procédure de maintenance renforcée. Les usages essentiels sont mieux protégés lorsque les fortes chaleurs perturbent le site.",Vague de chaleur; Chaleur extrême; Submersion marine; Inondation fluviale,Technique,CAPEX majoritaire > long terme,250 000 €,10,Long terme,0
Mettre à jour les procédures de gestion de crise inondation,"Scénario de crise testé avant l’été : bascule en télétravail, salles fraîches ouvertes, contact fournisseurs critiques et procédure de fermeture temporaire. Les équipes savent quoi faire lorsque chaleur, inondation ou tempête perturbent le fonctionnement normal.",Fortes pluies; Inondation fluviale; Inondation pluie; Feux de forêt; Vague de chaleur,Organisationnelles,OPEX majoritaire > main d’œuvre,15 000 €,1,Moyen terme,0
Améliorer la culture du risque inondation,"Formation courte des équipes exposées, avec consignes opérationnelles et exercice pratique sur site. Les personnes savent adapter leurs horaires, leurs déplacements et leurs gestes lors des fortes chaleurs.",Fortes pluies; Inondation fluviale; Inondation pluie; Submersion marine; Tempêtes; Feux de forêt; Vague de chaleur,Humaines,Capital humain,15 000 €,1,Long terme,0
Créer des noues plantées pour stocker et traiter les eaux,"Création de noues, bassins d’infiltration et cuves de récupération au pied des bâtiments. Les pluies intenses sont absorbées progressivement, les abords restent praticables et une réserve d’eau peut servir à l’arrosage en période sèche.",Fortes pluies; Inondation pluie,Technique,CAPEX majoritaire > long terme,250 000 €,10,Long terme,0
Désimperméabiliser les pieds d’arbres et sols touristiques,"Transformation d’un parking bitumé en revêtement perméable, avec noues végétalisées et fosses de plantation. L’eau s’infiltre directement sur site, les réseaux débordent moins lors des pluies intenses et le sol restitue moins de chaleur en été.",Fortes pluies; Inondation pluie,Solutions fondées sur la nature,CAPEX majoritaire > long terme,250 000 €,10,Long terme,6
Désimperméabiliser les parkings touristiques,"Transformation d’un parking bitumé en revêtement perméable, avec noues végétalisées et fosses de plantation. L’eau s’infiltre directement sur site, les réseaux débordent moins lors des pluies intenses et le sol restitue moins de chaleur en été.",Fortes pluies; Inondation pluie,Solutions fondées sur la nature,CAPEX majoritaire > long terme,250 000 €,10,Long terme,6
Gérer et aménager les berges,"Aménagement d’un espace pilote avec végétation locale, sol perméable et suivi de l’eau disponible. Le site gagne en fraîcheur, absorbe mieux les pluies et devient plus résistant face aux fortes pluies et inondations.",Inondation fluviale; Fortes pluies; Stress Hydrique; Biodiversité,Solutions fondées sur la nature,CAPEX majoritaire > long terme,250 000 €,10,Long terme,6
Valoriser les prairies inondables de fauche,"Aménagement d’un espace pilote avec végétation locale, sol perméable et suivi de l’eau disponible. Le site gagne en fraîcheur, absorbe mieux les pluies et devient plus résistant face aux fortes pluies et inondations.",Inondation fluviale; Fortes pluies,Solutions fondées sur la nature,CAPEX majoritaire > long terme,250 000 €,10,Long terme,6
Réguler l’utilisation des espaces selon le risque inondation,"Mise à jour d’une procédure interne avec responsables nommés, seuils d’alerte et test sur un site pilote. Les décisions sont plus rapides lorsque les fortes pluies et inondations menacent la continuité des activités.",Inondation fluviale; Inondation pluie,Organisationnelles,OPEX majoritaire > main d’œuvre,50 000 €,2,Moyen terme,0
Mettre en réseau opérateurs et collectivités sur la crise inondation,"Scénario de crise testé avant l’été : bascule en télétravail, salles fraîches ouvertes, contact fournisseurs critiques et procédure de fermeture temporaire. Les équipes savent quoi faire lorsque chaleur, inondation ou tempête perturbent le fonctionnement normal.",Inondation fluviale; Inondation pluie,Organisationnelles,OPEX majoritaire > main d’œuvre,250 000 €,10,Long terme,0
Mettre en place des procédures d’évacuation inondation,"Mise à jour d’une procédure interne avec responsables nommés, seuils d’alerte et test sur un site pilote. Les décisions sont plus rapides lorsque les fortes pluies et inondations menacent la continuité des activités.",Inondation fluviale; Inondation pluie,Organisationnelles,OPEX majoritaire > main d’œuvre,15 000 €,1,Moyen terme,0
Identifier les voies hors d’eau pour les clients,"Équipement d’un bâtiment prioritaire avec protections physiques, capteurs de suivi et procédure de maintenance renforcée. Les usages essentiels sont mieux protégés lorsque les fortes pluies et inondations perturbent le site.",Inondation fluviale; Inondation pluie; Submersion marine; Fortes pluies,Technique,CAPEX majoritaire > court terme,50 000 €,2,Court terme,5
Former le personnel aux premiers secours,"Installation d’un secours énergétique pour les équipements critiques, avec batteries, alimentation prioritaire et test semestriel. Les serveurs, laboratoires sensibles ou dispositifs de sécurité restent alimentés lors d’une coupure liée à une tempête ou une canicule.",Inondation fluviale; Fortes pluies; Tempêtes; Vents violents; Ouragans,Humaines,Capital humain,50 000 €,2,Court terme,10
Ré-ensabler les plages avec analyse biodiversité,"Conservation d’une zone refuge non tondue, plantation de haies locales et liaison entre deux espaces verts par un corridor écologique. Les espèces trouvent des abris et peuvent se déplacer malgré la chaleur, la sécheresse ou les travaux sur le site.",Submersion marine; Tempêtes,Technique,CAPEX majoritaire > court terme,50 000 €,2,Court terme,6
Adapter les territoires littoraux aux risques côtiers,"Aménagement d’un espace pilote avec végétation locale, sol perméable et suivi de l’eau disponible. Le site gagne en fraîcheur, absorbe mieux les pluies et devient plus résistant face aux tempêtes.",Submersion marine; Tempêtes; Biodiversité,Solutions fondées sur la nature,CAPEX majoritaire > long terme,250 000 €,10,Long terme,6
Élaborer des scénarios de submersion marine,"Équipement d’un bâtiment prioritaire avec protections physiques, capteurs de suivi et procédure de maintenance renforcée. Les usages essentiels sont mieux protégés lorsque les fortes pluies et inondations perturbent le site.",Submersion marine; Tempêtes; Inondation pluie,Technique,OPEX majoritaire > main d’œuvre,50 000 €,2,Long terme,0
Améliorer les dispositifs d’alerte météo littorale,"Équipement d’un bâtiment prioritaire avec protections physiques, capteurs de suivi et procédure de maintenance renforcée. Les usages essentiels sont mieux protégés lorsque les fortes pluies et inondations perturbent le site.",Submersion marine; Tempêtes; Vents violents; Fortes pluies,Technique,CAPEX majoritaire > court terme,50 000 €,2,Court terme,0
Installer une plateforme ou zone refuge,"Équipement d’un bâtiment prioritaire avec protections physiques, capteurs de suivi et procédure de maintenance renforcée. Les usages essentiels sont mieux protégés lorsque les fortes pluies et inondations perturbent le site.",Submersion marine; Inondation fluviale,Technique,CAPEX majoritaire > court terme,50 000 €,2,Court terme,0
"Aménager sur pilotis, longrines ou blocs de béton","Équipement d’un bâtiment prioritaire avec protections physiques, capteurs de suivi et procédure de maintenance renforcée. Les usages essentiels sont mieux protégés lorsque les fortes pluies et inondations perturbent le site.",Submersion marine; Inondation fluviale,Technique,CAPEX majoritaire > long terme,250 000 €,10,Long terme,0
Restaurer la végétation littorale publique contre l’érosion,"Aménagement d’un espace pilote avec végétation locale, sol perméable et suivi de l’eau disponible. Le site gagne en fraîcheur, absorbe mieux les pluies et devient plus résistant face aux tempêtes.",Submersion marine; Tempêtes; Biodiversité,Solutions fondées sur la nature,CAPEX majoritaire > long terme,250 000 €,10,Long terme,6
Négocier le foncier avec l’appui de la SAFER,"Mise à jour d’une procédure interne avec responsables nommés, seuils d’alerte et test sur un site pilote. Les décisions sont plus rapides lorsque les tempêtes menacent la continuité des activités.",Submersion marine; Tempêtes,Organisationnelles,CAPEX majoritaire > long terme,250 000 €,10,Long terme,0
Adapter les réglementations et activités touristiques à la ressource en eau,"Inscription d’un point adaptation climatique à chaque comité stratégique, avec arbitrage budgétaire et suivi des obligations réglementaires. Les décisions d’investissement tiennent compte des conditions climatiques futures plutôt que du climat passé.",Stress Hydrique; Vague de chaleur; Biodiversité,Solutions fondées sur la nature,OPEX majoritaire > main d’œuvre,250 000 €,10,Moyen terme,6
Participer aux instances de gouvernance de l’eau,"Inscription d’un point adaptation climatique à chaque comité stratégique, avec arbitrage budgétaire et suivi des obligations réglementaires. Les décisions d’investissement tiennent compte des conditions climatiques futures plutôt que du climat passé.",Stress Hydrique,Organisationnelles,OPEX majoritaire > main d’œuvre,50 000 €,2,Moyen terme,10
Établir des zones sans plaisance sur milieux aquatiques,"Aménagement d’un espace pilote avec végétation locale, sol perméable et suivi de l’eau disponible. Le site gagne en fraîcheur, absorbe mieux les pluies et devient plus résistant face aux fortes pluies et inondations.",Stress Hydrique; Biodiversité; Inondation fluviale,Solutions fondées sur la nature,CAPEX majoritaire > long terme,250 000 €,10,Long terme,6
Diversifier l’économie lacustre,"Mise à jour d’une procédure interne avec responsables nommés, seuils d’alerte et test sur un site pilote. Les décisions sont plus rapides lorsque les sécheresse menacent la continuité des activités.",Stress Hydrique,Organisationnelles,CAPEX majoritaire > long terme,250 000 €,10,Long terme,0
Adapter les infrastructures nautiques à la baisse du niveau d’eau,"Rénovation d’un bâtiment prioritaire avec isolation renforcée, protections solaires, ventilation nocturne et vérification des seuils d’inondation au rez-de-chaussée. Les occupants restent protégés et les activités essentielles peuvent continuer pendant les épisodes climatiques extrêmes.",Stress Hydrique; Tempêtes; Submersion marine,Technique,CAPEX majoritaire > long terme,250 000 €,10,Long terme,0
Gérer et récupérer les eaux pluviales à l’échelle territoriale,"Création de noues, bassins d’infiltration et cuves de récupération au pied des bâtiments. Les pluies intenses sont absorbées progressivement, les abords restent praticables et une réserve d’eau peut servir à l’arrosage en période sèche.",Stress Hydrique; Fortes pluies; Inondation pluie,Technique,CAPEX majoritaire > long terme,250 000 €,10,Long terme,6
Limiter le ruissellement à l’échelle,"Création de noues, bassins d’infiltration et cuves de récupération au pied des bâtiments. Les pluies intenses sont absorbées progressivement, les abords restent praticables et une réserve d’eau peut servir à l’arrosage en période sèche.",Fortes pluies; Inondation pluie; Stress Hydrique,Solutions fondées sur la nature,CAPEX majoritaire > long terme,250 000 €,10,Long terme,6
Communiquer auprès des clients sur la sobriété eau,"Équipement d’un bâtiment prioritaire avec protections physiques, capteurs de suivi et procédure de maintenance renforcée. Les usages essentiels sont mieux protégés lorsque les sécheresse perturbent le site.",Stress Hydrique,Technique,CAPEX majoritaire > court terme,50 000 €,2,Court terme,5
"Installer mitigeurs, réducteurs de débit et chasses double débit","Équipement d’un bâtiment prioritaire avec protections physiques, capteurs de suivi et procédure de maintenance renforcée. Les usages essentiels sont mieux protégés lorsque les sécheresse perturbent le site.",Stress Hydrique,Technique,CAPEX majoritaire > court terme,50 000 €,2,Court terme,0
Installer des tensiomètres pour piloter l’arrosage,"Équipement d’un bâtiment prioritaire avec protections physiques, capteurs de suivi et procédure de maintenance renforcée. Les usages essentiels sont mieux protégés lorsque les sécheresse perturbent le site.",Stress Hydrique,Technique,CAPEX majoritaire > court terme,50 000 €,2,Court terme,0
Installer des toilettes sèches,"Équipement d’un bâtiment prioritaire avec protections physiques, capteurs de suivi et procédure de maintenance renforcée. Les usages essentiels sont mieux protégés lorsque les sécheresse perturbent le site.",Stress Hydrique; Tempêtes; Submersion marine,Technique,CAPEX majoritaire > court terme,250 000 €,10,Long terme,0
Limiter drastiquement l’artificialisation des sols touristiques,"Aménagement d’un espace pilote avec végétation locale, sol perméable et suivi de l’eau disponible. Le site gagne en fraîcheur, absorbe mieux les pluies et devient plus résistant face aux fortes chaleurs.",Biodiversité; Vague de chaleur; Inondation pluie,Solutions fondées sur la nature,CAPEX majoritaire > long terme,250 000 €,10,Long terme,6
Supprimer les pollutions touristiques vers les milieux naturels,"Aménagement d’un espace pilote avec végétation locale, sol perméable et suivi de l’eau disponible. Le site gagne en fraîcheur, absorbe mieux les pluies et devient plus résistant face aux sécheresse.",Biodiversité; Stress Hydrique,Solutions fondées sur la nature,OPEX majoritaire > main d’œuvre,25 000 €,1,Long terme,6
Nouer des partenariats avec des associations naturalistes,"Aménagement d’un espace pilote avec végétation locale, sol perméable et suivi de l’eau disponible. Le site gagne en fraîcheur, absorbe mieux les pluies et devient plus résistant face aux fortes chaleurs.",Biodiversité; Modif T° air,Solutions fondées sur la nature,OPEX majoritaire > main d’œuvre,25 000 €,1,Long terme,6
Soutenir l’essor d’une offre d’écotourisme,"Formation courte des équipes exposées, avec consignes opérationnelles et exercice pratique sur site. Les personnes savent adapter leurs horaires, leurs déplacements et leurs gestes lors des érosion de la biodiversité.",Biodiversité,Humaines,CAPEX majoritaire > court terme,15 000 €,1,Court terme,6
Protéger les habitats naturels pendant les chantiers,"Conservation d’une zone refuge non tondue, plantation de haies locales et liaison entre deux espaces verts par un corridor écologique. Les espèces trouvent des abris et peuvent se déplacer malgré la chaleur, la sécheresse ou les travaux sur le site.",Biodiversité,Solutions fondées sur la nature,CAPEX majoritaire > court terme,80 000 €,3,Court terme,6
Classer les actions par familles d’intervention,"Équipement d’un bâtiment prioritaire avec protections physiques, capteurs de suivi et procédure de maintenance renforcée. Les usages essentiels sont mieux protégés lorsque les fortes chaleurs perturbent le site.",Stress Hydrique; Biodiversité; Modif T° air; Chaleur extrême; Fortes pluies,Technique,CAPEX majoritaire > long terme,250 000 €,10,Long terme,6
Encourager les transports peu carbonés,"Équipement d’un bâtiment prioritaire avec protections physiques, capteurs de suivi et procédure de maintenance renforcée. Les usages essentiels sont mieux protégés lorsque les fortes chaleurs perturbent le site.",Modif T° air; Biodiversité; Vague de gel,Technique,CAPEX majoritaire > long terme,250 000 €,10,Long terme,6
Adapter l’offre d’activités proches d’espaces fragiles,"Mise à jour d’une procédure interne avec responsables nommés, seuils d’alerte et test sur un site pilote. Les décisions sont plus rapides lorsque les érosion de la biodiversité menacent la continuité des activités.",Biodiversité,Organisationnelles,OPEX majoritaire > main d’œuvre,50 000 €,2,Long terme,6
Acquérir ou exproprier les biens soumis à risque naturel majeur,"Réservation d’un budget annuel pour les diagnostics, travaux prioritaires et réparations préventives. Les investissements sont déclenchés avant les dégâts majeurs liés aux retrait-gonflement des argiles, ce qui réduit les interruptions et les surcoûts.",RGA; Mouvements de terrain,Financières,CAPEX majoritaire > long terme,250 000 €,10,Long terme,0
Éloigner la végétation du bâti ou installer un écran racinaire,"Équipement d’un bâtiment prioritaire avec protections physiques, capteurs de suivi et procédure de maintenance renforcée. Les usages essentiels sont mieux protégés lorsque les sécheresse perturbent le site.",RGA; Stress Hydrique,Technique,CAPEX majoritaire > court terme,50 000 €,2,Court terme,0
Réaliser un dispositif de drainage,"Équipement d’un bâtiment prioritaire avec protections physiques, capteurs de suivi et procédure de maintenance renforcée. Les usages essentiels sont mieux protégés lorsque les fortes pluies et inondations perturbent le site.",RGA; Fortes pluies; Stress Hydrique; Inondation pluie,Technique,CAPEX majoritaire > long terme,250 000 €,10,Long terme,0
"Réglementer fumer, feux et bivouac en zones exposées","Formation courte des équipes exposées, avec consignes opérationnelles et exercice pratique sur site. Les personnes savent adapter leurs horaires, leurs déplacements et leurs gestes lors des fortes chaleurs.",Feux de forêt; Vague de chaleur; Stress Hydrique,Humaines,Capital humain,50 000 €,2,Court terme,0
Aligner le SCOT et le PLU sur la contrainte hydrique,"Mise à jour d’une procédure interne avec responsables nommés, seuils d’alerte et test sur un site pilote. Les décisions sont plus rapides lorsque les fortes chaleurs menacent la continuité des activités.",Feux de forêt; Vague de chaleur; Stress Hydrique,Organisationnelles,OPEX majoritaire > main d’œuvre,30 000 €,1,Moyen terme,0
Interdire l’accès aux zones touristiques en risque incendie élevé,"Mise à jour d’une procédure interne avec responsables nommés, seuils d’alerte et test sur un site pilote. Les décisions sont plus rapides lorsque les fortes chaleurs menacent la continuité des activités.",Feux de forêt; Vague de chaleur,Organisationnelles,OPEX majoritaire > main d’œuvre,15 000 €,1,Moyen terme,0
Entretenir les éléments de prévention incendie,"Équipement d’un bâtiment prioritaire avec protections physiques, capteurs de suivi et procédure de maintenance renforcée. Les usages essentiels sont mieux protégés lorsque les fortes chaleurs perturbent le site.",Feux de forêt; Vague de chaleur,Technique,OPEX majoritaire > main d’œuvre,50 000 €,2,Moyen terme,0
Surveiller quotidiennement les indices de feu,"Équipement d’un bâtiment prioritaire avec protections physiques, capteurs de suivi et procédure de maintenance renforcée. Les usages essentiels sont mieux protégés lorsque les fortes chaleurs perturbent le site.",Feux de forêt; Vague de chaleur,Technique,OPEX majoritaire > main d’œuvre,50 000 €,2,Court terme,0
Adapter les périodes d’ouverture des pistes,"Équipement d’un bâtiment prioritaire avec protections physiques, capteurs de suivi et procédure de maintenance renforcée. Les usages essentiels sont mieux protégés lorsque les fortes chaleurs perturbent le site.",Enneigement; Vague de chaleur; Modif T° air; Retrait glaciaire; Stress Hydrique,Technique,OPEX majoritaire > main d’œuvre,50 000 €,2,Moyen terme,0
Utiliser la neige de culture comme solution temporaire encadrée,"Équipement d’un bâtiment prioritaire avec protections physiques, capteurs de suivi et procédure de maintenance renforcée. Les usages essentiels sont mieux protégés lorsque les fortes chaleurs perturbent le site.",Enneigement; Stress Hydrique; Modif T° air,Technique,OPEX majoritaire > eau,50 000 €,2,Moyen terme,0
Organiser des campagnes de communication réalistes sur l’enneigement,"Session annuelle pour les équipes, agents d’accueil et responsables de site, avec consignes canicule, conduite à tenir en cas d’inondation et exercices pratiques. Les personnes concernées reconnaissent les signaux d’alerte et réagissent plus vite.",Enneigement; Modif T° air,Humaines,Capital humain,30 000 €,1,Court terme,0
Mettre en œuvre des partenariats entre stations,"Mise à jour d’une procédure interne avec responsables nommés, seuils d’alerte et test sur un site pilote. Les décisions sont plus rapides lorsque les fortes chaleurs menacent la continuité des activités.",Enneigement; Modif T° air,Organisationnelles,CAPEX majoritaire > long terme,250 000 €,10,Long terme,0
Entretenir pistes et gérer l’enneigement de manière adaptative,"Équipement d’un bâtiment prioritaire avec protections physiques, capteurs de suivi et procédure de maintenance renforcée. Les usages essentiels sont mieux protégés lorsque les sécheresse perturbent le site.",Enneigement; Stress Hydrique,Technique,CAPEX majoritaire > court terme,250 000 €,10,Court terme,0
Développer des niches d’innovation pour la transformation des stations,"Session annuelle pour les équipes, agents d’accueil et responsables de site, avec consignes canicule, conduite à tenir en cas d’inondation et exercices pratiques. Les personnes concernées reconnaissent les signaux d’alerte et réagissent plus vite.",Enneigement; Modif T° air,Financières,Section par défaut,30 000 €,1,Court terme,10
Anticiper les carences en ressources de montagne,"Équipement d’un bâtiment prioritaire avec protections physiques, capteurs de suivi et procédure de maintenance renforcée. Les usages essentiels sont mieux protégés lorsque les sécheresse perturbent le site.",Enneigement; Stress Hydrique,Technique,CAPEX majoritaire > long terme,250 000 €,10,Long terme,0
Rénover et mettre en sécurité les activités de montagne,"Équipement d’un bâtiment prioritaire avec protections physiques, capteurs de suivi et procédure de maintenance renforcée. Les usages essentiels sont mieux protégés lorsque les retrait glaciaire perturbent le site.",Retrait glaciaire; Mouvements de terrain; Enneigement,Technique,CAPEX majoritaire > long terme,250 000 €,10,Long terme,0
Collaborer avec les collectivités sur les transitions territoriales de montagne,"Mise à jour d’une procédure interne avec responsables nommés, seuils d’alerte et test sur un site pilote. Les décisions sont plus rapides lorsque les enneigement menacent la continuité des activités.",Enneigement; Retrait glaciaire,Organisationnelles,OPEX majoritaire > main d’œuvre,15 000 €,1,Moyen terme,0
Créer un pôle nature quatre saisons,"Équipement d’un bâtiment prioritaire avec protections physiques, capteurs de suivi et procédure de maintenance renforcée. Les usages essentiels sont mieux protégés lorsque les fortes chaleurs perturbent le site.",Enneigement; Modif T° air,Technique,CAPEX majoritaire > long terme,250 000 €,10,Long terme,0
Renoncer aux activités incompatibles avec la diminution de l’enneigement,"Mise à jour d’une procédure interne avec responsables nommés, seuils d’alerte et test sur un site pilote. Les décisions sont plus rapides lorsque les fortes chaleurs menacent la continuité des activités.",Enneigement; Modif T° air,Organisationnelles,CAPEX majoritaire > long terme,250 000 €,10,Long terme,0
Souscrire une couverture assurantielle vents et tempêtes,"Création d’une ligne budgétaire dédiée à l’adaptation, couvrant diagnostics, travaux prioritaires et entretien renforcé. Les dépenses sont planifiées avant les dommages, ce qui évite des réparations urgentes plus coûteuses après un aléa climatique.",Tempêtes; Vents violents; Feux de forêt,Humaines,Capital humain,25 000 €,1,Court terme,7
Mettre en place des systèmes de prévision cyclone plus précis,"Équipement d’un bâtiment prioritaire avec protections physiques, capteurs de suivi et procédure de maintenance renforcée. Les usages essentiels sont mieux protégés lorsque les tempêtes perturbent le site.",Tempêtes; Ouragans; Submersion marine,Technique,CAPEX majoritaire > long terme,250 000 €,10,Long terme,1
Mettre en place des protections financières contre catastrophes,"Réservation d’un budget annuel pour les diagnostics, travaux prioritaires et réparations préventives. Les investissements sont déclenchés avant les dégâts majeurs liés aux tempêtes, ce qui réduit les interruptions et les surcoûts.",Tempêtes; Ouragans,Financières,Section par défaut,25 000 €,1,Moyen terme,0
Installer un système d’alerte disparition avec la protection civile,"Équipement d’un bâtiment prioritaire avec protections physiques, capteurs de suivi et procédure de maintenance renforcée. Les usages essentiels sont mieux protégés lorsque les tempêtes perturbent le site.",Tempêtes; Vents violents,Technique,CAPEX majoritaire > court terme,50 000 €,2,Court terme,0
Mettre en œuvre un plan d’itinéraires pédestres et de randonnée,"Mise à jour d’une procédure interne avec responsables nommés, seuils d’alerte et test sur un site pilote. Les décisions sont plus rapides lorsque les fortes chaleurs menacent la continuité des activités.",Modif T° air,Organisationnelles,CAPEX majoritaire > long terme,250 000 €,10,Long terme,0
Réaliser des diagnostics locaux de diversification,"Actualisation annuelle d’une cartographie des sites exposés, en intégrant les dernières projections climatiques et les incidents déjà observés. Les bâtiments, fournisseurs et équipements les plus vulnérables sont priorisés avant les prochaines fortes chaleurs ou inondations.",Modif T° air,Organisationnelles,CAPEX majoritaire > court terme,50 000 €,2,Court terme,7
Réduire les rejets au réseau par gestion locale des eaux,"Équipement d’un bâtiment prioritaire avec protections physiques, capteurs de suivi et procédure de maintenance renforcée. Les usages essentiels sont mieux protégés lorsque les fortes pluies et inondations perturbent le site.",Fortes pluies; Inondation pluie,Technique,CAPEX majoritaire > long terme,250 000 €,10,Long terme,0
Créer trois bassins d’infiltration rectangulaires,"Création de noues, bassins d’infiltration et cuves de récupération au pied des bâtiments. Les pluies intenses sont absorbées progressivement, les abords restent praticables et une réserve d’eau peut servir à l’arrosage en période sèche.",Fortes pluies; Inondation pluie,Technique,CAPEX majoritaire > long terme,250 000 €,10,Long terme,0
Reprofiler les berges en pente douce,"Aménagement d’un espace pilote avec végétation locale, sol perméable et suivi de l’eau disponible. Le site gagne en fraîcheur, absorbe mieux les pluies et devient plus résistant face aux fortes pluies et inondations.",Fortes pluies; Inondation pluie,Solutions fondées sur la nature,CAPEX majoritaire > long terme,250 000 €,10,Long terme,6
Maintenir une prairie naturelle accessible,"Aménagement d’un espace pilote avec végétation locale, sol perméable et suivi de l’eau disponible. Le site gagne en fraîcheur, absorbe mieux les pluies et devient plus résistant face aux fortes pluies et inondations.",Fortes pluies; Inondation pluie,Solutions fondées sur la nature,OPEX majoritaire > main d’œuvre,80 000 €,3,Moyen terme,6
Installer des accès inclusifs au jardin de pluie,"Équipement d’un bâtiment prioritaire avec protections physiques, capteurs de suivi et procédure de maintenance renforcée. Les usages essentiels sont mieux protégés lorsque les fortes pluies et inondations perturbent le site.",Fortes pluies; Inondation pluie,Technique,CAPEX majoritaire > court terme,250 000 €,10,Court terme,0
Tester des mélanges prairiaux résistants à la sécheresse,"Aménagement d’un espace pilote avec végétation locale, sol perméable et suivi de l’eau disponible. Le site gagne en fraîcheur, absorbe mieux les pluies et devient plus résistant face aux fortes chaleurs.",Stress Hydrique; Modif T° air,Solutions fondées sur la nature,CAPEX majoritaire > court terme,80 000 €,3,Court terme,6
Expérimenter des mélanges végétaux en microparcelles,"Aménagement d’un espace pilote avec végétation locale, sol perméable et suivi de l’eau disponible. Le site gagne en fraîcheur, absorbe mieux les pluies et devient plus résistant face aux fortes chaleurs.",Stress Hydrique; Modif T° air,Solutions fondées sur la nature,CAPEX majoritaire > court terme,80 000 €,3,Court terme,6
Conduire des expérimentations multi-sites chez les éleveurs,"Équipement d’un bâtiment prioritaire avec protections physiques, capteurs de suivi et procédure de maintenance renforcée. Les usages essentiels sont mieux protégés lorsque les fortes chaleurs perturbent le site.",Stress Hydrique; Modif T° air,Technique,OPEX majoritaire > main d’œuvre,50 000 €,2,Moyen terme,0
Introduire des légumineuses productives dans les prairies,"Aménagement d’un espace pilote avec végétation locale, sol perméable et suivi de l’eau disponible. Le site gagne en fraîcheur, absorbe mieux les pluies et devient plus résistant face aux fortes chaleurs.",Stress Hydrique; Modif T° air,Solutions fondées sur la nature,CAPEX majoritaire > court terme,80 000 €,3,Court terme,6
Diffuser les références techniques aux éleveurs,"Mise à jour d’une procédure interne avec responsables nommés, seuils d’alerte et test sur un site pilote. Les décisions sont plus rapides lorsque les fortes chaleurs menacent la continuité des activités.",Stress Hydrique; Modif T° air,Organisationnelles,Capital humain,15 000 €,1,Moyen terme,0
Construire des partenariats avec semenciers et organismes agricoles,"Mise à jour d’une procédure interne avec responsables nommés, seuils d’alerte et test sur un site pilote. Les décisions sont plus rapides lorsque les fortes chaleurs menacent la continuité des activités.",Stress Hydrique; Modif T° air; Chaleur extrême,Organisationnelles,OPEX majoritaire > main d’œuvre,15 000 €,1,Moyen terme,0
Concevoir un parc avec gestion alternative des eaux,"Équipement d’un bâtiment prioritaire avec protections physiques, capteurs de suivi et procédure de maintenance renforcée. Les usages essentiels sont mieux protégés lorsque les fortes chaleurs perturbent le site.",Fortes pluies; Inondation pluie; Vague de chaleur,Technique,CAPEX majoritaire > long terme,250 000 €,10,Long terme,0
Concevoir un écoquartier avec gestion intégrée des eaux,"Aménagement d’un espace pilote avec végétation locale, sol perméable et suivi de l’eau disponible. Le site gagne en fraîcheur, absorbe mieux les pluies et devient plus résistant face aux fortes chaleurs.",Fortes pluies; Inondation pluie; Inondation fluviale; Vague de chaleur; Chaleur extrême,Solutions fondées sur la nature,CAPEX majoritaire > long terme,250 000 €,10,Long terme,6
Créer une zone humide urbaine,"Aménagement d’un espace pilote avec végétation locale, sol perméable et suivi de l’eau disponible. Le site gagne en fraîcheur, absorbe mieux les pluies et devient plus résistant face aux fortes chaleurs.",Fortes pluies; Inondation pluie; Vague de chaleur; Stress Hydrique,Solutions fondées sur la nature,CAPEX majoritaire > long terme,250 000 €,10,Long terme,6
Réutiliser les eaux pluviales pour l’irrigation,"Création de noues, bassins d’infiltration et cuves de récupération au pied des bâtiments. Les pluies intenses sont absorbées progressivement, les abords restent praticables et une réserve d’eau peut servir à l’arrosage en période sèche.",Stress Hydrique; Fortes pluies,Technique,OPEX majoritaire > eau,25 000 €,1,Long terme,6
Cartographier la sensibilité climatique des forêts,"Actualisation annuelle d’une cartographie des sites exposés, en intégrant les dernières projections climatiques et les incidents déjà observés. Les bâtiments, fournisseurs et équipements les plus vulnérables sont priorisés avant les prochaines fortes chaleurs ou inondations.",Modif T° air; Stress Hydrique,Technique,CAPEX majoritaire > court terme,50 000 €,2,Court terme,0
Développer un diagnostic de sensibilité climatique à la parcelle,"Actualisation annuelle d’une cartographie des sites exposés, en intégrant les dernières projections climatiques et les incidents déjà observés. Les bâtiments, fournisseurs et équipements les plus vulnérables sont priorisés avant les prochaines fortes chaleurs ou inondations.",Modif T° air; Stress Hydrique,Organisationnelles,CAPEX majoritaire > court terme,50 000 €,2,Court terme,7
Former les professionnels de la forêt,"Formation courte des équipes exposées, avec consignes opérationnelles et exercice pratique sur site. Les personnes savent adapter leurs horaires, leurs déplacements et leurs gestes lors des fortes chaleurs.",Modif T° air; Stress Hydrique,Humaines,Capital humain,30 000 €,1,Court terme,10
Créer des supports de sensibilisation grand public,"Session annuelle pour les équipes, agents d’accueil et responsables de site, avec consignes canicule, conduite à tenir en cas d’inondation et exercices pratiques. Les personnes concernées reconnaissent les signaux d’alerte et réagissent plus vite.",Modif T° air; Stress Hydrique,Humaines,Capital humain,250 000 €,10,Long terme,10
Inscrire la forêt dans une chaîne de valeur durable,"Sélection de deux fournisseurs alternatifs pour les achats stratégiques, avec vérification de leurs plans de continuité et de l’exposition de leurs sites. Les ruptures d’approvisionnement diminuent lorsqu’une inondation ou une canicule bloque un fournisseur principal.",Modif T° air; Stress Hydrique,Organisationnelles,Section par défaut,15 000 €,1,Moyen terme,5
Contrôler les débits de fuite des eaux pluviales,"Création de noues, bassins d’infiltration et cuves de récupération au pied des bâtiments. Les pluies intenses sont absorbées progressivement, les abords restent praticables et une réserve d’eau peut servir à l’arrosage en période sèche.",Fortes pluies; Inondation pluie,Technique,CAPEX majoritaire > long terme,250 000 €,10,Long terme,6
Implanter une noue paysagère de rétention,"Équipement d’un bâtiment prioritaire avec protections physiques, capteurs de suivi et procédure de maintenance renforcée. Les usages essentiels sont mieux protégés lorsque les fortes pluies et inondations perturbent le site.",Fortes pluies; Inondation pluie,Technique,CAPEX majoritaire > long terme,250 000 €,10,Long terme,0
Intégrer les risques de submersion et de crue,"Équipement d’un bâtiment prioritaire avec protections physiques, capteurs de suivi et procédure de maintenance renforcée. Les usages essentiels sont mieux protégés lorsque les fortes pluies et inondations perturbent le site.",Inondation fluviale; Fortes pluies,Technique,CAPEX majoritaire > long terme,250 000 €,10,Long terme,0
"Traiter globalement eaux de source, pluviales et géothermiques","Équipement d’un bâtiment prioritaire avec protections physiques, capteurs de suivi et procédure de maintenance renforcée. Les usages essentiels sont mieux protégés lorsque les fortes pluies et inondations perturbent le site.",Fortes pluies; Inondation fluviale,Technique,CAPEX majoritaire > long terme,250 000 €,10,Long terme,0
Animer un programme d’économie d’eau dans les services municipaux,"Équipement d’un bâtiment prioritaire avec protections physiques, capteurs de suivi et procédure de maintenance renforcée. Les usages essentiels sont mieux protégés lorsque les sécheresse perturbent le site.",Stress Hydrique,Technique,OPEX majoritaire > main d’œuvre,50 000 €,2,Moyen terme,0
Améliorer le rendement des usines de production d’eau,"Équipement d’un bâtiment prioritaire avec protections physiques, capteurs de suivi et procédure de maintenance renforcée. Les usages essentiels sont mieux protégés lorsque les sécheresse perturbent le site.",Stress Hydrique,Technique,CAPEX majoritaire > long terme,250 000 €,10,Long terme,0
Sectoriser le réseau de distribution,"Équipement d’un bâtiment prioritaire avec protections physiques, capteurs de suivi et procédure de maintenance renforcée. Les usages essentiels sont mieux protégés lorsque les sécheresse perturbent le site.",Stress Hydrique,Technique,CAPEX majoritaire > court terme,250 000 €,10,Court terme,0
Installer des équipements de détection de fuites,"Équipement d’un bâtiment prioritaire avec protections physiques, capteurs de suivi et procédure de maintenance renforcée. Les usages essentiels sont mieux protégés lorsque les sécheresse perturbent le site.",Stress Hydrique,Technique,CAPEX majoritaire > court terme,50 000 €,2,Court terme,0
Renouveler les canalisations vulnérables,"Équipement d’un bâtiment prioritaire avec protections physiques, capteurs de suivi et procédure de maintenance renforcée. Les usages essentiels sont mieux protégés lorsque les sécheresse perturbent le site.",Stress Hydrique,Technique,CAPEX majoritaire > long terme,250 000 €,10,Long terme,0
Rendre la station de lavage autonome en eau potable,"Équipement d’un bâtiment prioritaire avec protections physiques, capteurs de suivi et procédure de maintenance renforcée. Les usages essentiels sont mieux protégés lorsque les fortes pluies et inondations perturbent le site.",Stress Hydrique; Fortes pluies,Technique,OPEX majoritaire > eau,250 000 €,10,Long terme,0
Mobiliser des financements européens pour la station économe,"Création d’une ligne budgétaire dédiée à l’adaptation, couvrant diagnostics, travaux prioritaires et entretien renforcé. Les dépenses sont planifiées avant les dommages, ce qui évite des réparations urgentes plus coûteuses après un aléa climatique.",Stress Hydrique; Modif T° air,Financières,Section par défaut,25 000 €,1,Moyen terme,0
Confier la construction à des artisans locaux,"Mise à jour d’une procédure interne avec responsables nommés, seuils d’alerte et test sur un site pilote. Les décisions sont plus rapides lorsque les sécheresse menacent la continuité des activités.",Stress Hydrique,Organisationnelles,OPEX majoritaire > main d’œuvre,25 000 €,1,Long terme,0
Aménager de nouvelles activités de pleine nature,"Aménagement d’un espace pilote avec végétation locale, sol perméable et suivi de l’eau disponible. Le site gagne en fraîcheur, absorbe mieux les pluies et devient plus résistant face aux fortes chaleurs.",Modif T° air; Stress Hydrique,Solutions fondées sur la nature,CAPEX majoritaire > long terme,250 000 €,10,Long terme,6
Sensibiliser les visiteurs et habitants aux effets du changement climatique,"Formation courte des équipes exposées, avec consignes opérationnelles et exercice pratique sur site. Les personnes savent adapter leurs horaires, leurs déplacements et leurs gestes lors des fortes chaleurs.",Modif T° air,Humaines,Capital humain,30 000 €,1,Court terme,0
Rétablir des connexions hydrauliques entre lagunes et hydrosystèmes,"Aménagement d’un espace pilote avec végétation locale, sol perméable et suivi de l’eau disponible. Le site gagne en fraîcheur, absorbe mieux les pluies et devient plus résistant face aux sécheresse.",Stress Hydrique; Tempêtes,Solutions fondées sur la nature,CAPEX majoritaire > long terme,250 000 €,10,Long terme,6
Maintenir la capacité d’accueil des oiseaux d’eau coloniaux,"Aménagement d’un espace pilote avec végétation locale, sol perméable et suivi de l’eau disponible. Le site gagne en fraîcheur, absorbe mieux les pluies et devient plus résistant face aux tempêtes.",Tempêtes,Solutions fondées sur la nature,OPEX majoritaire > main d’œuvre,80 000 €,3,Moyen terme,6
Développer des usages économiques doux compatibles avec la submersion,"Mise à jour d’une procédure interne avec responsables nommés, seuils d’alerte et test sur un site pilote. Les décisions sont plus rapides lorsque les tempêtes menacent la continuité des activités.",Tempêtes,Organisationnelles,Section par défaut,15 000 €,1,Long terme,0
Mobiliser un projet européen LIFE+ pour financer les travaux,"Réservation d’un budget annuel pour les diagnostics, travaux prioritaires et réparations préventives. Les investissements sont déclenchés avant les dégâts majeurs liés aux tempêtes, ce qui réduit les interruptions et les surcoûts.",Tempêtes,Financières,CAPEX majoritaire > long terme,250 000 €,10,Long terme,0
Évaluer l’effet de l’acidification des mares sur l’écrevisse à pattes blanches,"Équipement d’un bâtiment prioritaire avec protections physiques, capteurs de suivi et procédure de maintenance renforcée. Les usages essentiels sont mieux protégés lorsque les sécheresse perturbent le site.",Stress Hydrique,Technique,OPEX majoritaire > main d’œuvre,50 000 €,2,Long terme,7
Tester le déplacement d’individus vers des mares favorables,"Déplacement des archives, serveurs et équipements coûteux hors des zones inondables, puis installation aux étages supérieurs avec accès sécurisé. Les pertes matérielles diminuent fortement en cas de crue ou de ruissellement intense.",Stress Hydrique,Solutions fondées sur la nature,Section par défaut,80 000 €,3,Moyen terme,6
Identifier les habitats favorables aux amphibiens,"Conservation d’une zone refuge non tondue, plantation de haies locales et liaison entre deux espaces verts par un corridor écologique. Les espèces trouvent des abris et peuvent se déplacer malgré la chaleur, la sécheresse ou les travaux sur le site.",Stress Hydrique; Modif T° air,Technique,OPEX majoritaire > main d’œuvre,50 000 €,2,Long terme,0
Organiser des séminaires scientifiques et territoriaux,"Formation courte des équipes exposées, avec consignes opérationnelles et exercice pratique sur site. Les personnes savent adapter leurs horaires, leurs déplacements et leurs gestes lors des fortes chaleurs.",Modif T° air; Stress Hydrique,Humaines,Capital humain,15 000 €,1,Moyen terme,0
Évaluer les volumes prélevables d’une ressource en eau,"Équipement d’un bâtiment prioritaire avec protections physiques, capteurs de suivi et procédure de maintenance renforcée. Les usages essentiels sont mieux protégés lorsque les sécheresse perturbent le site.",Stress Hydrique,Technique,OPEX majoritaire > main d’œuvre,50 000 €,2,Long terme,7
Émettre un avis défavorable à un projet incompatible avec la ressource,"Mise à jour d’une procédure interne avec responsables nommés, seuils d’alerte et test sur un site pilote. Les décisions sont plus rapides lorsque les sécheresse menacent la continuité des activités.",Stress Hydrique,Organisationnelles,Section par défaut,50 000 €,2,Moyen terme,0
Classer le bassin en zone de répartition des eaux,"Mise à jour d’une procédure interne avec responsables nommés, seuils d’alerte et test sur un site pilote. Les décisions sont plus rapides lorsque les sécheresse menacent la continuité des activités.",Stress Hydrique,Organisationnelles,Section par défaut,250 000 €,10,Moyen terme,0
Organiser des ateliers climat sur la ressource en eau,"Formation courte des équipes exposées, avec consignes opérationnelles et exercice pratique sur site. Les personnes savent adapter leurs horaires, leurs déplacements et leurs gestes lors des sécheresse.",Stress Hydrique,Humaines,Capital humain,50 000 €,2,Court terme,0
Communiquer auprès des citoyens sur la préservation de l’eau,"Aménagement d’un espace pilote avec végétation locale, sol perméable et suivi de l’eau disponible. Le site gagne en fraîcheur, absorbe mieux les pluies et devient plus résistant face aux fortes pluies et inondations.",Stress Hydrique; Inondation pluie; Fortes pluies,Solutions fondées sur la nature,CAPEX majoritaire > long terme,250 000 €,10,Long terme,6
Réaliser les études d’impact d’un réaménagement exposé,"Équipement d’un bâtiment prioritaire avec protections physiques, capteurs de suivi et procédure de maintenance renforcée. Les usages essentiels sont mieux protégés lorsque les tempêtes perturbent le site.",Tempêtes,Technique,OPEX majoritaire > main d’œuvre,50 000 €,2,Moyen terme,0
Mettre en place une concertation publique sur les scénarios du quai,"Équipement d’un bâtiment prioritaire avec protections physiques, capteurs de suivi et procédure de maintenance renforcée. Les usages essentiels sont mieux protégés lorsque les tempêtes perturbent le site.",Tempêtes,Technique,CAPEX majoritaire > long terme,250 000 €,10,Long terme,0
Consolider le musoir et la jetée du port,"Équipement d’un bâtiment prioritaire avec protections physiques, capteurs de suivi et procédure de maintenance renforcée. Les usages essentiels sont mieux protégés lorsque les tempêtes perturbent le site.",Tempêtes,Technique,CAPEX majoritaire > long terme,250 000 €,10,Long terme,0
Prévoir la rénovation future des autres quais,"Mise à jour d’une procédure interne avec responsables nommés, seuils d’alerte et test sur un site pilote. Les décisions sont plus rapides lorsque les tempêtes menacent la continuité des activités.",Tempêtes,Organisationnelles,CAPEX majoritaire > long terme,250 000 €,10,Long terme,0
Créer des ombres autour des bâtiments du théâtre,"Rénovation d’un bâtiment prioritaire avec isolation renforcée, protections solaires, ventilation nocturne et vérification des seuils d’inondation au rez-de-chaussée. Les occupants restent protégés et les activités essentielles peuvent continuer pendant les épisodes climatiques extrêmes.",Chaleur extrême; Vague de chaleur; Vague de gel,Technique,CAPEX majoritaire > long terme,250 000 €,10,Long terme,0
Utiliser une zone périphérique tampon autour de la salle,"Équipement d’un bâtiment prioritaire avec protections physiques, capteurs de suivi et procédure de maintenance renforcée. Les usages essentiels sont mieux protégés lorsque les fortes chaleurs perturbent le site.",Chaleur extrême; Vague de chaleur,Technique,CAPEX majoritaire > long terme,250 000 €,10,Long terme,0
Exploiter une nappe d’accompagnement de cours d’eau,"Équipement d’un bâtiment prioritaire avec protections physiques, capteurs de suivi et procédure de maintenance renforcée. Les usages essentiels sont mieux protégés lorsque les fortes chaleurs perturbent le site.",Chaleur extrême; Modif T° air,Technique,CAPEX majoritaire > long terme,250 000 €,10,Long terme,0
Mettre en place une ventilation naturelle nocturne,"Installation d’ouvrants sécurisés, de brasseurs d’air et de protections solaires extérieures dans les salles les plus exposées. Les locaux restent utilisables plus longtemps pendant les pics de chaleur, avec moins de dépendance à la climatisation.",Chaleur extrême; Vague de chaleur,Technique,OPEX majoritaire > énergie,50 000 €,2,Moyen terme,8
Récupérer les frigories produites par la pompe à chaleur,"Équipement d’un bâtiment prioritaire avec protections physiques, capteurs de suivi et procédure de maintenance renforcée. Les usages essentiels sont mieux protégés lorsque les fortes chaleurs perturbent le site.",Chaleur extrême; Vague de chaleur,Technique,OPEX majoritaire > énergie,250 000 €,10,Long terme,0
Planter un environnement végétal méditerranéen,"Aménagement d’un espace pilote avec végétation locale, sol perméable et suivi de l’eau disponible. Le site gagne en fraîcheur, absorbe mieux les pluies et devient plus résistant face aux fortes chaleurs.",Chaleur extrême; Vague de chaleur,Solutions fondées sur la nature,CAPEX majoritaire > court terme,250 000 €,10,Court terme,6
Capitaliser les retours d’expérience d’adaptation,"Tableau de bord mensuel avec jours de fermeture liés à la chaleur, dégâts après pluie intense, incidents fournisseurs et coûts de maintenance climatique. Les tendances repérées déclenchent des ajustements rapides avant que les fragilités ne s’aggravent.",Fortes pluies; Stress Hydrique; Chaleur extrême; Tempêtes; Modif T° air,Organisationnelles,OPEX majoritaire > main d’œuvre,15 000 €,1,Moyen terme,0
Structurer les actions par familles d’enjeux climatiques,"Mise à jour d’une procédure interne avec responsables nommés, seuils d’alerte et test sur un site pilote. Les décisions sont plus rapides lorsque les fortes chaleurs menacent la continuité des activités.",Fortes pluies; Stress Hydrique; Chaleur extrême; Tempêtes; Modif T° air,Organisationnelles,Section par défaut,15 000 €,1,Moyen terme,0
Installer des ombrières sur les aires de stationnement des rames,"Équipement d’un bâtiment prioritaire avec protections physiques, capteurs de suivi et procédure de maintenance renforcée. Les usages essentiels sont mieux protégés lorsque les fortes chaleurs perturbent le site.",Modif T° air; Chaleur extrême; Vague de chaleur,Technique,OPEX majoritaire > énergie,250 000 €,10,Long terme,0
Dimensionner l’ombrage dès la conception des ateliers-dépôts,"Plantation d’arbres d’ombrage, création de massifs végétalisés et choix d’essences capables de supporter le climat futur local. Les cheminements et façades exposés restent plus frais, ce qui réduit l’inconfort pendant les fortes chaleurs.",Chaleur extrême; Vague de chaleur,Technique,CAPEX majoritaire > long terme,250 000 €,10,Long terme,0
Suivre les gains énergétiques du dispositif d’ombrage,"Plantation d’arbres d’ombrage, création de massifs végétalisés et choix d’essences capables de supporter le climat futur local. Les cheminements et façades exposés restent plus frais, ce qui réduit l’inconfort pendant les fortes chaleurs.",Chaleur extrême; Vague de chaleur; Modif T° air,Technique,OPEX majoritaire > main d’œuvre,25 000 €,1,Moyen terme,0
Déployer un réseau de pièges pondoirs,"Équipement d’un bâtiment prioritaire avec protections physiques, capteurs de suivi et procédure de maintenance renforcée. Les usages essentiels sont mieux protégés lorsque les fortes chaleurs perturbent le site.",Modif T° air,Technique,OPEX majoritaire > main d’œuvre,250 000 €,10,Long terme,0
Intervenir en démoustication lors d’une implantation avérée,"Équipement d’un bâtiment prioritaire avec protections physiques, capteurs de suivi et procédure de maintenance renforcée. Les usages essentiels sont mieux protégés lorsque les fortes chaleurs perturbent le site.",Modif T° air,Technique,OPEX majoritaire > main d’œuvre,25 000 €,1,Long terme,0
Traiter rapidement l’environnement des cas humains suspects,"Équipement d’un bâtiment prioritaire avec protections physiques, capteurs de suivi et procédure de maintenance renforcée. Les usages essentiels sont mieux protégés lorsque les fortes chaleurs perturbent le site.",Modif T° air,Technique,OPEX majoritaire > main d’œuvre,50 000 €,2,Moyen terme,0
Inscrire l’action dans le plan anti-dissémination,"Mise à jour d’une procédure interne avec responsables nommés, seuils d’alerte et test sur un site pilote. Les décisions sont plus rapides lorsque les fortes chaleurs menacent la continuité des activités.",Modif T° air,Organisationnelles,Section par défaut,30 000 €,1,Moyen terme,0
Rafraîchir l’air neuf par batterie à détente directe,"Équipement d’un bâtiment prioritaire avec protections physiques, capteurs de suivi et procédure de maintenance renforcée. Les usages essentiels sont mieux protégés lorsque les fortes chaleurs perturbent le site.",Chaleur extrême; Vague de chaleur,Technique,CAPEX majoritaire > court terme,50 000 €,2,Court terme,0
Déployer un volet développement durable dans les rénovations,"Mise à jour d’une procédure interne avec responsables nommés, seuils d’alerte et test sur un site pilote. Les décisions sont plus rapides lorsque les fortes chaleurs menacent la continuité des activités.",Modif T° air; Chaleur extrême,Organisationnelles,Section par défaut,250 000 €,10,Long terme,0
Suivre les performances de confort et d’énergie après travaux,"Équipement d’un bâtiment prioritaire avec protections physiques, capteurs de suivi et procédure de maintenance renforcée. Les usages essentiels sont mieux protégés lorsque les fortes chaleurs perturbent le site.",Chaleur extrême; Vague de chaleur; Vague de gel; Modif T° air,Technique,OPEX majoritaire > énergie,250 000 €,10,Long terme,0
Comparer les stratégies d’adaptation du littoral,"Inscription d’un point adaptation climatique à chaque comité stratégique, avec arbitrage budgétaire et suivi des obligations réglementaires. Les décisions d’investissement tiennent compte des conditions climatiques futures plutôt que du climat passé.",Tempêtes,Organisationnelles,Section par défaut,30 000 €,1,Long terme,10
Concerter collectivités et acteurs agricoles sur le diagnostic territorial,"Actualisation annuelle d’une cartographie des sites exposés, en intégrant les dernières projections climatiques et les incidents déjà observés. Les bâtiments, fournisseurs et équipements les plus vulnérables sont priorisés avant les prochaines fortes chaleurs ou inondations.",Tempêtes; Modif T° air; Stress Hydrique,Organisationnelles,OPEX majoritaire > main d’œuvre,30 000 €,1,Moyen terme,7
Créer des espaces récréatifs perméables et végétalisés,"Aménagement d’un espace pilote avec végétation locale, sol perméable et suivi de l’eau disponible. Le site gagne en fraîcheur, absorbe mieux les pluies et devient plus résistant face aux fortes chaleurs.",Fortes pluies; Inondation pluie; Chaleur extrême; Tempêtes; Inondation fluviale,Solutions fondées sur la nature,CAPEX majoritaire > long terme,250 000 €,10,Long terme,6
Connecter les berges à un itinéraire de mobilité douce,"Équipement d’un bâtiment prioritaire avec protections physiques, capteurs de suivi et procédure de maintenance renforcée. Les usages essentiels sont mieux protégés lorsque les fortes chaleurs perturbent le site.",Fortes pluies; Inondation pluie; Modif T° air,Technique,CAPEX majoritaire > long terme,250 000 €,10,Long terme,0
Mettre en place un entretien compatible avec les aménagements doux,"Aménagement d’un espace pilote avec végétation locale, sol perméable et suivi de l’eau disponible. Le site gagne en fraîcheur, absorbe mieux les pluies et devient plus résistant face aux fortes pluies et inondations.",Fortes pluies; Inondation pluie,Solutions fondées sur la nature,OPEX majoritaire > main d’œuvre,25 000 €,1,Long terme,6
Organiser des sessions collectives de semis et plantation,"Aménagement d’un espace pilote avec végétation locale, sol perméable et suivi de l’eau disponible. Le site gagne en fraîcheur, absorbe mieux les pluies et devient plus résistant face aux fortes chaleurs.",Chaleur extrême; Vague de chaleur,Solutions fondées sur la nature,Capital humain,25 000 €,1,Long terme,6
Installer des supports et micro-espaces à planter,"Aménagement d’un espace pilote avec végétation locale, sol perméable et suivi de l’eau disponible. Le site gagne en fraîcheur, absorbe mieux les pluies et devient plus résistant face aux fortes chaleurs.",Chaleur extrême; Vague de chaleur,Solutions fondées sur la nature,CAPEX majoritaire > court terme,250 000 €,10,Court terme,6
Créer des fresques végétales sur les murs,"Aménagement d’un espace pilote avec végétation locale, sol perméable et suivi de l’eau disponible. Le site gagne en fraîcheur, absorbe mieux les pluies et devient plus résistant face aux fortes chaleurs.",Chaleur extrême; Vague de chaleur,Solutions fondées sur la nature,CAPEX majoritaire > court terme,80 000 €,3,Court terme,6
Capitaliser l’expérimentation de design urbain,"Mise à jour d’une procédure interne avec responsables nommés, seuils d’alerte et test sur un site pilote. Les décisions sont plus rapides lorsque les fortes chaleurs menacent la continuité des activités.",Chaleur extrême; Vague de chaleur,Organisationnelles,Section par défaut,250 000 €,10,Moyen terme,0
Ne pas obstruer les brèches de la digue initiale,"Aménagement d’un espace pilote avec végétation locale, sol perméable et suivi de l’eau disponible. Le site gagne en fraîcheur, absorbe mieux les pluies et devient plus résistant face aux fortes pluies et inondations.",Tempêtes; Inondation fluviale,Solutions fondées sur la nature,Section par défaut,250 000 €,10,Long terme,6
Mettre en place un plan de gestion du site,"Mise à jour d’une procédure interne avec responsables nommés, seuils d’alerte et test sur un site pilote. Les décisions sont plus rapides lorsque les fortes pluies et inondations menacent la continuité des activités.",Tempêtes; Inondation fluviale,Organisationnelles,OPEX majoritaire > main d’œuvre,50 000 €,2,Long terme,0
Utiliser le polder comme espace tampon littoral,"Aménagement d’un espace pilote avec végétation locale, sol perméable et suivi de l’eau disponible. Le site gagne en fraîcheur, absorbe mieux les pluies et devient plus résistant face aux fortes pluies et inondations.",Tempêtes; Inondation fluviale,Solutions fondées sur la nature,CAPEX majoritaire > long terme,250 000 €,10,Long terme,6
Tenir un registre volontaire des personnes fragiles et isolées,"Mise à jour d’une procédure interne avec responsables nommés, seuils d’alerte et test sur un site pilote. Les décisions sont plus rapides lorsque les fortes chaleurs menacent la continuité des activités.",Chaleur extrême; Vague de chaleur,Organisationnelles,OPEX majoritaire > main d’œuvre,15 000 €,1,Moyen terme,0
Former les bénévoles aux procédures d’intervention canicule,"Formation courte des équipes exposées, avec consignes opérationnelles et exercice pratique sur site. Les personnes savent adapter leurs horaires, leurs déplacements et leurs gestes lors des fortes chaleurs.",Chaleur extrême; Vague de chaleur,Humaines,Capital humain,25 000 €,1,Long terme,10
Réaliser des visites à domicile pendant les canicules,"Formation courte des équipes exposées, avec consignes opérationnelles et exercice pratique sur site. Les personnes savent adapter leurs horaires, leurs déplacements et leurs gestes lors des fortes chaleurs.",Chaleur extrême; Vague de chaleur,Humaines,OPEX majoritaire > main d’œuvre,25 000 €,1,Long terme,0
Utiliser un logiciel de planification et de traçabilité,"Mise à jour d’une procédure interne avec responsables nommés, seuils d’alerte et test sur un site pilote. Les décisions sont plus rapides lorsque les fortes chaleurs menacent la continuité des activités.",Chaleur extrême; Vague de chaleur,Organisationnelles,CAPEX majoritaire > court terme,50 000 €,2,Court terme,0
Mener une campagne annuelle de communication canicule,"Session annuelle pour les équipes, agents d’accueil et responsables de site, avec consignes canicule, conduite à tenir en cas d’inondation et exercices pratiques. Les personnes concernées reconnaissent les signaux d’alerte et réagissent plus vite.",Chaleur extrême; Vague de chaleur,Humaines,Capital humain,25 000 €,1,Long terme,0
Optimiser les services d’eau et d’assainissement,"Équipement d’un bâtiment prioritaire avec protections physiques, capteurs de suivi et procédure de maintenance renforcée. Les usages essentiels sont mieux protégés lorsque les sécheresse perturbent le site.",Stress Hydrique,Technique,OPEX majoritaire > eau,50 000 €,2,Moyen terme,0
Améliorer les connaissances territoriales sur les ressources,"Mise à jour d’une procédure interne avec responsables nommés, seuils d’alerte et test sur un site pilote. Les décisions sont plus rapides lorsque les sécheresse menacent la continuité des activités.",Stress Hydrique,Organisationnelles,CAPEX majoritaire > court terme,50 000 €,2,Court terme,0
Supprimer les points durs du littoral,"Aménagement d’un espace pilote avec végétation locale, sol perméable et suivi de l’eau disponible. Le site gagne en fraîcheur, absorbe mieux les pluies et devient plus résistant face aux tempêtes.",Tempêtes,Solutions fondées sur la nature,CAPEX majoritaire > long terme,250 000 €,10,Long terme,6
Élargir la plage par apports de sable,"Aménagement d’un espace pilote avec végétation locale, sol perméable et suivi de l’eau disponible. Le site gagne en fraîcheur, absorbe mieux les pluies et devient plus résistant face aux tempêtes.",Tempêtes,Solutions fondées sur la nature,CAPEX majoritaire > court terme,80 000 €,3,Court terme,6
Aider l’installation et la diversification des exploitations agricoles,"Mise à jour d’une procédure interne avec responsables nommés, seuils d’alerte et test sur un site pilote. Les décisions sont plus rapides lorsque les fortes chaleurs menacent la continuité des activités.",Modif T° air; Stress Hydrique,Organisationnelles,Section par défaut,15 000 €,1,Moyen terme,0
Améliorer le lien ville-agriculture,"Formation courte des équipes exposées, avec consignes opérationnelles et exercice pratique sur site. Les personnes savent adapter leurs horaires, leurs déplacements et leurs gestes lors des fortes chaleurs.",Modif T° air,Humaines,Capital humain,30 000 €,1,Court terme,0
Organiser un colloque au champ sur les innovations d’irrigation,"Lancement d’un programme pilote sur matériaux frais, sobriété hydrique et suivi des îlots de chaleur sur le campus. Les résultats orientent les futurs travaux et réduisent l’exposition des bâtiments et usagers aux aléas climatiques.",Stress Hydrique,Humaines,Capital humain,50 000 €,2,Moyen terme,0
Suivre scientifiquement les liens tourbières-climat,"Équipement d’un bâtiment prioritaire avec protections physiques, capteurs de suivi et procédure de maintenance renforcée. Les usages essentiels sont mieux protégés lorsque les fortes chaleurs perturbent le site.",Stress Hydrique; Modif T° air,Technique,OPEX majoritaire > main d’œuvre,250 000 €,10,Long terme,0
Conventionner les interventions sur terrains privés,"Mise à jour d’une procédure interne avec responsables nommés, seuils d’alerte et test sur un site pilote. Les décisions sont plus rapides lorsque les sécheresse menacent la continuité des activités.",Stress Hydrique,Organisationnelles,OPEX majoritaire > main d’œuvre,15 000 €,1,Moyen terme,0
Réaliser des tests poussés sur les sols karstiques,"Équipement d’un bâtiment prioritaire avec protections physiques, capteurs de suivi et procédure de maintenance renforcée. Les usages essentiels sont mieux protégés lorsque les fortes pluies et inondations perturbent le site.",Stress Hydrique; Fortes pluies; Inondation nappe; Inondation pluie,Technique,OPEX majoritaire > main d’œuvre,50 000 €,2,Long terme,0
Organiser les réunions publiques et visites de chantier,"Formation courte des équipes exposées, avec consignes opérationnelles et exercice pratique sur site. Les personnes savent adapter leurs horaires, leurs déplacements et leurs gestes lors des sécheresse.",Stress Hydrique,Humaines,Capital humain,15 000 €,1,Moyen terme,0
Concevoir un bâtiment compact sur pilotis avec enveloppe performante,"Rénovation d’un bâtiment prioritaire avec isolation renforcée, protections solaires, ventilation nocturne et vérification des seuils d’inondation au rez-de-chaussée. Les occupants restent protégés et les activités essentielles peuvent continuer pendant les épisodes climatiques extrêmes.",Chaleur extrême; Vague de chaleur,Technique,CAPEX majoritaire > long terme,250 000 €,10,Long terme,0
Former les entreprises et usagers au bon usage du bâtiment,"Rénovation d’un bâtiment prioritaire avec isolation renforcée, protections solaires, ventilation nocturne et vérification des seuils d’inondation au rez-de-chaussée. Les occupants restent protégés et les activités essentielles peuvent continuer pendant les épisodes climatiques extrêmes.",Modif T° air; Chaleur extrême; Vague de chaleur,Humaines,Capital humain,25 000 €,1,Long terme,10
Végétaliser la terrasse pour rafraîchir en été,"Aménagement d’un espace pilote avec végétation locale, sol perméable et suivi de l’eau disponible. Le site gagne en fraîcheur, absorbe mieux les pluies et devient plus résistant face aux fortes chaleurs.",Chaleur extrême; Vague de chaleur; Fortes pluies,Solutions fondées sur la nature,CAPEX majoritaire > long terme,250 000 €,10,Long terme,6
"Renforcer isolation, étanchéité à l’air et récupération de chaleur","Équipement d’un bâtiment prioritaire avec protections physiques, capteurs de suivi et procédure de maintenance renforcée. Les usages essentiels sont mieux protégés lorsque les fortes chaleurs perturbent le site.",Vague de gel; Modif T° air; Chaleur extrême; Vague de chaleur,Technique,CAPEX majoritaire > long terme,250 000 €,10,Long terme,0
Utiliser matériaux biosourcés et recyclables,"Équipement d’un bâtiment prioritaire avec protections physiques, capteurs de suivi et procédure de maintenance renforcée. Les usages essentiels sont mieux protégés lorsque les fortes chaleurs perturbent le site.",Modif T° air; Chaleur extrême,Technique,CAPEX majoritaire > long terme,250 000 €,10,Long terme,0
Préparer la ville aux sécheresses et à la raréfaction des ressources,"Mise à jour d’une procédure interne avec responsables nommés, seuils d’alerte et test sur un site pilote. Les décisions sont plus rapides lorsque les fortes chaleurs menacent la continuité des activités.",Chaleur extrême; Fortes pluies; Inondation fluviale; Stress Hydrique,Organisationnelles,OPEX majoritaire > main d’œuvre,50 000 €,2,Moyen terme,0
Co-construire une stratégie d’adaptation sur cinq ans,"Inscription d’un point adaptation climatique à chaque comité stratégique, avec arbitrage budgétaire et suivi des obligations réglementaires. Les décisions d’investissement tiennent compte des conditions climatiques futures plutôt que du climat passé.",Chaleur extrême; Fortes pluies; Stress Hydrique; Modif T° air,Organisationnelles,Capital humain,30 000 €,1,Moyen terme,10
Changer les représentations sur l’adaptation au climat futur,"Mise à jour d’une procédure interne avec responsables nommés, seuils d’alerte et test sur un site pilote. Les décisions sont plus rapides lorsque les fortes chaleurs menacent la continuité des activités.",Modif T° air; Chaleur extrême; Stress Hydrique; Fortes pluies,Organisationnelles,Capital humain,15 000 €,1,Moyen terme,0
Intégrer l’adaptation dans les opérations urbaines,"Mise à jour d’une procédure interne avec responsables nommés, seuils d’alerte et test sur un site pilote. Les décisions sont plus rapides lorsque les fortes chaleurs menacent la continuité des activités.",Chaleur extrême; Fortes pluies; Inondation pluie,Organisationnelles,Section par défaut,250 000 €,10,Long terme,0
Créer une marque territoriale de tourisme durable,"Mise à jour d’une procédure interne avec responsables nommés, seuils d’alerte et test sur un site pilote. Les décisions sont plus rapides lorsque les fortes chaleurs menacent la continuité des activités.",Modif T° air,Organisationnelles,Capital humain,15 000 €,1,Moyen terme,0
Infléchir les pratiques territoriales agricoles et forestières,"Formation courte des équipes exposées, avec consignes opérationnelles et exercice pratique sur site. Les personnes savent adapter leurs horaires, leurs déplacements et leurs gestes lors des fortes chaleurs.",Modif T° air; Stress Hydrique,Humaines,Capital humain,50 000 €,2,Court terme,0
Créer un grand parc urbain îlot de fraîcheur,"Aménagement d’un espace pilote avec végétation locale, sol perméable et suivi de l’eau disponible. Le site gagne en fraîcheur, absorbe mieux les pluies et devient plus résistant face aux fortes chaleurs.",Chaleur extrême; Vague de chaleur,Solutions fondées sur la nature,CAPEX majoritaire > long terme,250 000 €,10,Long terme,6
Adapter l’offre de produits aux nouvelles conditions climatiques,"Équipement d’un bâtiment prioritaire avec protections physiques, capteurs de suivi et procédure de maintenance renforcée. Les usages essentiels sont mieux protégés lorsque les fortes chaleurs perturbent le site.",Chaleur extrême; Fortes pluies; Modif T° air; Vague de chaleur; Vague de gel; Tempêtes,Technique,CAPEX majoritaire > long terme,250 000 €,10,Long terme,0
Concevoir un pôle d’échanges bioclimatique multimodal,"Équipement d’un bâtiment prioritaire avec protections physiques, capteurs de suivi et procédure de maintenance renforcée. Les usages essentiels sont mieux protégés lorsque les fortes chaleurs perturbent le site.",Chaleur extrême; Vague de chaleur; Vague de gel,Technique,CAPEX majoritaire > long terme,250 000 €,10,Long terme,0
Installer un dôme à double paroi ventilé,"Équipement d’un bâtiment prioritaire avec protections physiques, capteurs de suivi et procédure de maintenance renforcée. Les usages essentiels sont mieux protégés lorsque les fortes chaleurs perturbent le site.",Chaleur extrême; Vague de gel,Technique,CAPEX majoritaire > long terme,250 000 €,10,Long terme,0
Utiliser une paroi extérieure translucide en ETFE,"Équipement d’un bâtiment prioritaire avec protections physiques, capteurs de suivi et procédure de maintenance renforcée. Les usages essentiels sont mieux protégés lorsque les fortes chaleurs perturbent le site.",Chaleur extrême; Vague de gel,Technique,CAPEX majoritaire > long terme,250 000 €,10,Long terme,0
Mettre en place un puits canadien,"Équipement d’un bâtiment prioritaire avec protections physiques, capteurs de suivi et procédure de maintenance renforcée. Les usages essentiels sont mieux protégés lorsque les fortes chaleurs perturbent le site.",Chaleur extrême; Vague de chaleur; Vague de gel,Technique,CAPEX majoritaire > long terme,250 000 €,10,Long terme,0
Installer clapets et tirage thermique pour évacuer l’air chaud,"Équipement d’un bâtiment prioritaire avec protections physiques, capteurs de suivi et procédure de maintenance renforcée. Les usages essentiels sont mieux protégés lorsque les fortes chaleurs perturbent le site.",Chaleur extrême; Vague de chaleur,Technique,CAPEX majoritaire > court terme,50 000 €,2,Court terme,0
Modéliser thermiquement la gare avant construction,"Équipement d’un bâtiment prioritaire avec protections physiques, capteurs de suivi et procédure de maintenance renforcée. Les usages essentiels sont mieux protégés lorsque les fortes chaleurs perturbent le site.",Chaleur extrême; Vague de gel,Technique,OPEX majoritaire > main d’œuvre,250 000 €,10,Long terme,0
Modeler l’espace public pour contenir les pluies rares,"Équipement d’un bâtiment prioritaire avec protections physiques, capteurs de suivi et procédure de maintenance renforcée. Les usages essentiels sont mieux protégés lorsque les fortes pluies et inondations perturbent le site.",Fortes pluies; Inondation pluie,Technique,CAPEX majoritaire > long terme,250 000 €,10,Long terme,0
Filtrer les eaux par infiltration lente dans sable,"Création de noues, bassins d’infiltration et cuves de récupération au pied des bâtiments. Les pluies intenses sont absorbées progressivement, les abords restent praticables et une réserve d’eau peut servir à l’arrosage en période sèche.",Fortes pluies; Inondation pluie,Solutions fondées sur la nature,CAPEX majoritaire > long terme,250 000 €,10,Long terme,6
Intégrer le risque climatique aux outils de planification financière,"Tableau de bord mensuel avec jours de fermeture liés à la chaleur, dégâts après pluie intense, incidents fournisseurs et coûts de maintenance climatique. Les tendances repérées déclenchent des ajustements rapides avant que les fragilités ne s’aggravent.",Modif T° air; Fortes pluies; Stress Hydrique; Chaleur extrême; Tempêtes; Vague de chaleur; Vague de gel,Humaines,Capital humain,50 000 €,2,Moyen terme,7
Analyser l’influence de l’ENSO sur la production de cacao,"Actualisation annuelle d’une cartographie des sites exposés, en intégrant les dernières projections climatiques et les incidents déjà observés. Les bâtiments, fournisseurs et équipements les plus vulnérables sont priorisés avant les prochaines fortes chaleurs ou inondations.",Modif T° air; Stress Hydrique; Chaleur extrême; Vague de chaleur,Technique,OPEX majoritaire > main d’œuvre,50 000 €,2,Moyen terme,0
Étudier l’effet de l’harmattan sur les cacaoyers,"Équipement d’un bâtiment prioritaire avec protections physiques, capteurs de suivi et procédure de maintenance renforcée. Les usages essentiels sont mieux protégés lorsque les fortes chaleurs perturbent le site.",Stress Hydrique; Chaleur extrême; Modif T° air,Technique,OPEX majoritaire > main d’œuvre,50 000 €,2,Moyen terme,0
Maintenir une implantation locale auprès des producteurs,"Formation courte des équipes exposées, avec consignes opérationnelles et exercice pratique sur site. Les personnes savent adapter leurs horaires, leurs déplacements et leurs gestes lors des fortes chaleurs.",Stress Hydrique; Chaleur extrême; Modif T° air,Humaines,OPEX majoritaire > main d’œuvre,25 000 €,1,Long terme,0
Améliorer la prise de décision de l’équipe trading par l’information climatique,"Session annuelle pour les équipes, agents d’accueil et responsables de site, avec consignes canicule, conduite à tenir en cas d’inondation et exercices pratiques. Les personnes concernées reconnaissent les signaux d’alerte et réagissent plus vite.",Modif T° air; Stress Hydrique; Chaleur extrême,Organisationnelles,OPEX majoritaire > main d’œuvre,30 000 €,1,Court terme,10
Intégrer le risque climatique dans l’analyse de matérialité RSE,"Actualisation annuelle d’une cartographie des sites exposés, en intégrant les dernières projections climatiques et les incidents déjà observés. Les bâtiments, fournisseurs et équipements les plus vulnérables sont priorisés avant les prochaines fortes chaleurs ou inondations.",Modif T° air; Stress Hydrique; Chaleur extrême; Vague de chaleur; Vague de gel,Organisationnelles,OPEX majoritaire > main d’œuvre,30 000 €,1,Moyen terme,0
Évaluer financièrement les effets des saisons raccourcies,"Réservation d’un budget annuel pour les diagnostics, travaux prioritaires et réparations préventives. Les investissements sont déclenchés avant les dégâts majeurs liés aux fortes chaleurs, ce qui réduit les interruptions et les surcoûts.",Modif T° air; Vague de gel,Financières,OPEX majoritaire > main d’œuvre,30 000 €,1,Moyen terme,7
Diversifier géographiquement les approvisionnements,"Sélection de deux fournisseurs alternatifs pour les achats stratégiques, avec vérification de leurs plans de continuité et de l’exposition de leurs sites. Les ruptures d’approvisionnement diminuent lorsqu’une inondation ou une canicule bloque un fournisseur principal.",Stress Hydrique; Fortes pluies; Inondation pluie,Organisationnelles,OPEX majoritaire > main d’œuvre,15 000 €,1,Moyen terme,5
Analyser l’exposition des sites et de la logistique interne aux événements extrêmes,"Actualisation annuelle d’une cartographie des sites exposés, en intégrant les dernières projections climatiques et les incidents déjà observés. Les bâtiments, fournisseurs et équipements les plus vulnérables sont priorisés avant les prochaines fortes chaleurs ou inondations.",Fortes pluies; Inondation pluie; Vague de gel; Tempêtes,Technique,OPEX majoritaire > main d’œuvre,50 000 €,2,Moyen terme,0
Relocaliser un centre logistique exposé à l’inondation,"Déplacement des archives, serveurs et équipements coûteux hors des zones inondables, puis installation aux étages supérieurs avec accès sécurisé. Les pertes matérielles diminuent fortement en cas de crue ou de ruissellement intense.",Inondation fluviale; Inondation pluie; Inondation nappe,Technique,CAPEX majoritaire > long terme,250 000 €,10,Long terme,0
"Créer des indicateurs transversaux entre finance, achats et logistique","Tableau de bord mensuel avec jours de fermeture liés à la chaleur, dégâts après pluie intense, incidents fournisseurs et coûts de maintenance climatique. Les tendances repérées déclenchent des ajustements rapides avant que les fragilités ne s’aggravent.",Modif T° air; Stress Hydrique; Fortes pluies; Vague de chaleur; Vague de gel,Organisationnelles,OPEX majoritaire > main d’œuvre,50 000 €,2,Moyen terme,7
Développer une culture d’entreprise favorable à l’adaptation,"Formation courte des équipes exposées, avec consignes opérationnelles et exercice pratique sur site. Les personnes savent adapter leurs horaires, leurs déplacements et leurs gestes lors des fortes chaleurs.",Modif T° air; Stress Hydrique; Fortes pluies; Vague de chaleur,Humaines,Capital humain,15 000 €,1,Moyen terme,0
Réaliser un retour d’expérience après une inondation,"Mise à jour d’une procédure interne avec responsables nommés, seuils d’alerte et test sur un site pilote. Les décisions sont plus rapides lorsque les fortes pluies et inondations menacent la continuité des activités.",Inondation fluviale; Inondation pluie; Fortes pluies,Organisationnelles,OPEX majoritaire > main d’œuvre,15 000 €,1,Moyen terme,0
Mener une étude de vulnérabilité à l’inondation du réseau,"Actualisation annuelle d’une cartographie des sites exposés, en intégrant les dernières projections climatiques et les incidents déjà observés. Les bâtiments, fournisseurs et équipements les plus vulnérables sont priorisés avant les prochaines fortes chaleurs ou inondations.",Inondation fluviale; Inondation pluie; Inondation nappe; Fortes pluies,Technique,OPEX majoritaire > main d’œuvre,250 000 €,10,Long terme,0
Intégrer les risques naturels et climatiques dans l’analyse des réseaux,"Actualisation annuelle d’une cartographie des sites exposés, en intégrant les dernières projections climatiques et les incidents déjà observés. Les bâtiments, fournisseurs et équipements les plus vulnérables sont priorisés avant les prochaines fortes chaleurs ou inondations.",Fortes pluies; Inondation fluviale; Inondation pluie; RGA; Chaleur extrême; Tempêtes,Organisationnelles,OPEX majoritaire > main d’œuvre,250 000 €,10,Long terme,0
Intégrer les SIG dès la conception des ouvrages,"Équipement d’un bâtiment prioritaire avec protections physiques, capteurs de suivi et procédure de maintenance renforcée. Les usages essentiels sont mieux protégés lorsque les fortes chaleurs perturbent le site.",Inondation fluviale; Inondation pluie; RGA; Tempêtes; Chaleur extrême,Technique,CAPEX majoritaire > court terme,250 000 €,10,Court terme,0
Tester l’analyse de vulnérabilité climatique sur pilotes,"Actualisation annuelle d’une cartographie des sites exposés, en intégrant les dernières projections climatiques et les incidents déjà observés. Les bâtiments, fournisseurs et équipements les plus vulnérables sont priorisés avant les prochaines fortes chaleurs ou inondations.",RGA; Fortes pluies; Inondation pluie; Chaleur extrême; Tempêtes,Technique,OPEX majoritaire > main d’œuvre,50 000 €,2,Moyen terme,0
Développer une méthodologie de prise en compte du risque dans les cahiers des charges,"Mise à jour d’une procédure interne avec responsables nommés, seuils d’alerte et test sur un site pilote. Les décisions sont plus rapides lorsque les fortes chaleurs menacent la continuité des activités.",Fortes pluies; Inondation pluie; RGA; Chaleur extrême; Tempêtes; Vague de chaleur; Stress Hydrique,Organisationnelles,OPEX majoritaire > main d’œuvre,15 000 €,1,Moyen terme,7
Sauvegarder l’expérience des agents opérationnels,"Formation courte des équipes exposées, avec consignes opérationnelles et exercice pratique sur site. Les personnes savent adapter leurs horaires, leurs déplacements et leurs gestes lors des fortes chaleurs.",Fortes pluies; Inondation pluie; Tempêtes; Chaleur extrême,Humaines,Capital humain,50 000 €,2,Moyen terme,0
Développer une structure transverse d’expertise adaptation,"Mise à jour d’une procédure interne avec responsables nommés, seuils d’alerte et test sur un site pilote. Les décisions sont plus rapides lorsque les fortes chaleurs menacent la continuité des activités.",Fortes pluies; Inondation pluie; RGA; Chaleur extrême; Tempêtes,Organisationnelles,OPEX majoritaire > main d’œuvre,15 000 €,1,Moyen terme,0
Accompagner les porteurs de projets par des pairs de la filière,"Formation courte des équipes exposées, avec consignes opérationnelles et exercice pratique sur site. Les personnes savent adapter leurs horaires, leurs déplacements et leurs gestes lors des fortes chaleurs.",Chaleur extrême; Fortes pluies; RGA; Stress Hydrique,Humaines,OPEX majoritaire > main d’œuvre,15 000 €,1,Moyen terme,0
Utiliser une labellisation par niveaux pour massifier l’adaptation,"Mise à jour d’une procédure interne avec responsables nommés, seuils d’alerte et test sur un site pilote. Les décisions sont plus rapides lorsque les fortes chaleurs menacent la continuité des activités.",Modif T° air; Chaleur extrême; Fortes pluies; Stress Hydrique,Organisationnelles,Section par défaut,50 000 €,2,Moyen terme,0
Renforcer les compétences des professionnels du bâtiment,"Rénovation d’un bâtiment prioritaire avec isolation renforcée, protections solaires, ventilation nocturne et vérification des seuils d’inondation au rez-de-chaussée. Les occupants restent protégés et les activités essentielles peuvent continuer pendant les épisodes climatiques extrêmes.",Chaleur extrême; Vague de chaleur; Fortes pluies; RGA; Stress Hydrique,Humaines,Capital humain,25 000 €,1,Long terme,10
Essaimer les démarches de bâtiment durable adaptées localement,"Rénovation d’un bâtiment prioritaire avec isolation renforcée, protections solaires, ventilation nocturne et vérification des seuils d’inondation au rez-de-chaussée. Les occupants restent protégés et les activités essentielles peuvent continuer pendant les épisodes climatiques extrêmes.",Modif T° air; Chaleur extrême; Fortes pluies; Stress Hydrique,Organisationnelles,Section par défaut,250 000 €,10,Long terme,0
Dispositifs énergétiques de secours pour assurer la continuité des activités,"Installation d’un secours énergétique pour les équipements critiques, avec batteries, alimentation prioritaire et test semestriel. Les serveurs, laboratoires sensibles ou dispositifs de sécurité restent alimentés lors d’une coupure liée à une tempête ou une canicule.",Tempêtes; Fortes pluies; Inondation pluie; Vague de chaleur; Chaleur extrême,Technique,CAPEX majoritaire > long terme,250 000 €,10,Long terme,2
Développer l'autoconsommation énergétique du campus et réduire la dépendance au réseau électrique,"Rénovation d’un bâtiment prioritaire avec isolation renforcée, protections solaires, ventilation nocturne et vérification des seuils d’inondation au rez-de-chaussée. Les occupants restent protégés et les activités essentielles peuvent continuer pendant les épisodes climatiques extrêmes.",Vague de chaleur; Chaleur extrême; Tempêtes; Risque sur l’approvisionnement énergétique,Technique,CAPEX majoritaire > long terme,250 000 €,10,Long terme,5
Installation d'un système de climatisation généralisée,"Équipement de tous les bureaux en climatiseurs individuels, sans priorisation ni sobriété d’usage. Le confort immédiat augmente pendant les canicules, mais les consommations électriques et les rejets de chaleur renforcent la vulnérabilité du site.",Vague de chaleur; Chaleur extrême; Modif T° air,Technique,CAPEX majoritaire > long terme,250 000 €,10,Long terme,9
Réduction de la dépendance aux énergies fossiles,"Installation d’un secours énergétique pour les équipements critiques, avec batteries, alimentation prioritaire et test semestriel. Les serveurs, laboratoires sensibles ou dispositifs de sécurité restent alimentés lors d’une coupure liée à une tempête ou une canicule.",Vague de chaleur; Chaleur extrême; Risque sur l’approvisionnement énergétique,Technique,CAPEX majoritaire > long terme,250 000 €,10,Long terme,5
Déplacements des activités vers des zones plus sûres,"Déplacement des archives, serveurs et équipements coûteux hors des zones inondables, puis installation aux étages supérieurs avec accès sécurisé. Les pertes matérielles diminuent fortement en cas de crue ou de ruissellement intense.",Inondation pluie; Inondation fluviale; Inondation nappe; Submersion; Retrait-gonflement des argiles,Technique,CAPEX majoritaire > long terme,250 000 €,10,Long terme,0
Amélioration de la résilience des bâtiments du campus,"Rénovation d’un bâtiment prioritaire avec isolation renforcée, protections solaires, ventilation nocturne et vérification des seuils d’inondation au rez-de-chaussée. Les occupants restent protégés et les activités essentielles peuvent continuer pendant les épisodes climatiques extrêmes.",Vague de chaleur; Chaleur extrême; Fortes pluies; Inondation pluie; Tempêtes; Retrait-gonflement des argiles,Technique,CAPEX majoritaire > long terme,250 000 €,10,Long terme,0
Raccordement des bâtiments au réseau de chaleur urbain,"Rénovation d’un bâtiment prioritaire avec isolation renforcée, protections solaires, ventilation nocturne et vérification des seuils d’inondation au rez-de-chaussée. Les occupants restent protégés et les activités essentielles peuvent continuer pendant les épisodes climatiques extrêmes.",Vague de chaleur; Chaleur extrême; Risque sur l’approvisionnement énergétique,Technique,CAPEX majoritaire > long terme,250 000 €,10,Long terme,5
Les principaux fournisseurs ont mis en œuvre des solutions techniques visant l'amélioration de la robustesse de leurs sites,"Sélection de deux fournisseurs alternatifs pour les achats stratégiques, avec vérification de leurs plans de continuité et de l’exposition de leurs sites. Les ruptures d’approvisionnement diminuent lorsqu’une inondation ou une canicule bloque un fournisseur principal.",Tous aléas climatiques; Fortes pluies; Inondation; Vague de chaleur; Tempêtes,Technique,CAPEX majoritaire > long terme,250 000 €,10,Long terme,5
Utilisation raisonnée de la climatisation avec priorisation des espaces critiques,"Climatisation réservée aux salles serveurs, infirmeries, laboratoires sensibles et espaces d’accueil des publics fragiles. Les consignes de température sont encadrées et les autres espaces utilisent d’abord l’ombrage, la ventilation nocturne et les brasseurs d’air.",Vague de chaleur; Chaleur extrême; Modif T° air,Technique,OPEX majoritaire > énergie,50 000 €,2,Moyen terme,8
Mise en place de dispositifs de secours et d'urgence en cas d'aléas,"Installation d’un secours énergétique pour les équipements critiques, avec batteries, alimentation prioritaire et test semestriel. Les serveurs, laboratoires sensibles ou dispositifs de sécurité restent alimentés lors d’une coupure liée à une tempête ou une canicule.",Tous aléas climatiques; Fortes pluies; Inondation; Vague de chaleur; Tempêtes,Technique,CAPEX majoritaire > court terme,50 000 €,2,Court terme,0
Diagnostic des risques climatiques régulièrement actualisé avec une prise en compte des mises à jour scientifiques,"Actualisation annuelle d’une cartographie des sites exposés, en intégrant les dernières projections climatiques et les incidents déjà observés. Les bâtiments, fournisseurs et équipements les plus vulnérables sont priorisés avant les prochaines fortes chaleurs ou inondations.",Tous aléas climatiques,Technique,OPEX majoritaire > main d’œuvre,30 000 €,1,Moyen terme,7
Evaluation régulière des équipements critiques pour s'assurer qu'ils sont dimensionnés aux conditions climatiques,"Installation d’un secours énergétique pour les équipements critiques, avec batteries, alimentation prioritaire et test semestriel. Les serveurs, laboratoires sensibles ou dispositifs de sécurité restent alimentés lors d’une coupure liée à une tempête ou une canicule.",Vague de chaleur; Chaleur extrême; Fortes pluies; Inondation; Tempêtes,Technique,OPEX majoritaire > main d’œuvre,30 000 €,1,Moyen terme,7
Végétalisation du bâtiment,"Plantation d’arbres d’ombrage, création de massifs végétalisés et choix d’essences capables de supporter le climat futur local. Les cheminements et façades exposés restent plus frais, ce qui réduit l’inconfort pendant les fortes chaleurs.",Vague de chaleur; Chaleur extrême; Fortes pluies; Inondation pluie; Stress Hydrique,Solutions fondées sur la nature,CAPEX majoritaire > long terme,250 000 €,10,Long terme,6
Création de nouveaux habitats naturels,"Conservation d’une zone refuge non tondue, plantation de haies locales et liaison entre deux espaces verts par un corridor écologique. Les espèces trouvent des abris et peuvent se déplacer malgré la chaleur, la sécheresse ou les travaux sur le site.",Vague de chaleur; Chaleur extrême; Fortes pluies; Stress Hydrique; Érosion de la biodiversité,Solutions fondées sur la nature,CAPEX majoritaire > long terme,250 000 €,10,Long terme,6
Renforcement de la trame végétale du campus,"Plantation d’arbres d’ombrage, création de massifs végétalisés et choix d’essences capables de supporter le climat futur local. Les cheminements et façades exposés restent plus frais, ce qui réduit l’inconfort pendant les fortes chaleurs.",Vague de chaleur; Chaleur extrême; Fortes pluies; Inondation pluie; Stress Hydrique,Solutions fondées sur la nature,CAPEX majoritaire > long terme,250 000 €,10,Long terme,6
Gestion intégrée des eaux pluviales,"Création de noues, bassins d’infiltration et cuves de récupération au pied des bâtiments. Les pluies intenses sont absorbées progressivement, les abords restent praticables et une réserve d’eau peut servir à l’arrosage en période sèche.",Fortes pluies; Inondation pluie; Inondation fluviale; Inondation nappe,Solutions fondées sur la nature,CAPEX majoritaire > long terme,250 000 €,10,Long terme,6
Création de corridors écologiques pour le déplacement des espèces,"Conservation d’une zone refuge non tondue, plantation de haies locales et liaison entre deux espaces verts par un corridor écologique. Les espèces trouvent des abris et peuvent se déplacer malgré la chaleur, la sécheresse ou les travaux sur le site.",Vague de chaleur; Chaleur extrême; Stress Hydrique; Érosion de la biodiversité,Solutions fondées sur la nature,CAPEX majoritaire > long terme,250 000 €,10,Long terme,6
Renaturation des circulations hydriques,"Création de noues, bassins d’infiltration et cuves de récupération au pied des bâtiments. Les pluies intenses sont absorbées progressivement, les abords restent praticables et une réserve d’eau peut servir à l’arrosage en période sèche.",Fortes pluies; Inondation pluie; Inondation fluviale; Stress Hydrique,Solutions fondées sur la nature,CAPEX majoritaire > long terme,250 000 €,10,Long terme,6
"Désimperméabilisation des parkings avec des parcelles ""éponge""","Transformation d’un parking bitumé en revêtement perméable, avec noues végétalisées et fosses de plantation. L’eau s’infiltre directement sur site, les réseaux débordent moins lors des pluies intenses et le sol restitue moins de chaleur en été.",Fortes pluies; Inondation pluie; Vague de chaleur; Chaleur extrême,Solutions fondées sur la nature,CAPEX majoritaire > long terme,250 000 €,10,Long terme,6
Création de points d'eau permanents,"Création de noues, bassins d’infiltration et cuves de récupération au pied des bâtiments. Les pluies intenses sont absorbées progressivement, les abords restent praticables et une réserve d’eau peut servir à l’arrosage en période sèche.",Vague de chaleur; Chaleur extrême; Stress Hydrique; Érosion de la biodiversité,Solutions fondées sur la nature,CAPEX majoritaire > long terme,250 000 €,10,Long terme,6
Choix d'essences végétales adaptées au futur climat local,"Plantation d’arbres d’ombrage, création de massifs végétalisés et choix d’essences capables de supporter le climat futur local. Les cheminements et façades exposés restent plus frais, ce qui réduit l’inconfort pendant les fortes chaleurs.",Vague de chaleur; Chaleur extrême; Stress Hydrique; Modif T° air,Solutions fondées sur la nature,OPEX majoritaire > main d’œuvre,30 000 €,1,Moyen terme,6
Restauration écologiques des sols dégradés,"Remplacement de l’entretien intensif par une gestion différenciée : fauche tardive, paillage, compost local et réduction des produits chimiques. Les sols retiennent mieux l’eau, la végétation résiste davantage aux sécheresses et la biodiversité augmente.",Fortes pluies; Inondation pluie; Stress Hydrique; Vague de chaleur,Solutions fondées sur la nature,CAPEX majoritaire > long terme,250 000 €,10,Long terme,6
Réduction des intrants chimiques dans la gestion,"Remplacement de l’entretien intensif par une gestion différenciée : fauche tardive, paillage, compost local et réduction des produits chimiques. Les sols retiennent mieux l’eau, la végétation résiste davantage aux sécheresses et la biodiversité augmente.",Stress Hydrique; Fortes pluies; Érosion de la biodiversité,Solutions fondées sur la nature,OPEX majoritaire > main d’œuvre,15 000 €,1,Moyen terme,6
Gestion différenciée et écologique des espaces verts,"Remplacement de l’entretien intensif par une gestion différenciée : fauche tardive, paillage, compost local et réduction des produits chimiques. Les sols retiennent mieux l’eau, la végétation résiste davantage aux sécheresses et la biodiversité augmente.",Vague de chaleur; Chaleur extrême; Stress Hydrique; Érosion de la biodiversité,Solutions fondées sur la nature,OPEX majoritaire > main d’œuvre,25 000 €,1,Long terme,6
Déploiement de solutions de ventilation naturelles dans les bâtiments,"Installation d’ouvrants sécurisés, de brasseurs d’air et de protections solaires extérieures dans les salles les plus exposées. Les locaux restent utilisables plus longtemps pendant les pics de chaleur, avec moins de dépendance à la climatisation.",Vague de chaleur; Chaleur extrême; Modif T° air,Solutions fondées sur la nature,CAPEX majoritaire > long terme,250 000 €,10,Long terme,8
Mise en place de protocoles d'urgence et de gestion de crfise climatique,"Installation d’un secours énergétique pour les équipements critiques, avec batteries, alimentation prioritaire et test semestriel. Les serveurs, laboratoires sensibles ou dispositifs de sécurité restent alimentés lors d’une coupure liée à une tempête ou une canicule.",Tous aléas climatiques; Vague de chaleur; Inondation; Tempêtes,Organisationnelles,OPEX majoritaire > main d’œuvre,15 000 €,1,Moyen terme,0
Diversification des fournisseurs stratégiques,"Sélection de deux fournisseurs alternatifs pour les achats stratégiques, avec vérification de leurs plans de continuité et de l’exposition de leurs sites. Les ruptures d’approvisionnement diminuent lorsqu’une inondation ou une canicule bloque un fournisseur principal.",Tous aléas climatiques; Risques sur la chaîne d’approvisionnement,Organisationnelles,OPEX majoritaire > main d’œuvre,15 000 €,1,Moyen terme,10
Engager un dialogue avec ses principaux fournisseurs sur la résilience de leurs sites,"Sélection de deux fournisseurs alternatifs pour les achats stratégiques, avec vérification de leurs plans de continuité et de l’exposition de leurs sites. Les ruptures d’approvisionnement diminuent lorsqu’une inondation ou une canicule bloque un fournisseur principal.",Tous aléas climatiques; Risques sur la chaîne d’approvisionnement,Organisationnelles,OPEX majoritaire > main d’œuvre,15 000 €,1,Moyen terme,5
Politique de maintenance des bâtiments intégrant les risques climatiques,"Rénovation d’un bâtiment prioritaire avec isolation renforcée, protections solaires, ventilation nocturne et vérification des seuils d’inondation au rez-de-chaussée. Les occupants restent protégés et les activités essentielles peuvent continuer pendant les épisodes climatiques extrêmes.",Vague de chaleur; Chaleur extrême; Fortes pluies; Inondation; Tempêtes,Organisationnelles,OPEX majoritaire > main d’œuvre,50 000 €,2,Long terme,1
Etablissement de règles de maintenance des équipements critique en prenant en compte les aléas,"Installation d’un secours énergétique pour les équipements critiques, avec batteries, alimentation prioritaire et test semestriel. Les serveurs, laboratoires sensibles ou dispositifs de sécurité restent alimentés lors d’une coupure liée à une tempête ou une canicule.",Tous aléas climatiques; Vague de chaleur; Inondation; Tempêtes,Organisationnelles,OPEX majoritaire > main d’œuvre,30 000 €,1,Moyen terme,1
Politique de gestion des conditions de travail des employés prenant en compte les risques climatiques,"Actualisation annuelle d’une cartographie des sites exposés, en intégrant les dernières projections climatiques et les incidents déjà observés. Les bâtiments, fournisseurs et équipements les plus vulnérables sont priorisés avant les prochaines fortes chaleurs ou inondations.",Vague de chaleur; Chaleur extrême; Tous aléas climatiques,Organisationnelles,Capital humain,25 000 €,1,Long terme,10
Analyse regulière et mise à jour des dépendances critiques et des risques climatiques associés,"Actualisation annuelle d’une cartographie des sites exposés, en intégrant les dernières projections climatiques et les incidents déjà observés. Les bâtiments, fournisseurs et équipements les plus vulnérables sont priorisés avant les prochaines fortes chaleurs ou inondations.",Tous aléas climatiques; Risques sur la chaîne d’approvisionnement,Organisationnelles,OPEX majoritaire > main d’œuvre,30 000 €,1,Moyen terme,5
Plan de continuité pédagogique / scientifique et administrative,"Scénario de crise testé avant l’été : bascule en télétravail, salles fraîches ouvertes, contact fournisseurs critiques et procédure de fermeture temporaire. Les équipes savent quoi faire lorsque chaleur, inondation ou tempête perturbent le fonctionnement normal.",Tous aléas climatiques; Inondation; Vague de chaleur; Tempêtes,Organisationnelles,OPEX majoritaire > main d’œuvre,50 000 €,2,Long terme,2
Dialogue avec les fournisseurs et distributeurs sur la résilience de l'approvisionnement face aux aléas,"Sélection de deux fournisseurs alternatifs pour les achats stratégiques, avec vérification de leurs plans de continuité et de l’exposition de leurs sites. Les ruptures d’approvisionnement diminuent lorsqu’une inondation ou une canicule bloque un fournisseur principal.",Tous aléas climatiques; Risques sur la chaîne d’approvisionnement,Organisationnelles,OPEX majoritaire > main d’œuvre,15 000 €,1,Moyen terme,5
Collaboration avec les acteurs de territoire sur les stratégies et méthodes,"Inscription d’un point adaptation climatique à chaque comité stratégique, avec arbitrage budgétaire et suivi des obligations réglementaires. Les décisions d’investissement tiennent compte des conditions climatiques futures plutôt que du climat passé.",Tous aléas climatiques,Organisationnelles,OPEX majoritaire > main d’œuvre,15 000 €,1,Moyen terme,10
Flexibiliser les pratiques d’organisation d'enseignement,"Adaptation des horaires pendant les canicules, bascule de certains cours ou réunions à distance et accès prioritaire aux espaces rafraîchis. Les salariés, prestataires et usagers restent protégés sans interrompre totalement les activités.",Vague de chaleur; Chaleur extrême; Inondation; Tempêtes,Organisationnelles,OPEX majoritaire > main d’œuvre,15 000 €,1,Moyen terme,0
Apprentissage à partir des retours d’expérience des entreprises du secteur,"Tableau de bord mensuel avec jours de fermeture liés à la chaleur, dégâts après pluie intense, incidents fournisseurs et coûts de maintenance climatique. Les tendances repérées déclenchent des ajustements rapides avant que les fragilités ne s’aggravent.",Tous aléas climatiques,Organisationnelles,Capital humain,15 000 €,1,Moyen terme,0
Mise en place d'indicateurs de suivi / d'outils et de méthodologies,"Tableau de bord mensuel avec jours de fermeture liés à la chaleur, dégâts après pluie intense, incidents fournisseurs et coûts de maintenance climatique. Les tendances repérées déclenchent des ajustements rapides avant que les fragilités ne s’aggravent.",Tous aléas climatiques,Organisationnelles,Section par défaut,50 000 €,2,Long terme,7
Priorisation des risques climatiques selon les horizons temporels,"Actualisation annuelle d’une cartographie des sites exposés, en intégrant les dernières projections climatiques et les incidents déjà observés. Les bâtiments, fournisseurs et équipements les plus vulnérables sont priorisés avant les prochaines fortes chaleurs ou inondations.",Tous aléas climatiques,Organisationnelles,OPEX majoritaire > main d’œuvre,30 000 €,1,Moyen terme,4
Alignement avec les normes et réglementation liées à l'adaptation climatique,"Inscription d’un point adaptation climatique à chaque comité stratégique, avec arbitrage budgétaire et suivi des obligations réglementaires. Les décisions d’investissement tiennent compte des conditions climatiques futures plutôt que du climat passé.",Tous aléas climatiques,Organisationnelles,OPEX majoritaire > main d’œuvre,30 000 €,1,Moyen terme,7
Alignement des investissements immobiliers et scientifiques avec les risques climatiques futurs,"Rénovation d’un bâtiment prioritaire avec isolation renforcée, protections solaires, ventilation nocturne et vérification des seuils d’inondation au rez-de-chaussée. Les occupants restent protégés et les activités essentielles peuvent continuer pendant les épisodes climatiques extrêmes.",Tous aléas climatiques; Vague de chaleur; Inondation; Tempêtes,Financières,CAPEX majoritaire > long terme,250 000 €,10,Long terme,4
Prise en comptes dans la gestion financière des surcoûts d'approvisionnement induits par des dommages sur les sites de ses principaux fournisseurs,"Sélection de deux fournisseurs alternatifs pour les achats stratégiques, avec vérification de leurs plans de continuité et de l’exposition de leurs sites. Les ruptures d’approvisionnement diminuent lorsqu’une inondation ou une canicule bloque un fournisseur principal.",Tous aléas climatiques; Risques sur la chaîne d’approvisionnement,Financières,Section par défaut,50 000 €,2,Long terme,5
Couverture assurantielle adaptée aux risques pesant sur les bâtiments / laboratoires et continuité d’activité,"Rénovation d’un bâtiment prioritaire avec isolation renforcée, protections solaires, ventilation nocturne et vérification des seuils d’inondation au rez-de-chaussée. Les occupants restent protégés et les activités essentielles peuvent continuer pendant les épisodes climatiques extrêmes.",Tous aléas climatiques; Inondation; Tempêtes; Vague de chaleur,Financières,Section par défaut,50 000 €,2,Long terme,7
Plan de financement dédié à la résilience des infrastructures,"Rénovation d’un bâtiment prioritaire avec isolation renforcée, protections solaires, ventilation nocturne et vérification des seuils d’inondation au rez-de-chaussée. Les occupants restent protégés et les activités essentielles peuvent continuer pendant les épisodes climatiques extrêmes.",Tous aléas climatiques,Financières,CAPEX majoritaire > long terme,250 000 €,10,Long terme,1
Mobilisation des financements publics,"Création d’une ligne budgétaire dédiée à l’adaptation, couvrant diagnostics, travaux prioritaires et entretien renforcé. Les dépenses sont planifiées avant les dommages, ce qui évite des réparations urgentes plus coûteuses après un aléa climatique.",Tous aléas climatiques,Financières,OPEX majoritaire > main d’œuvre,30 000 €,6,Moyen terme,0
Évaluation économique des besoins d’adaptation et des coûts de l’inaction,"Création d’une ligne budgétaire dédiée à l’adaptation, couvrant diagnostics, travaux prioritaires et entretien renforcé. Les dépenses sont planifiées avant les dommages, ce qui évite des réparations urgentes plus coûteuses après un aléa climatique.",Tous aléas climatiques,Financières,OPEX majoritaire > main d’œuvre,50 000 €,10,Moyen terme,7
Recherche de financements pour maintenir et soutenir les activités très exposées,"Création d’une ligne budgétaire dédiée à l’adaptation, couvrant diagnostics, travaux prioritaires et entretien renforcé. Les dépenses sont planifiées avant les dommages, ce qui évite des réparations urgentes plus coûteuses après un aléa climatique.",Tous aléas climatiques; Inondation; Vague de chaleur; Tempêtes,Financières,OPEX majoritaire > main d’œuvre,30 000 €,6,Moyen terme,0
Quantité pertinente et suffisante de ressources financières,"Création d’une ligne budgétaire dédiée à l’adaptation, couvrant diagnostics, travaux prioritaires et entretien renforcé. Les dépenses sont planifiées avant les dommages, ce qui évite des réparations urgentes plus coûteuses après un aléa climatique.",Tous aléas climatiques,Financières,Section par défaut,50 000 €,10,Long terme,0
Programmes de recherche et d’innovation alignés avec les enjeux d’adaptation,"Lancement d’un programme pilote sur matériaux frais, sobriété hydrique et suivi des îlots de chaleur sur le campus. Les résultats orientent les futurs travaux et réduisent l’exposition des bâtiments et usagers aux aléas climatiques.",Tous aléas climatiques,Financières,OPEX majoritaire > main d’œuvre,50 000 €,10,Long terme,0
Promotion des comportements individuels adaptés face aux fortes chaleurs,"Session annuelle pour les équipes, agents d’accueil et responsables de site, avec consignes canicule, conduite à tenir en cas d’inondation et exercices pratiques. Les personnes concernées reconnaissent les signaux d’alerte et réagissent plus vite.",Vague de chaleur; Chaleur extrême,Humaines,Capital humain,15 000 €,5,Court terme,10
Sensibilisation et formation de collaborateurs continue avec une mise à jour des informations,"Session annuelle pour les équipes, agents d’accueil et responsables de site, avec consignes canicule, conduite à tenir en cas d’inondation et exercices pratiques. Les personnes concernées reconnaissent les signaux d’alerte et réagissent plus vite.",Tous aléas climatiques; Vague de chaleur; Inondation; Tempêtes,Humaines,Capital humain,25 000 €,8,Long terme,10
Inscription de l’adaptation climatique dans les instances et agendas stratégiques,"Inscription d’un point adaptation climatique à chaque comité stratégique, avec arbitrage budgétaire et suivi des obligations réglementaires. Les décisions d’investissement tiennent compte des conditions climatiques futures plutôt que du climat passé.",Tous aléas climatiques,Humaines,OPEX majoritaire > main d’œuvre,15 000 €,5,Moyen terme,10
Montée en compétences des équipes en interne sur les enjeux avec recours à une expertise externe si besoin,"Session annuelle pour les équipes, agents d’accueil et responsables de site, avec consignes canicule, conduite à tenir en cas d’inondation et exercices pratiques. Les personnes concernées reconnaissent les signaux d’alerte et réagissent plus vite.",Tous aléas climatiques,Humaines,Capital humain,30 000 €,10,Court terme,10
Les personnes responsables de la mise en place et du suivi du plan d'adaptation ont été identifiées,"Tableau de bord mensuel avec jours de fermeture liés à la chaleur, dégâts après pluie intense, incidents fournisseurs et coûts de maintenance climatique. Les tendances repérées déclenchent des ajustements rapides avant que les fragilités ne s’aggravent.",Tous aléas climatiques,Humaines,OPEX majoritaire > main d’œuvre,15 000 €,6,Court terme,10
Communication aux usagers des bâtiments des risques et des conduites à tenir en cas d'aléa,"Rénovation d’un bâtiment prioritaire avec isolation renforcée, protections solaires, ventilation nocturne et vérification des seuils d’inondation au rez-de-chaussée. Les occupants restent protégés et les activités essentielles peuvent continuer pendant les épisodes climatiques extrêmes.",Tous aléas climatiques; Vague de chaleur; Inondation; Tempêtes,Humaines,Capital humain,15 000 €,6,Court terme,10
Renforcement des solidarités et des réseaux d’entraide,"Organisation d’un exercice commun avec la commune, les voisins, les services de secours et les gestionnaires de réseaux. Les informations, lieux refuges et moyens matériels sont partagés plus vite lors d’un épisode extrême.",Tous aléas climatiques; Vague de chaleur; Inondation; Tempêtes,Humaines,Capital humain,15 000 €,6,Moyen terme,3
Former aux dispositifs de secours mis en place et aux bons gestes du personnel et des usagers,"Installation d’un secours énergétique pour les équipements critiques, avec batteries, alimentation prioritaire et test semestriel. Les serveurs, laboratoires sensibles ou dispositifs de sécurité restent alimentés lors d’une coupure liée à une tempête ou une canicule.",Tous aléas climatiques; Vague de chaleur; Inondation; Tempêtes,Humaines,Capital humain,25 000 €,10,Court terme,10
Le pilotage sur l'adaptation se fait à haut niveau avec une direction formée et les questions d'adaptation sont dans l'agenda stratégique,"Inscription d’un point adaptation climatique à chaque comité stratégique, avec arbitrage budgétaire et suivi des obligations réglementaires. Les décisions d’investissement tiennent compte des conditions climatiques futures plutôt que du climat passé.",Tous aléas climatiques,Humaines,OPEX majoritaire > main d’œuvre,15 000 €,10,Moyen terme,10